course_id,title,image_url,장소들,카테고리,검색어,원본이미지
course-00000,태양커피 서울사당점 → 홍대걷고싶은거리 코스,/assets/naver-courses/daf9bb44a9e6f99a96486ac0.jpg,태양커피 서울사당점 → 홍대걷고싶은거리,"관광, 카페",태양커피 사당점,https://d2uja84sd90jmv.cloudfront.net/posts/SGs7SBy-vQV7s8eKQBC9Hw/m.jpg
course-00001,구씨네부엌 → 문화역서울284 코스,/assets/naver-courses/ff24e0025b43e2f583d4f18d.jpg,구씨네부엌 → 문화역서울284,"음식점, 전시",구씨네부엌,https://img1.daumcdn.net/thumb/R720x0.q80/?fname=https%3A%2F%2Ft1.daumcdn.net%2Fcfile%2Ftistory%2F99165D3359E0650714
course-00002,신도림이도식당 → 구씨네부엌 코스,/assets/naver-courses/7bc73f1ea46b6b6615e2ad76.jpg,신도림이도식당 → 구씨네부엌,음식점,신도림이도식당,https://ldb-phinf.pstatic.net/20230621_83/1687315808638shNz7_JPEG/1687315597600.jpg
course-00003,커넥트투 → 콘피 코스,/assets/naver-courses/80996bb8b73f9e52a74d0233.jpg,커넥트투 → 콘피,"전시, 카페",커넥트투,http://imgnews.naver.net/image/011/2024/12/21/0004430697_001_20241221063010585.JPG
course-00004,갓잇 문래점 → 홍대걷고싶은거리 코스,/assets/naver-courses/d9dbe0db3468f94258d987e6.jpg,갓잇 문래점 → 홍대걷고싶은거리,"관광, 음식점",갓잇 문래점,https://pup-post-phinf.pstatic.net/MjAyNTExMjhfMjQy/MDAxNzY0MjU5NDY0NTM4.daFmPX4EQw_eNEwC7-VNckVMIWdqwvLbfezWwhmnvNQg.17iq99D1sh0j3XRI3pjCxqMmu3Sl3ed5XWzT56dD-94g.JPEG/0A03F443-2A0F-4532-B75E-963FCD35CF1C.jpg
course-00005,구씨네부엌 → 신도림이도식당 코스,/assets/naver-courses/f6a365fd74c5c792e22a4bc1.jpg,구씨네부엌 → 신도림이도식당,음식점,구씨네부엌,https://pup-post-phinf.pstatic.net/MjAyNjA2MTNfMTIz/MDAxNzgxMzE1MjE1NDcz.7TB5hQ9mSm6xvuO6uWM8IN3D2amYa0tuXpZevJjGOUsg.CEhuEOiBq-QN-Lb_2XuXzG26gX4DKfGPxRYK7myDXi8g.JPEG/PostEncodingTask.D2FFDA97-88AD-4E73-80DD-EA7E4F17D088.jpg
course-00006,서울특별시청 하늘광장갤러리 → 베르시 코스,/assets/naver-courses/0e49d856a8742d5a4cff020d.jpg,서울특별시청 하늘광장갤러리 → 베르시,"전시, 카페",서울시청 하늘광장 갤러리,http://imgnews.naver.net/image/5324/2016/12/21/0000122598_001_20161221082332940.jpg
course-00007,신도림이도식당 → 잠실지하광장 쇼핑센터 코스,/assets/naver-courses/af30cce1472c2b4cf5e23183.jpg,신도림이도식당 → 잠실지하광장 쇼핑센터,"쇼핑, 음식점",신도림이도식당,https://s3-ap-northeast-1.amazonaws.com/dcreviewsresized/20200107105249626_photo_jXY9687b063W.jpg
course-00008,신도림이도식당 → 더세인트41 → 구로스마트라운지 코스,/assets/naver-courses/3dd92f19c999c7e5fc4a9b45.jpg,신도림이도식당 → 더세인트41 → 구로스마트라운지,"음식점, 전시, 카페",신도림이도식당,https://ldb-phinf.pstatic.net/20230621_213/1687315800631IxVFc_JPEG/1687315596091.jpg
course-00009,문화역서울284 → 일편등심 강남 코스,/assets/naver-courses/a46d38e2c608050321f499c8.jpg,문화역서울284 → 일편등심 강남,"음식점, 전시",문화역서울284,http://imgnews.naver.net/image/5821/2021/06/11/0000003297_001_20210611095822041.jpg
course-00010,문화역서울284 → 동대문디자인플라자 디자인전시관 코스,/assets/naver-courses/421ca55355c8e2e2548d4f36.jpg,문화역서울284 → 동대문디자인플라자 디자인전시관,전시,문화역서울284,http://imgnews.naver.net/image/298/2011/10/11/00_IMG_0331.JPG
course-00011,신도림이도식당 → 구캔갤러리 → 콘피 코스,/assets/naver-courses/7812ff0583b9553277c87e61.jpg,신도림이도식당 → 구캔갤러리 → 콘피,"음식점, 전시, 카페",신도림이도식당,https://ldb-phinf.pstatic.net/20250124_224/1737679256995EqdbX_JPEG/KakaoTalk_20250123_173333631_10.jpg
course-00012,그라운드시소 센트럴 → 엔지니어링역사관 코스,/assets/naver-courses/ab4a79e0bf60f52551f5745d.jpg,그라운드시소 센트럴 → 엔지니어링역사관,전시,그라운드시소 센트럴,https://search.pstatic.net/common/?autoRotate=true&quality=95&type=f&size=678x452&src=http%3A%2F%2Fblogfiles.naver.net%2FMjAyMzExMDRfMjU1%2FMDAxNjk5MDc1NzU3MjU4.YR2oSUDscexNJyduSwokK6b8BsveRlGNVElPgdmuqAwg.AMfpiCfyTtSKxiYm1lyA7oufVLGylGbk2ZN5rFbr4GUg.JPEG.katie85%2FIMG_5555.JPG%233840x2160
course-00013,로얄마카롱 → 롯데월드 어드벤처 코스,/assets/naver-courses/3d160ca491dcde2307aadef0.jpg,로얄마카롱 → 롯데월드 어드벤처,"관광, 카페",로얄마카롱,http://shop1.phinf.naver.net/20230807_16/16914115536061Y78z_JPEG/3190827388001886_419201307.jpg
course-00014,신도림이도식당 → 구로스마트라운지 → 도림천 코스,/assets/naver-courses/22efb92becffbb7f337ad717.jpg,신도림이도식당 → 구로스마트라운지 → 도림천,"관광, 음식점, 전시",신도림이도식당,https://ldb-phinf.pstatic.net/20231010_251/1696895969536CD1rY_JPEG/KakaoTalk_20231009_204759528.jpg
course-00015,일편등심 강남 → 신도림이도식당 코스,/assets/naver-courses/813ab17f5f83b86762cfddb1.jpg,일편등심 강남 → 신도림이도식당,음식점,일편등심 강남점,https://img.siksinhot.com/place/1687226862981041.jpg
course-00016,문화역서울284 → 남대문칼국수골목 → 가메골손왕만두 남대문본점 코스,/assets/naver-courses/fa7c6aaa2cddc3dc030ef1fd.jpg,문화역서울284 → 남대문칼국수골목 → 가메골손왕만두 남대문본점,"관광, 음식점, 전시",문화역서울284,https://korean.visitseoul.net/comm/getImage?srvcId=MEDIA&parentSn=72582&fileTy=MEDIA&fileNo=1
course-00017,구씨네부엌 → 노란돼지 코스,/assets/naver-courses/88a0957fa3874604232e47d5.jpg,구씨네부엌 → 노란돼지,음식점,구씨네부엌,https://img1.daumcdn.net/thumb/R800x0/?fname=https%3A%2F%2Ft1.daumcdn.net%2Fcfile%2Ftistory%2F9902423359E0650B16
course-00018,일편등심 강남 → 구씨네부엌 코스,/assets/naver-courses/2710ddc5fe7e6a0a562a2c1e.jpg,일편등심 강남 → 구씨네부엌,음식점,일편등심 강남점,https://ldb-phinf.pstatic.net/20210228_50/1614497615218vYzws_JPEG/%B3%BB%BA%CE1.jpg
course-00019,로얄마카롱 → 콘피 코스,/assets/naver-courses/6083e1e4df3276652487cb21.jpg,로얄마카롱 → 콘피,카페,로얄마카롱,https://d12zq4w4guyljn.cloudfront.net/750_750_20241209100934_photo2_7683bade675e.webp
course-00020,그라운드시소 센트럴 → 남대문칼국수골목 → 가메골손왕만두 남대문본점 코스,/assets/naver-courses/fc23655480abf8f548b9b4e1.jpg,그라운드시소 센트럴 → 남대문칼국수골목 → 가메골손왕만두 남대문본점,"관광, 음식점, 전시",그라운드시소 센트럴,https://search.pstatic.net/common/?autoRotate=true&quality=95&type=f&size=480x600&src=https%3A%2F%2Fpup-review-phinf.pstatic.net%2FMjAyMzExMDJfMjYw%2FMDAxNjk4ODg4NDcwNDc2.ih41z5OZzdorfn1Iiw2kpzDh4IGNffCMwN809kpYYBMg.nmdwoQfe0Ca0fh1lq9R68PW3UbymEdBbXd86MnHY4fkg.JPEG%2F4710CB26-B1EF-43CC-9729-D6EB5374E489.jpeg
course-00021,잠실지하광장 쇼핑센터 → 문화역서울284 코스,/assets/naver-courses/0d11654d99225c56c80e2fd1.jpg,잠실지하광장 쇼핑센터 → 문화역서울284,"쇼핑, 전시",잠실지하광장 쇼핑센터,https://www.sisul.or.kr/gha/atch/getImg.do?upKey=storeInside2&lnkgSn=2307311640&ordr=1
course-00022,문화역서울284 → 구씨네부엌 코스,/assets/naver-courses/5d230603b90220b70d42025a.jpg,문화역서울284 → 구씨네부엌,"음식점, 전시",문화역서울284,https://i.pinimg.com/originals/fa/a1/84/faa184fec17d36573133f3f9ba363dfe.jpg
course-00023,문화역서울284 → 아트팩토리체험공방 코스,/assets/naver-courses/46a105e50d4a11829d2bcec0.jpg,문화역서울284 → 아트팩토리체험공방,"전시, 체험",문화역서울284,http://imgnews.naver.net/image/001/2026/09/16/AKR20260916135400005_01_i_P4_20260916152826082.jpg
course-00024,일편등심 강남 → 썸띵어바웃커피 → 스머프매직포레스트 코스,/assets/naver-courses/9ca2128a20653749f883b481.jpg,일편등심 강남 → 썸띵어바웃커피 → 스머프매직포레스트,"관광, 음식점, 카페",일편등심 강남점,https://pup-post-phinf.pstatic.net/MjAyNjA1MjNfMjEg/MDAxNzc5NTM1ODg0NDI3.eJGjASN5zglcpfZzABg5HIsdaqo0mC4c5mClvxi7pm0g.hS5A9UUB_UsMP8_QuQFSlgfL2d-S_xSqBuXEdDJbMg4g.JPEG/POST_IMAGE_ENC_20260523_203000_024.jpg
course-00025,동대문디자인플라자 디자인전시관 → 잠실지하광장 쇼핑센터 코스,/assets/naver-courses/499d369076688c59e9171c03.jpg,동대문디자인플라자 디자인전시관 → 잠실지하광장 쇼핑센터,"쇼핑, 전시",DDP 디자인전시관,http://imgnews.naver.net/image/5551/2017/11/03/0000001576_029_20171103080344025.jpg
course-00026,노란돼지 → 문화역서울284 코스,/assets/naver-courses/3e5c18958e011666d1431643.jpg,노란돼지 → 문화역서울284,"음식점, 전시",노란돼지 사당,https://d12zq4w4guyljn.cloudfront.net/20250401015745_photo1_c40532783827.webp
course-00027,일편등심 강남 → 잠실지하광장 쇼핑센터 코스,/assets/naver-courses/e002ff9557f59599fe089ca3.jpg,일편등심 강남 → 잠실지하광장 쇼핑센터,"쇼핑, 음식점",일편등심 강남점,https://ldb-phinf.pstatic.net/20230323_17/16795748891375ts27_JPEG/8364170F-CEE2-4F03-B9DA-CFA3C58A8856.jpeg
course-00028,동대문디자인플라자 디자인전시관 → 노란돼지 코스,/assets/naver-courses/7696351ead7f5d6825a1344f.jpg,동대문디자인플라자 디자인전시관 → 노란돼지,"음식점, 전시",DDP 디자인전시관,http://imgnews.naver.net/image/5551/2017/11/03/0000001576_002_20171103080343478.jpg
course-00029,잠실지하광장 쇼핑센터 → 노란돼지 코스,/assets/naver-courses/26a1fb2c5c4e68c7ac41c929.jpg,잠실지하광장 쇼핑센터 → 노란돼지,"쇼핑, 음식점",잠실지하광장 쇼핑센터,https://www.sisul.or.kr/gha/atch/getImg.do?upKey=storeInside1&lnkgSn=2307311650&ordr=1
course-00030,아트팩토리체험공방 → 구씨네부엌 코스,,아트팩토리체험공방 → 구씨네부엌,"음식점, 체험",,
course-00031,신도림이도식당 → 문화역서울284 코스,/assets/naver-courses/b001f0f3eb93e8cae83ccaaf.jpg,신도림이도식당 → 문화역서울284,"음식점, 전시",신도림이도식당,https://naverbooking-phinf.pstatic.net/20251202_252/1764646946005B2tKG_JPEG/KakaoTalk_20251117_171319926_29.jpg
course-00032,신도림이도식당 → 노란돼지 코스,/assets/naver-courses/2c2af93bffb316a212a33ab3.jpg,신도림이도식당 → 노란돼지,음식점,신도림이도식당,https://ldb-phinf.pstatic.net/20240315_189/1710483026729Bou2U_JPEG/KakaoTalk_20240315_123831319.jpg
course-00033,신도림이도식당 → 더세인트41 → 도림천 코스,/assets/naver-courses/0e41c2d517262daa52f593cb.jpg,신도림이도식당 → 더세인트41 → 도림천,"관광, 음식점, 카페",신도림이도식당,https://ldb-phinf.pstatic.net/20171017_191/1508237659693KtHXK_JPEG/vARnEl0-G4vfPefN719C_yv5.jpg
course-00034,일편등심 강남 → 스머프매직포레스트 → 힉스커피 코스,/assets/naver-courses/bcea86d91f92868458dc0056.jpg,일편등심 강남 → 스머프매직포레스트 → 힉스커피,"관광, 음식점, 카페",일편등심 강남점,https://ldb-phinf.pstatic.net/20200328_64/1585390172039U5X7n_JPEG/EqBhTx-2gHrfiH8vliPL5fIN.jpeg.jpg
course-00035,커넥트투 → 조양관 코스,/assets/naver-courses/2a84082e8830c281c28ad669.jpg,커넥트투 → 조양관,"음식점, 전시",커넥트투,http://imgnews.naver.net/image/003/2014/10/20/NISI20141020_0010262853_web_99_20141020181111.jpg
course-00036,태양커피 서울사당점 → 롯데월드 어드벤처 코스,/assets/naver-courses/39b591d2a4c8bffd18ad8530.jpg,태양커피 서울사당점 → 롯데월드 어드벤처,"관광, 카페",태양커피 사당점,https://pup-post-phinf.pstatic.net/MjAyNjA0MTdfMzcg/MDAxNzc2MzU0NzA2NDQ5.2VYcp0mSbESHJ9l2DIqz80iDizQDqhcY2Pip6Q3Q2hog.fSc83F7WIW8OOI5SmcJ6rzE96iQ3MnHNs1w1OOWVPDYg.JPEG/POST_IMAGE_ENCODING_20260417_005145_672.jpg
course-00037,신도림이도식당 → 구캔갤러리 → 더세인트41 코스,/assets/naver-courses/6c282dd17ae61010b54c8066.jpg,신도림이도식당 → 구캔갤러리 → 더세인트41,"음식점, 전시, 카페",신도림이도식당,https://ldb-phinf.pstatic.net/20250330_122/1743314788374wMg3T_JPEG/1000012439.jpg
course-00038,정동전망대 → 잠실지하광장 쇼핑센터 코스,/assets/naver-courses/e8a02a8f9046471879ba0b11.jpg,정동전망대 → 잠실지하광장 쇼핑센터,"관광, 쇼핑",정동전망대,http://imgnews.naver.net/image/421/2024/11/03/0007884507_001_20241103153442530.jpg
course-00039,구씨네부엌 → 잠실지하광장 쇼핑센터 코스,/assets/naver-courses/0230ba176353f20cb37cc5d3.jpg,구씨네부엌 → 잠실지하광장 쇼핑센터,"쇼핑, 음식점",구씨네부엌,https://img.siksinhot.com/place/1578882097665747.jpg
course-00040,구씨네부엌 → 스페이스갤러리아 서울홍대 → 홍대걷고싶은거리 코스,/assets/naver-courses/4bcf5a043c36c43035490777.jpg,구씨네부엌 → 스페이스갤러리아 서울홍대 → 홍대걷고싶은거리,"관광, 음식점, 전시",구씨네부엌,https://pup-post-phinf.pstatic.net/MjAyNjAxMTVfMTM2/MDAxNzY4NDcyMjQ4MjAx.ldV3lnF4Hhax67bwupymhhFo-Flw5Aejt45lePN1bTYg.IN21i46gRKPB2FhXMI9OYqQL4CCC86ZTdY9PQi2Ucacg.JPEG/POST_IMAGE_ENCODING_20260115_191727_163.jpg
course-00041,아트팩토리체험공방 → 타이파 → 띵똥와플 본점 코스,,아트팩토리체험공방 → 타이파 → 띵똥와플 본점,"음식점, 체험, 카페",,
course-00042,일편등심 강남 → 문화역서울284 코스,/assets/naver-courses/d0faec16d97a47cf291d6544.jpg,일편등심 강남 → 문화역서울284,"음식점, 전시",일편등심 강남점,https://pup-post-phinf.pstatic.net/MjAyNjA1MjNfMjcg/MDAxNzc5NTM1ODgxMzk3.hvSQ5YTLzc4OAN2l1Iwt0H8h4wazbhku0JTsOwrNemcg.efhpc4pIxm2K9O3mzD-2cqPM1bEYslxSOYpuA6yoCHAg.JPEG/POST_IMAGE_ENC_20260523_202959_794.jpg
course-00043,문화역서울284 → 노란돼지 코스,/assets/naver-courses/693b1cd9d8977be0798d4134.jpg,문화역서울284 → 노란돼지,"음식점, 전시",문화역서울284,https://img1.kakaocdn.net/thumb/R1280x0.fjpg/?fname=http://t1.daumcdn.net/brunch/service/user/8Oo/image/Tf7PszWH1eE8eMPIPXrfWO5QQYM.jpg
course-00044,문화역서울284 → 이이네 → 쇼핑하는사람들 코스,/assets/naver-courses/a3382949d4aced92201eb4c5.jpg,문화역서울284 → 이이네 → 쇼핑하는사람들,"쇼핑, 음식점, 전시",문화역서울284,http://imgnews.naver.net/image/047/2019/10/08/0002242798_009_20191008172013006.jpg
course-00045,일편등심 강남 → 무신사 스토어 강남 → 썸띵어바웃커피 코스,/assets/naver-courses/5e4a3562dbe942db68f4e955.jpg,일편등심 강남 → 무신사 스토어 강남 → 썸띵어바웃커피,"쇼핑, 음식점, 카페",일편등심 강남점,https://ldb-phinf.pstatic.net/20191104_10/1572850999874LSPgP_JPEG/pwWi_-icJOpPZ-CfCibSeOnx.JPG.jpg
course-00046,노란돼지 → 신도림이도식당 코스,/assets/naver-courses/87b8ebf7f5c234911582d541.jpg,노란돼지 → 신도림이도식당,음식점,노란돼지 사당,https://pup-post-phinf.pstatic.net/MjAyNjA2MTNfMjc1/MDAxNzgxMzU1OTYwMTI4.U6aylIoh_NKyrPisUci9hKGmIFw3aPuDg0o_isow6WQg.lFTZcS-Qx90ReGBRSvNoTWUS4gmoRyI6hCLhHUvhafUg.JPEG/POST_IMAGE_ENC_20260613_220253_417.jpg
course-00047,일편등심 강남 → 서리풀푸드트럭존 → 이바인체험샵 코스,/assets/naver-courses/39eb750993a505bb668be673.jpg,일편등심 강남 → 서리풀푸드트럭존 → 이바인체험샵,"관광, 쇼핑, 음식점",일편등심 강남점,https://ldb-phinf.pstatic.net/20191104_135/1572850999592jN3zn_JPEG/pniWpCRO5gcD8j7Z5Ea7-UgG.JPG.jpg
course-00048,일편등심 강남 → 무신사 스토어 강남 → 가배도 신논현점 코스,/assets/naver-courses/92191d60eefaf95cf5635fd9.jpg,일편등심 강남 → 무신사 스토어 강남 → 가배도 신논현점,"쇼핑, 음식점, 카페",일편등심 강남점,https://ldb-phinf.pstatic.net/20200328_4/1585390143394iI5Ba_JPEG/JmYTdrM6xZH-p_A33ZglSeYV.jpeg.jpg
course-00049,브이스퀘어 → 구씨네부엌 코스,/assets/naver-courses/da58950eba3a60b5b10d3731.jpg,브이스퀘어 → 구씨네부엌,"음식점, 전시",브이스퀘어 건대,https://pup-post-phinf.pstatic.net/MjAyNTEyMDlfMzEg/MDAxNzY1MjU4ODcyODMy.wupL5M3VHjD0kGiHvIDvi_8r7VGV44lGa2bfnglY0HIg.YXF7JqcCAld3GjsMU5MLE6au2_Cb0NMUf94sqW8bnn4g.JPEG/POST_IMAGE_ENCODING_20251209_144110_412.jpg
course-00050,잠실지하광장 쇼핑센터 → 일편등심 강남 코스,/assets/naver-courses/e4c5c00955645c1bcc45ffea.jpg,잠실지하광장 쇼핑센터 → 일편등심 강남,"쇼핑, 음식점",잠실지하광장 쇼핑센터,https://www.sisul.or.kr/gha/atch/getImg.do?upKey=storeInside1&lnkgSn=2307311648&ordr=1
course-00051,문화역서울284 → 남대문갈치조림골목 → 희락갈치 코스,/assets/naver-courses/f03c7489ed7cbe840b088cb3.jpg,문화역서울284 → 남대문갈치조림골목 → 희락갈치,"관광, 음식점, 전시",문화역서울284,https://mediahub.seoul.go.kr/uploads/mediahub/2022/06/qmxfYIErGFZdpMabientAxvOwvuLUtHN.png?ver=1.0
course-00052,문화역서울284 → 신도림이도식당 코스,/assets/naver-courses/18832f096b02ab61de00ed6f.jpg,문화역서울284 → 신도림이도식당,"음식점, 전시",문화역서울284,http://imgnews.naver.net/image/5821/2021/04/26/0000002972_001_20210426151605833.jpg
course-00053,노란돼지 → 잠실지하광장 쇼핑센터 코스,/assets/naver-courses/7a0ebffa7545a8cb94ee52df.jpg,노란돼지 → 잠실지하광장 쇼핑센터,"쇼핑, 음식점",노란돼지 사당,https://d12zq4w4guyljn.cloudfront.net/20250401015745_photo2_c40532783827.webp
course-00054,그라운드시소 센트럴 → 남대문갈치조림골목 → 희락갈치 코스,/assets/naver-courses/b78e44b3c87d1980902d76d0.jpg,그라운드시소 센트럴 → 남대문갈치조림골목 → 희락갈치,"관광, 음식점, 전시",그라운드시소 센트럴,https://d2uja84sd90jmv.cloudfront.net/posts/J8kSj2OwF2gLNQfrvIIfBQ/ms.jpg?updated=-62167392000
course-00055,구씨네부엌 → 덕스(DUEX) → 홍대걷고싶은거리 코스,,구씨네부엌 → 덕스(DUEX) → 홍대걷고싶은거리,"관광, 음식점, 전시",,
course-00056,동대문디자인플라자 디자인전시관 → 브이스퀘어 코스,/assets/naver-courses/cdd5abe9174b8d1237d5c33b.jpg,동대문디자인플라자 디자인전시관 → 브이스퀘어,전시,DDP 디자인전시관,http://imgnews.naver.net/image/5551/2017/11/03/0000001576_001_20171103080342668.jpg
course-00057,문화역서울284 → 브이스퀘어 코스,/assets/naver-courses/d8979e10ec50c4ef87cba8cc.jpg,문화역서울284 → 브이스퀘어,전시,문화역서울284,http://imgnews.naver.net/image/5570/2019/03/20/0000000678_001_20190320181608492.jpg
course-00058,일편등심 강남 → 서리풀푸드트럭존 → 셀렉티드닉스 코스,/assets/naver-courses/16371362a04a8090490deb93.jpg,일편등심 강남 → 서리풀푸드트럭존 → 셀렉티드닉스,"관광, 음식점, 카페",일편등심 강남점,https://ldb-phinf.pstatic.net/20231011_279/1697008512725cWXd1_PNG/20231011_161138.png
course-00059,문화역서울284 → 잠실지하광장 쇼핑센터 코스,/assets/naver-courses/17012138c2b01a85fd5a9461.jpg,문화역서울284 → 잠실지하광장 쇼핑센터,"쇼핑, 전시",문화역서울284,https://img1.daumcdn.net/thumb/R720x0.q80/?fname=https%3A%2F%2Ft1.daumcdn.net%2Fcfile%2Ftistory%2F99BD49475BC967C03F
course-00060,구씨네부엌 → 덕스(DUEX) → 토로스쇼핑타워 코스,/assets/naver-courses/a5ac52d0a0e7053a27eee04b.jpg,구씨네부엌 → 덕스(DUEX) → 토로스쇼핑타워,"쇼핑, 음식점, 전시",구씨네부엌,https://image-logo.alba.kr/%2Fdata_image2%2Fcomlogo%2F202408%2F2024082308213994029_0_m.jpg
course-00061,아트팩토리체험공방 → 잠실지하광장 쇼핑센터 코스,,아트팩토리체험공방 → 잠실지하광장 쇼핑센터,"쇼핑, 체험",,
course-00062,신도림이도식당 → 동대문디자인플라자 디자인전시관 코스,/assets/naver-courses/619752546e9c42a4279dfa68.jpg,신도림이도식당 → 동대문디자인플라자 디자인전시관,"음식점, 전시",신도림이도식당,https://pup-post-phinf.pstatic.net/MjAyNjAyMDJfMTQ2/MDAxNzcwMDQwMjUxMDIw.i7FZLU38qQNwqoM2epiueu4vlX8OUsvblKHfuQmgZ3Ag.6T_gO08wiiDNDabKLDGbcUvDikU6pT6Rd0KMA8FXIR8g.JPEG/0BD71705-7E91-4087-8479-EFE31B51345C.jpg
course-00063,정동전망대 → 일편등심 강남 코스,/assets/naver-courses/d99491d520aadae1330624bb.jpg,정동전망대 → 일편등심 강남,"관광, 음식점",정동전망대,https://mediahub.seoul.go.kr/uploads/mediahub/2024/04/cOunTukDAaVnxgxevjxKeHJSaYaNETVg.jpg
course-00064,문화역서울284 → 쇼핑하는사람들 → 엘카페커피로스터스 코스,,문화역서울284 → 쇼핑하는사람들 → 엘카페커피로스터스,"쇼핑, 전시, 카페",,
course-00065,일편등심 강남 → 스머프매직포레스트 → 가배도 신논현점 코스,/assets/naver-courses/f66fe74175d2eceb058dff05.jpg,일편등심 강남 → 스머프매직포레스트 → 가배도 신논현점,"관광, 음식점, 카페",일편등심 강남점,https://ldb-phinf.pstatic.net/20260104_201/17675199573170xkeW_JPEG/_DSC6120-%C6%ED%C1%FD.jpg
course-00066,일편등심 강남 → 브이스퀘어 코스,/assets/naver-courses/4e6ca1b1471614d004cb638d.jpg,일편등심 강남 → 브이스퀘어,"음식점, 전시",일편등심 강남점,https://ldb-phinf.pstatic.net/20191104_128/1572851273855nV8H1_JPEG/5UihRbN8iGIPteRpjn38OubI.JPG.jpg
course-00067,구씨네부엌 → 스페이스갤러리아 서울홍대 → 토로스쇼핑타워 코스,/assets/naver-courses/e55b5e6a408c101dbe50373d.jpg,구씨네부엌 → 스페이스갤러리아 서울홍대 → 토로스쇼핑타워,"쇼핑, 음식점, 전시",구씨네부엌,https://pup-post-phinf.pstatic.net/MjAyNTExMDdfMTMy/MDAxNzYyNTE5MTc1OTMx.5FUzI1rLSJYCO1n_29QUifc-EwgC_NSVU_Hsgc5NYpYg.Ctku8Rx3wohW9MBqP0x7FisDRQ3LcbJJpsg5KFvoRPcg.JPEG/E94C6304-AAFB-4BA8-9924-F8CA585A756A.jpg
course-00068,만동제과 → 롯데월드 어드벤처 코스,/assets/naver-courses/7315ae02cc5317f816d92bbb.jpg,만동제과 → 롯데월드 어드벤처,"관광, 음식점",만동제과 연남점,https://pup-post-phinf.pstatic.net/MjAyNjA4MDhfMjIy/MDAxNzg2MTY3MjQ3MjUx.ix3Xi1clsLqXYzWogc4kESkR0CvGz50FUvxyUWIBMBAg.7GkO4e67OJ3Tgu-1yt9IkG57ABvCkP-WxWk21B5xtVMg.JPEG/PostEncodingTask.05A6E3C0-EB4D-4828-BD40-C950CC408D4A.jpg
course-00069,노란돼지 → 사당1동먹자골목상점가 → 스타벅스 사당역점 코스,/assets/naver-courses/bf16d49f8d4a5e2af646364f.jpg,노란돼지 → 사당1동먹자골목상점가 → 스타벅스 사당역점,"관광, 음식점, 카페",노란돼지 사당,https://pup-post-phinf.pstatic.net/MjAyNjA0MTJfMTQz/MDAxNzc1OTg4NzUzMzk2.wXnH4dA_H_mIua9XCgVihyz0TVhFyj2FweYP9K4WzYog.99xt9hVfFH7_Zo-zbxwTFRoY4OCglWMLQaCnE39b9Cog.JPEG/POST_IMAGE_ENCODING_20260412_191220_759.jpg
course-00070,건국대학교 일감호 → 롯데월드 어드벤처 코스,/assets/naver-courses/c0e7c64edf63a867a2625c46.jpg,건국대학교 일감호 → 롯데월드 어드벤처,관광,건국대학교 일감호,http://imgnews.naver.net/image/5415/2017/09/09/0000052812_001_20170909100228328.jpg
course-00071,태양커피 서울사당점 → 명인시골통닭 사당점 → 사당1동먹자골목상점가 코스,/assets/naver-courses/ce52b9a003b80b598845c8da.jpg,태양커피 서울사당점 → 명인시골통닭 사당점 → 사당1동먹자골목상점가,"관광, 음식점, 카페",태양커피 사당점,https://d2uja84sd90jmv.cloudfront.net/posts/ZMuOCWmmidhnfpYJ48rmaQ/ms.jpg?updated=-62167392000
course-00072,로얄마카롱 → 스머프매직포레스트 → 까사생갈비 코스,/assets/naver-courses/50d6bddd6c8cc68de9dfb8f0.jpg,로얄마카롱 → 스머프매직포레스트 → 까사생갈비,"관광, 음식점, 카페",로얄마카롱,http://imgnews.naver.net/image/5312/2021/06/10/0000189305_002_20210610234020210.jpg
course-00073,브이스퀘어 → 아트팩토리체험공방 코스,/assets/naver-courses/afdbb20f06add4b214abf32e.jpg,브이스퀘어 → 아트팩토리체험공방,"전시, 체험",브이스퀘어 건대,https://pup-post-phinf.pstatic.net/MjAyNTA4MTZfMjU1/MDAxNzU1MzQxNzc3NTU0.n96OM5mMdaVNpwWvXknEAdDyi6oFfKAG82t5q-D7Pzkg.Xn5GZPJsw4Wax4L7zokCc5kv3QgI_18jFO5wmJdHY5Ig.JPEG/389AC9A1-9E5A-40A2-BB8C-14AA2194AAD9.jpg
course-00074,구씨네부엌 → 홍대걷고싶은거리 → 토로스쇼핑타워 코스,/assets/naver-courses/a1f0c388748e47e8fc7b8b29.jpg,구씨네부엌 → 홍대걷고싶은거리 → 토로스쇼핑타워,"관광, 쇼핑, 음식점",구씨네부엌,https://d12zq4w4guyljn.cloudfront.net/750_750_20260705031059088_photo_eb97dacc9b0b.webp
course-00075,잠실지하광장 쇼핑센터 → 구씨네부엌 코스,,잠실지하광장 쇼핑센터 → 구씨네부엌,"쇼핑, 음식점",,
course-00076,로얄마카롱 → 베르시 코스,/assets/naver-courses/565df6314982b251e5ffcb88.jpg,로얄마카롱 → 베르시,카페,로얄마카롱,https://pup-post-phinf.pstatic.net/MjAyNjAxMDVfNDUg/MDAxNzY3NjE2OTk2NjI0.h8iwplfj7dmnBElCBmBYygAnBMO_0HWqKwQ2zTY2Efsg.dXmz_VRScOGoKHgfUetogaS7voD9_uJH_xwSlxOkJW8g.JPEG/POST_IMAGE_ENCODING_20260105_214316_119.jpg
course-00077,잠실지하광장 쇼핑센터 → 신도림이도식당 코스,,잠실지하광장 쇼핑센터 → 신도림이도식당,"쇼핑, 음식점",,
course-00078,구씨네부엌 → 스페이스갤러리아 서울홍대 → 모멘트커피 코스,/assets/naver-courses/4695f2a6b2e930e0eb9ae655.jpg,구씨네부엌 → 스페이스갤러리아 서울홍대 → 모멘트커피,"음식점, 전시, 카페",구씨네부엌,https://d2uja84sd90jmv.cloudfront.net/posts/JgkoNZgTjJ4M5WK8DzFpLQ/ms.jpg?updated=-62167392000
course-00079,문화역서울284 → 가메골손왕만두 남대문본점 → 남대문갈치조림골목 코스,/assets/naver-courses/be4c7a2c763836427f0e6d17.jpg,문화역서울284 → 가메골손왕만두 남대문본점 → 남대문갈치조림골목,"관광, 음식점, 전시",문화역서울284,https://i.namu.wiki/i/gngzwvQdPk0l3IvI5LS-vHhIGQWzFRSnHUWSpoyCt_UZVMsw8CQcFTd-wQpXUloo8Or2Z-YkHIAQj6OpfV88eg.webp
course-00080,잠실지하광장 쇼핑센터 → 에비뉴엘아트홀 → 서울스카이 코스,,잠실지하광장 쇼핑센터 → 에비뉴엘아트홀 → 서울스카이,"관광, 쇼핑, 전시",,
course-00081,만동제과 → 베르시 코스,/assets/naver-courses/9be1cb91e7ff7c3462ff3220.jpg,만동제과 → 베르시,"음식점, 카페",만동제과 연남점,https://d2uja84sd90jmv.cloudfront.net/posts/p5TitwT6_BZm9jPc-vAkeg/ms.jpg?updated=-62167392000
course-00082,잠실지하광장 쇼핑센터 → 서울스카이 → 롯데갤러리아트홀 코스,/assets/naver-courses/5152a6a20827771f4fdd6e6e.jpg,잠실지하광장 쇼핑센터 → 서울스카이 → 롯데갤러리아트홀,"관광, 쇼핑, 전시",잠실지하광장 쇼핑센터,https://www.sisul.or.kr/gha/atch/getImg.do?upKey=storeInside1&lnkgSn=2307311652&ordr=1
course-00083,문화역서울284 → 이이네 → 백범광장 코스,/assets/naver-courses/b66f1bec86c12e3e8ef92708.jpg,문화역서울284 → 이이네 → 백범광장,"관광, 음식점, 전시",문화역서울284,https://pup-post-phinf.pstatic.net/MjAyNjAzMjhfMTk2/MDAxNzc0NzA0MDY4MDg3.OO0MRtS2C0rhD0N0bbwP0fA5dz85Y9BxL_vOivEQwIcg.zzHAacjvCQs70sLmOJhBU-3i6UBsGsTHNyp_uLGncFAg.JPEG/POST_IMAGE_ENCODING_20260328_222104_568.jpg
course-00084,문화역서울284 → 숭례문 → 희락갈치 코스,/assets/naver-courses/cfbf56ba2a7750ba92e02bba.jpg,문화역서울284 → 숭례문 → 희락갈치,"관광, 음식점, 전시",문화역서울284,https://pup-post-phinf.pstatic.net/MjAyNTExMjdfNzQg/MDAxNzY0MjQ2NTg5OTU0.MB3IR__qJwTr9o0cpD6JRJq9wZ0Rv81dTdngOUyCJkMg.GPgbNLAMBXdmTLoRx7TD2Krf29DME-pdOv296YtufXgg.JPEG/8C1540EA-B9D1-4C56-A44A-902FD333396D.jpg
course-00085,정동전망대 → 덕수정 → 전광수커피하우스 정동점 코스,/assets/naver-courses/0c824d3e381791620191f290.jpg,정동전망대 → 덕수정 → 전광수커피하우스 정동점,"관광, 음식점, 카페",정동전망대,http://imgnews.naver.net/image/5613/2022/11/22/0000095391_005_20221122174403856.jpg
course-00086,구씨네부엌 → 아트팩토리체험공방 코스,/assets/naver-courses/0c1d23ef2192b300f5784f5a.jpg,구씨네부엌 → 아트팩토리체험공방,"음식점, 체험",구씨네부엌,https://ldb-phinf.pstatic.net/20171011_113/1507683887662D4Iyw_JPEG/LdAfxh9NjAO7AotO4X6ldZo5.jpg
course-00087,만동제과 → 성동 AI미래기술체험센터 코스,/assets/naver-courses/6bc6f51727c654c9042c7897.jpg,만동제과 → 성동 AI미래기술체험센터,"음식점, 체험",만동제과 연남점,https://pup-post-phinf.pstatic.net/MjAyNjA5MDlfMTQ5/MDAxNzg4OTMxNzU2MDQ1.rs4v42O-1THZTVBiJU2iYDrDrsLBkJDSSd6MahSqV_kg._nBWuK6hzx6pl0p3EBotug2raYY82moc8FqJUg2porMg.JPEG/PostEncodingTask.CB2903EB-062C-4476-9B47-0FF36A54B072.jpg
course-00089,일편등심 강남 → 무신사 스토어 강남 → 루프808 코스,,일편등심 강남 → 무신사 스토어 강남 → 루프808,"쇼핑, 음식점, 카페",,
course-00090,신도림이도식당 → 구캔갤러리 → 에스프리노블 코스,/assets/naver-courses/f977561f22e8c69a1b24a75f.jpg,신도림이도식당 → 구캔갤러리 → 에스프리노블,"음식점, 전시, 카페",신도림이도식당,https://pup-post-phinf.pstatic.net/MjAyNjA5MDFfMjk0/MDAxNzg4MjI1MTUxMjI0.F2slIiBqTmKFu9YiyBM-bUXB72jOGVErrU2oEZM0su4g.Zlqk4laLwXBuVWMb9eIdihHHYysjP2Y9WwoUpEF59X4g.JPEG/POST_IMAGE_ENC_20260901_101219_362.jpg
course-00091,그라운드시소 센트럴 → 홍대걷고싶은거리 코스,/assets/naver-courses/4e842b261d7227d7514da466.jpg,그라운드시소 센트럴 → 홍대걷고싶은거리,"관광, 전시",그라운드시소 센트럴,https://pup-post-phinf.pstatic.net/MjAyNjA1MjBfMjUx/MDAxNzc5Mjg4MjMyODg1.P-RTtjTPJ-YXFi5UxYUdx1vqnGMqnb6npqvcOdyM23gg.uevDJik7B61AKVbQrOMnt5eXkgDB0f6LPNoxoorpYRYg.JPEG/POST_IMAGE_ENCODING_20260520_234348_724.jpg
course-00092,구씨네부엌 → 일편등심 강남 코스,/assets/naver-courses/6628c03f26c52c9b70b352a7.jpg,구씨네부엌 → 일편등심 강남,음식점,구씨네부엌,https://fastly.4sqi.net/img/general/600x600/231237_SdCLmHJuEfTE6Nbl-NCaS3DPCEbG2y55aHMogUcrCAw.jpg
course-00093,갓잇 문래점 → 롯데월드 어드벤처 코스,/assets/naver-courses/57eb7cd6bfa046f9bc80a8b8.jpg,갓잇 문래점 → 롯데월드 어드벤처,"관광, 음식점",갓잇 문래점,https://pup-post-phinf.pstatic.net/MjAyNTExMjdfMjQy/MDAxNzY0MjUzODAzMDQx.GphmLmyA47_QecDhWWiotfXKmJFwzWnqT-Y_yHF-1ncg.jXOmTX8fN6Sv-mQSEDul2h8LdA6LhdydcrM2t7ldIwMg.JPEG/75F6BDB9-B79E-4B9C-BAFC-4470CE9370CC.jpg
course-00095,문화역서울284 → 남대문칼국수골목 → 희락갈치 코스,/assets/naver-courses/b20f86be55e175f0f4eeaf1a.jpg,문화역서울284 → 남대문칼국수골목 → 희락갈치,"관광, 음식점, 전시",문화역서울284,https://dynamic-media-cdn.tripadvisor.com/media/photo-o/2d/73/b4/3b/caption.jpg?w=1400&h=1400&s=1
course-00096,노란돼지 → 사당1동먹자골목상점가 → 파스텔시티 코스,/assets/naver-courses/5f3dc3fe17c5b9e1f1efe30b.jpg,노란돼지 → 사당1동먹자골목상점가 → 파스텔시티,"관광, 쇼핑, 음식점",노란돼지 사당,https://pup-post-phinf.pstatic.net/MjAyNjA0MTJfMjYy/MDAxNzc1OTg4NzU0Nzg0.DaawfZvXR2GDPqa1naMsezfDUocVcnHHd7V98gyQeQQg.33F5xa5iZMgPWyUKSa38yCPjQuSBLqRQYEgkSmAcsvUg.JPEG/POST_IMAGE_ENCODING_20260412_191220_982.jpg
course-00097,잠실지하광장 쇼핑센터 → 롯데월드 어드벤처 → 이머시브플랫폼딥 코스,/assets/naver-courses/977a54c1746eac74514642e0.jpg,잠실지하광장 쇼핑센터 → 롯데월드 어드벤처 → 이머시브플랫폼딥,"관광, 쇼핑, 전시",잠실지하광장 쇼핑센터,https://www.sisul.or.kr/gha/atch/getImg.do?upKey=storeExterior&lnkgSn=2307311641&ordr=1
course-00099,만동제과 → 버터앤쉘터 연남점 → 서울명예도로 끼리끼리5길 코스,/assets/naver-courses/3b9e69178cccd173e9cbee87.jpg,만동제과 → 버터앤쉘터 연남점 → 서울명예도로 끼리끼리5길,"관광, 음식점, 카페",만동제과 연남점,https://d2uja84sd90jmv.cloudfront.net/posts/8pyLcB6zdakidsmZBMaG9A/ms.jpg?updated=-62167392000
course-00100,커넥트투 → 베르시 코스,/assets/naver-courses/e8e7f648e61914a40de0be8a.jpg,커넥트투 → 베르시,"전시, 카페",커넥트투,http://imgnews.naver.net/image/469/2022/04/06/0000667932_002_20220406145101804.jpg
course-00101,구씨네부엌 → 정동전망대 코스,/assets/naver-courses/1906cad07d7d784814a7e29e.jpg,구씨네부엌 → 정동전망대,"관광, 음식점",구씨네부엌,https://img1.daumcdn.net/thumb/R720x0.q80/?fname=https%3A%2F%2Ft1.daumcdn.net%2Fcfile%2Ftistory%2F99A3CA3359E0650F08
course-00102,구씨네부엌 → 덕스(DUEX) → 모멘트커피 코스,/assets/naver-courses/b72e0f0cf4c2095cdbe156e5.jpg,구씨네부엌 → 덕스(DUEX) → 모멘트커피,"음식점, 전시, 카페",구씨네부엌,https://ldb-phinf.pstatic.net/20260908_257/1788837009364PVrq4_JPEG/KakaoTalk_20260907_163442010.jpg
course-00103,잠실지하광장 쇼핑센터 → 롯데갤러리아트홀 → 서울스카이 코스,/assets/naver-courses/34bd334812af39f0004ae0b2.jpg,잠실지하광장 쇼핑센터 → 롯데갤러리아트홀 → 서울스카이,"관광, 쇼핑, 전시",잠실지하광장 쇼핑센터,http://imgnews.naver.net/image/5839/2022/04/29/0000012986_001_20220429145804056.jpg
course-00104,노란돼지 → 스타벅스 사당점 → 파스텔시티 코스,/assets/naver-courses/5b87c45946302491c58f65cf.jpg,노란돼지 → 스타벅스 사당점 → 파스텔시티,"쇼핑, 음식점, 카페",노란돼지 사당,https://d12zq4w4guyljn.cloudfront.net/20250401015745_photo3_c40532783827.webp
course-00105,정동전망대 → 신도림이도식당 코스,/assets/naver-courses/adb15c0be0fc56051287ef77.jpg,정동전망대 → 신도림이도식당,"관광, 음식점",정동전망대,http://imgnews.naver.net/image/003/2024/03/31/NISI20240329_0001514732_web_20240329211117_20240331114806831.jpg
course-00106,잠실지하광장 쇼핑센터 → 에비뉴엘아트홀 → 한정선 잠실롯데월드몰점 코스,/assets/naver-courses/8730aad9201b01018cd2af76.jpg,잠실지하광장 쇼핑센터 → 에비뉴엘아트홀 → 한정선 잠실롯데월드몰점,"쇼핑, 전시, 카페",잠실지하광장 쇼핑센터,https://www.sisul.or.kr/gha/atch/getImg.do?upKey=storeInside1&lnkgSn=2307311644&ordr=1
course-00107,구씨네부엌 → 4233 마음센터 연남점 → 모멘트커피 코스,/assets/naver-courses/f36efff4865e23d2d434647e.jpg,구씨네부엌 → 4233 마음센터 연남점 → 모멘트커피,"음식점, 전시, 카페",구씨네부엌,https://pup-post-phinf.pstatic.net/MjAyNjAxMTVfMjA3/MDAxNzY4NDcyMjQ5MDI4.Sqin7gJ7BolQMru8XxgSLEsV6nkpmWhoegDLwi0DRasg.PATojuXS0tga0vw6y518Dv79_D3iD5-5K9MQwbGP1xcg.JPEG/POST_IMAGE_ENCODING_20260115_191727_310.jpg
course-00108,문화역서울284 → 베르시 → 만리재 코스,/assets/naver-courses/b8731d422b8489e9903ae6a5.jpg,문화역서울284 → 베르시 → 만리재,"관광, 전시, 카페",문화역서울284,https://mediahub.seoul.go.kr/wp-content/uploads/editor/images/000406/4.jpg
course-00109,잠실지하광장 쇼핑센터 → 서울스카이 → 한정선 잠실롯데월드몰점 코스,,잠실지하광장 쇼핑센터 → 서울스카이 → 한정선 잠실롯데월드몰점,"관광, 쇼핑, 카페",,
course-00110,문화역서울284 → 현대수산 → 비에이글 코스,/assets/naver-courses/46f402fcb97b9a0ad1f223ac.jpg,문화역서울284 → 현대수산 → 비에이글,"음식점, 전시, 카페",문화역서울284,http://imgnews.naver.net/image/5385/2020/06/03/0000403278_001_20200603152631678.jpg
course-00111,구씨네부엌 → 스페이스갤러리아 서울홍대 → 테이블에이 코스,/assets/naver-courses/c48ef095278de2bb84e6174a.jpg,구씨네부엌 → 스페이스갤러리아 서울홍대 → 테이블에이,"관광, 음식점, 전시",구씨네부엌,https://pup-post-phinf.pstatic.net/MjAyNjA2MTNfNDEg/MDAxNzgxMzE1MjAyNzAx.gASFWgSE16OoQ18Q1k7U4xYQxHa_3ZYN_nAoxdV6Slsg.9MEhn-JyhPVhme42yIaF5ThSS447d0FbV0Zcj1wgvo0g.JPEG/PostEncodingTask.F3A3A1A1-615B-42B3-95F3-A451FE521D7C.jpg
course-00112,그라운드시소 센트럴 → 롯데월드 어드벤처 코스,/assets/naver-courses/0fd360e4b1c57e414985c770.jpg,그라운드시소 센트럴 → 롯데월드 어드벤처,"관광, 전시",그라운드시소 센트럴,https://pup-post-phinf.pstatic.net/MjAyNTA5MDFfMTQ2/MDAxNzU2NzE5Mjc0ODM0.gsAdtUwE9-5cyrkE2UdW0KwesjLxX8tGLC5m8Vn4d5Ug.t5OMx1zl97GZG7CkgFngrE0XYqtb1kpTxqqywfIp0EQg.JPEG/POST_IMAGE_ENCODING_20250901_183433_456.jpg
course-00113,일편등심 강남 → 아트팩토리체험공방 코스,,일편등심 강남 → 아트팩토리체험공방,"음식점, 체험",,
course-00114,문화역서울284 → 현대수산 → 스타벅스 충정로역점 코스,,문화역서울284 → 현대수산 → 스타벅스 충정로역점,"음식점, 전시, 카페",,
course-00115,로얄마카롱 → 현대수산 코스,/assets/naver-courses/1861348433cab9afd3c01db1.jpg,로얄마카롱 → 현대수산,"음식점, 카페",로얄마카롱,https://d12zq4w4guyljn.cloudfront.net/20260125105641_photo1_8cfb2e051633.webp
course-00116,일편등심 강남 → 셀렉티드닉스 → 이바인체험샵 코스,/assets/naver-courses/ef9886d74560503a5244f9ac.jpg,일편등심 강남 → 셀렉티드닉스 → 이바인체험샵,"쇼핑, 음식점, 카페",일편등심 강남점,https://ldb-phinf.pstatic.net/20250101_129/1735721836151fHc2c_JPEG/KakaoTalk_20241217_225629954_23.jpg
course-00117,노란돼지 → 스타벅스 사당역점 → 파스텔시티 코스,/assets/naver-courses/ca3ca979881ab082a5e06942.jpg,노란돼지 → 스타벅스 사당역점 → 파스텔시티,"쇼핑, 음식점, 카페",노란돼지 사당,https://d12zq4w4guyljn.cloudfront.net/20250401015745_photo4_c40532783827.webp
course-00118,신도림이도식당 → 더세인트41 → 구캔갤러리 코스,/assets/naver-courses/78cfd201d9d2c71e07e15604.jpg,신도림이도식당 → 더세인트41 → 구캔갤러리,"음식점, 전시, 카페",신도림이도식당,https://ldb-phinf.pstatic.net/20230727_123/1690463864984WtB4s_JPEG/DSC_8190.JPG
course-00119,아트팩토리체험공방 → 문화역서울284 코스,,아트팩토리체험공방 → 문화역서울284,"전시, 체험",,
course-00120,커넥트투 → 롯데월드타워&롯데월드몰 → 한정선 잠실롯데월드몰점 코스,/assets/naver-courses/cc71d1d41f3c577f58301149.jpg,커넥트투 → 롯데월드타워&롯데월드몰 → 한정선 잠실롯데월드몰점,"쇼핑, 전시, 카페",커넥트투,http://imgnews.naver.net/image/5308/2024/10/21/0000089331_001_20241021094418093.jpg
course-00121,정동전망대 → 농민백암순대 시청직영점 → 커피스니퍼 코스,/assets/naver-courses/79cc5bdc7a7811b25903cc70.jpg,정동전망대 → 농민백암순대 시청직영점 → 커피스니퍼,"관광, 음식점, 카페",정동전망대,https://pup-post-phinf.pstatic.net/MjAyNTEyMDFfMjYg/MDAxNzY0NTY4OTk2Mjkw.nsRJNkxe1m9H4RJVfSz5cZL05i1pc9393E7cUdL5_jwg.ukehdp9ETwBUKtB6G0YMzHHpJZCo0_b1Lr3sujsmnKIg.JPEG/61286E45-2F32-4404-A850-511B03E08821.jpg
course-00122,브이스퀘어 → 정동전망대 코스,,브이스퀘어 → 정동전망대,"관광, 전시",,
course-00123,구씨네부엌 → 홍대걷고싶은거리 → 홍대갤러리 키르큐펠 코스,/assets/naver-courses/c8c4f5b75a6351acab170b7a.jpg,구씨네부엌 → 홍대걷고싶은거리 → 홍대갤러리 키르큐펠,"관광, 음식점, 전시",구씨네부엌,https://image-logo.alba.kr/%2Fdata_image2%2Fcomlogo%2F202408%2F2024082308221821624_0_m.jpg
course-00124,문화역서울284 → 숭례문 → 가메골손왕만두 남대문본점 코스,/assets/naver-courses/ac7612efab097d6dca05d252.jpg,문화역서울284 → 숭례문 → 가메골손왕만두 남대문본점,"관광, 음식점, 전시",문화역서울284,https://mediahub.seoul.go.kr/uploads/mediahub/2022/03/jCAzYucMUdbRWscFlUjgNaqRPQeMKbzZ.jpg?ver=1.0
course-00125,잠실지하광장 쇼핑센터 → 롯데갤러리아트홀 → 한정선 잠실롯데월드몰점 코스,/assets/naver-courses/db6632f0ac986a6a6f8d4026.jpg,잠실지하광장 쇼핑센터 → 롯데갤러리아트홀 → 한정선 잠실롯데월드몰점,"쇼핑, 전시, 카페",잠실지하광장 쇼핑센터,https://www.sisul.or.kr/gha/atch/getImg.do?upKey=storeInside2&lnkgSn=2307311647&ordr=1
course-00126,만동제과 → AC'SCENT(악센트) → 독수리다방 코스,/assets/naver-courses/11c9855fdf0e09e6096d90d3.jpg,만동제과 → AC'SCENT(악센트) → 독수리다방,"음식점, 전시, 카페",만동제과 연남점,https://pup-post-phinf.pstatic.net/MjAyNjA0MjFfMzEg/MDAxNzc2NzgxNzc2MDc5.j0GP3YgT8d2xPxWVEJULi3x1S19YZrXrtmkFE2SLc4Ag.LBdmmihxrM6aD3itLzgNzMzq0Q4bvOfr1Wvbumorv1og.JPEG/DA39D231-0052-4326-AF5C-3F3C33E7B555.jpg
course-00127,구씨네부엌 → 덕스(DUEX) → 테이블에이 코스,/assets/naver-courses/3a62434d0bc18e3877aa09a5.jpg,구씨네부엌 → 덕스(DUEX) → 테이블에이,"관광, 음식점, 전시",구씨네부엌,https://pup-post-phinf.pstatic.net/MjAyNTExMDdfMTA3/MDAxNzYyNTE5MTc1NTAz.u0TeaXg_1v2tsG4lTZv5kfjyakQrOfAADEJq6sVr-WQg.UXPYaX6_OLc3QXgMxSYWwSRcOqwP8Z37ruy6No5plQ4g.JPEG/29ACFB62-EB39-457C-878B-948BFBBD4B13.jpg
course-00128,문화역서울284 → 이이네 → 엘카페커피로스터스 코스,/assets/naver-courses/ac22b648dae4263567ce7a6a.jpg,문화역서울284 → 이이네 → 엘카페커피로스터스,"음식점, 전시, 카페",문화역서울284,https://ak-d.tripcdn.com/images/1mi3q224x99z6zxtfF5D1_W_640_0_R5_Q80.jpg?proc=source/trip
course-00129,일편등심 강남 → 동대문디자인플라자 디자인전시관 코스,/assets/naver-courses/0acdb30cf1ab9ad5e8cf9d34.jpg,일편등심 강남 → 동대문디자인플라자 디자인전시관,"음식점, 전시",일편등심 강남점,https://ldb-phinf.pstatic.net/20210228_277/1614497615221EheJK_JPEG/%C7%D1%B8%B6%B8%AE.jpg
course-00130,문화역서울284 → 남대문칼국수골목 → 텐스퀘어 오슬로 회현 코스,/assets/naver-courses/ea7ad4a9f2f1c7e366ac7f0c.jpg,문화역서울284 → 남대문칼국수골목 → 텐스퀘어 오슬로 회현,"관광, 전시, 카페",문화역서울284,http://imgnews.naver.net/image/5286/2020/11/24/20201124500153_20201124221150632.jpg
course-00131,그라운드시소 센트럴 → 가메골손왕만두 남대문본점 → 남대문칼국수골목 코스,/assets/naver-courses/ce5e961adaf6ca42caceca4a.jpg,그라운드시소 센트럴 → 가메골손왕만두 남대문본점 → 남대문칼국수골목,"관광, 음식점, 전시",그라운드시소 센트럴,https://pup-post-phinf.pstatic.net/MjAyNTA5MDVfMTc0/MDAxNzU3MDY5MzM5MTM5.aFubjn4ucD0dbg8OA3LUfSUy_uUa2-Zqx6aJQtWXXmwg.JSwx0K7KVbdbROpQ7atuMWBtbhLrqACdBPxJmZjtSaMg.JPEG/898039AE-B159-49BE-B780-1148173B2A75.jpg
course-00132,노란돼지 → 구씨네부엌 코스,/assets/naver-courses/c3837769f0ccbe7add934965.jpg,노란돼지 → 구씨네부엌,음식점,노란돼지 사당,https://pup-post-phinf.pstatic.net/MjAyNjA0MTJfMTg4/MDAxNzc1OTg4NzUxNTkx.mCNTliM_XGqGfZIJoDBxzklIWGOXmrIdnJQQCKGYxb8g.-Iv887_gXAcuXcpL2Okfj0JF7yAXMq0Vg9wI7m3MfKog.JPEG/POST_IMAGE_ENCODING_20260412_191220_528.jpg
course-00133,동대문디자인플라자 디자인전시관 → 동대문지하쇼핑센터 → 진옥화할매원조닭한마리 본점 코스,/assets/naver-courses/7af0339064ff236d306fc07f.jpg,동대문디자인플라자 디자인전시관 → 동대문지하쇼핑센터 → 진옥화할매원조닭한마리 본점,"쇼핑, 음식점, 전시",DDP 디자인전시관,http://imgnews.naver.net/image/5551/2017/11/03/0000001576_030_20171103080344040.jpg
course-00134,일편등심 강남 → 셀렉티드닉스 → 서리풀푸드트럭존 코스,/assets/naver-courses/f98dc662a8560b7ea5a6bf63.jpg,일편등심 강남 → 셀렉티드닉스 → 서리풀푸드트럭존,"관광, 음식점, 카페",일편등심 강남점,https://ldb-phinf.pstatic.net/20240311_130/1710140720698JkUsy_PNG/dd.png
course-00135,구씨네부엌 → 토로스쇼핑타워 → 모멘트커피 코스,/assets/naver-courses/871bd8d15fdb1c180a4b7b9f.jpg,구씨네부엌 → 토로스쇼핑타워 → 모멘트커피,"쇼핑, 음식점, 카페",구씨네부엌,https://d12zq4w4guyljn.cloudfront.net/20250808112644207_photo_f20cbbf56800.webp
course-00136,로얄마카롱 → 홍대걷고싶은거리 코스,/assets/naver-courses/ddf60402208a22f834085dfb.jpg,로얄마카롱 → 홍대걷고싶은거리,"관광, 카페",로얄마카롱,https://ldb-phinf.pstatic.net/20241109_48/1731148215410bgpMC_JPEG/IMG_6066.JPG
course-00137,태양커피 서울사당점 → 콘피 코스,/assets/naver-courses/0a6f6f0a7103a9cb9a4f5588.jpg,태양커피 서울사당점 → 콘피,카페,태양커피 사당점,https://d2uja84sd90jmv.cloudfront.net/posts/kLF0ytwVeGVJsQHPdG85lg/ms.jpg
course-00138,잠실지하광장 쇼핑센터 → 브이스퀘어 코스,/assets/naver-courses/13ffced4d749c37c6b00c172.jpg,잠실지하광장 쇼핑센터 → 브이스퀘어,"쇼핑, 전시",잠실지하광장 쇼핑센터,https://www.sisul.or.kr/gha/atch/getImg.do?upKey=storeGds2&lnkgSn=2307311641&ordr=1
course-00139,잠실지하광장 쇼핑센터 → 한정선 잠실롯데월드몰점 → 넥스트뮤지엄 코스,/assets/naver-courses/2528d97fddfe0e0db078652d.jpg,잠실지하광장 쇼핑센터 → 한정선 잠실롯데월드몰점 → 넥스트뮤지엄,"쇼핑, 전시, 카페",잠실지하광장 쇼핑센터,https://www.sisul.or.kr/gha/atch/getImg.do?upKey=storeInside1&lnkgSn=2307311647&ordr=1
course-00140,커넥트투 → 홍대걷고싶은거리 코스,/assets/naver-courses/dfa39053ece7977a1959dc87.jpg,커넥트투 → 홍대걷고싶은거리,"관광, 전시",커넥트투,https://wimg.heraldcorp.com/content/default/2024/10/21/20241021050337_0.jpg
course-00141,문화역서울284 → 가메골손왕만두 남대문본점 → 텐스퀘어 오슬로 회현 코스,/assets/naver-courses/c4fe92bf26828eabe67a39ff.jpg,문화역서울284 → 가메골손왕만두 남대문본점 → 텐스퀘어 오슬로 회현,"음식점, 전시, 카페",문화역서울284,https://pup-post-phinf.pstatic.net/MjAyNjAxMDFfMTk3/MDAxNzY3MjU4NzM1MzQy.g_YzQ-tecy0-rrK_4zSrnd5RFQowrODZdGepFAvWq2Yg.i3McX1tl436_Tll_RhY45R9sXDkuAVVqgEY1kBWpcngg.JPEG/POST_IMAGE_ENCODING_20260101_181213_019.jpg
course-00142,잠실지하광장 쇼핑센터 → 에비뉴엘아트홀 → 송파나루공원 삼전도비 코스,/assets/naver-courses/d2f5a8facdd43ea54a183920.jpg,잠실지하광장 쇼핑센터 → 에비뉴엘아트홀 → 송파나루공원 삼전도비,"관광, 쇼핑, 전시",잠실지하광장 쇼핑센터,https://www.sisul.or.kr/gha/atch/getImg.do?upKey=storeInside2&lnkgSn=2307311652&ordr=1
course-00143,구씨네부엌 → 스페이스갤러리아 서울홍대 → 더마틴 코스,/assets/naver-courses/1eabb65c6dfeb5087a4d50fe.jpg,구씨네부엌 → 스페이스갤러리아 서울홍대 → 더마틴,"음식점, 전시, 카페",구씨네부엌 외관,https://ldb-phinf.pstatic.net/20201012_221/1602503352449PpUKM_JPEG/d7CK1w3WZsIlUX9owf67jyEV.jpg
course-00144,일편등심 강남 → 노란돼지 코스,,일편등심 강남 → 노란돼지,음식점,,
course-00145,노란돼지 → 정동전망대 코스,/assets/naver-courses/ee5a4e9923c19fe0beb28973.jpg,노란돼지 → 정동전망대,"관광, 음식점",노란돼지 사당,https://pup-post-phinf.pstatic.net/MjAyNjA0MTJfMjU0/MDAxNzc1OTg4NzQ5NjI5.zssua4aliwIImXAISv4wURECzZd_cSvWh55yMLt0ZfEg.wDE3wVQgecsr3e_718yjH4kiXqdupJxO2G7O-MJCAzIg.JPEG/POST_IMAGE_ENCODING_20260412_191220_314.jpg
course-00146,구씨네부엌 → 토로스쇼핑타워 → 4233 마음센터 연남점 코스,/assets/naver-courses/80556b0e50ba415f7ef52194.jpg,구씨네부엌 → 토로스쇼핑타워 → 4233 마음센터 연남점,"쇼핑, 음식점, 전시",구씨네부엌 외관,https://ldb-phinf.pstatic.net/20260908_151/1788837008307mGt2t_JPEG/KakaoTalk_20260907_163442010_06.jpg
course-00147,문화역서울284 → 쇼핑하는사람들 → 백범광장 코스,/assets/naver-courses/f9e8d396ad9a602928a4aa61.jpg,문화역서울284 → 쇼핑하는사람들 → 백범광장,"관광, 쇼핑, 전시",문화역서울284,https://cdn.crowdpic.net/detail-thumb/thumb_d_757D6C389A9A35029C2B046CC3B7F122.jpg
course-00148,구씨네부엌 → 덕스(DUEX) → 더마틴 코스,/assets/naver-courses/7331ed8e1e20400f598ead17.jpg,구씨네부엌 → 덕스(DUEX) → 더마틴,"음식점, 전시, 카페",구씨네부엌 외관,https://ldb-phinf.pstatic.net/20260908_145/17888451266079N41p_JPEG/%C4%A5%B8%AE%C5%A9%B8%B2_%BB%F5%BF%EC_14000.jpg
course-00149,일편등심 강남 → 서리풀푸드트럭존 → 무신사 스토어 강남 코스,/assets/naver-courses/c54fab7dbf9a67fc437265fb.jpg,일편등심 강남 → 서리풀푸드트럭존 → 무신사 스토어 강남,"관광, 쇼핑, 음식점",일편등심 강남점,https://ldb-phinf.pstatic.net/20191104_290/15728509005435HNmN_JPEG/LlPOxaW33a_z6ShB_2Sk3uct.JPG.jpg
course-00150,브이스퀘어 → 동대문디자인플라자 디자인전시관 코스,,브이스퀘어 → 동대문디자인플라자 디자인전시관,전시,,
course-00151,로얄마카롱 → 엔지니어링역사관 코스,/assets/naver-courses/8dd3f12d4fdac978280ac257.jpg,로얄마카롱 → 엔지니어링역사관,"전시, 카페",로얄마카롱,http://shop1.phinf.naver.net/20240711_73/1720699733283Xp3LC_PNG/68288185601050690_943487957.png
course-00152,만동제과 → AC'SCENT(악센트) → 스타광장 코스,/assets/naver-courses/eaf3f2c9c6809550714acc92.jpg,만동제과 → AC'SCENT(악센트) → 스타광장,"관광, 음식점, 전시",만동제과 연남점,https://d2uja84sd90jmv.cloudfront.net/posts/IbfVpGq1vQ7HIJ-WiBH0jQ/ms.jpg?updated=-62167392000
course-00153,일편등심 강남 → 썸띵어바웃커피 → 무신사 스토어 강남 코스,/assets/naver-courses/4cae44eee68711f2fc71a430.jpg,일편등심 강남 → 썸띵어바웃커피 → 무신사 스토어 강남,"쇼핑, 음식점, 카페",일편등심 강남점,https://ldb-phinf.pstatic.net/20191104_217/1572851180077RIsTo_JPEG/KYXfjhJFTQ_KPWJmRKu4cdqI.JPG.jpg
course-00154,커넥트투 → 롯데월드타워&롯데월드몰 → 서울스카이 코스,/assets/naver-courses/a8c482087204cae501688fc9.jpg,커넥트투 → 롯데월드타워&롯데월드몰 → 서울스카이,"관광, 쇼핑, 전시",커넥트투,http://imgnews.naver.net/image/5002/2014/10/23/20141023000363_0_99_20141023205603.jpg
course-00155,일편등심 강남 → 블루보틀 역삼카페 → 서리풀푸드트럭존 코스,/assets/naver-courses/b443a334d4204408c5ab9e62.jpg,일편등심 강남 → 블루보틀 역삼카페 → 서리풀푸드트럭존,"관광, 음식점, 카페",일편등심 강남점,https://d12zq4w4guyljn.cloudfront.net/20240808122128117_photo_f1ea2e035470.webp
course-00156,구씨네부엌 → 홍대걷고싶은거리 → 모멘트커피 코스,,구씨네부엌 → 홍대걷고싶은거리 → 모멘트커피,"관광, 음식점, 카페",,
course-00157,일편등심 강남 → 블루보틀 역삼카페 → 스머프매직포레스트 코스,/assets/naver-courses/c03379e7a079ec900d53837e.jpg,일편등심 강남 → 블루보틀 역삼카페 → 스머프매직포레스트,"관광, 음식점, 카페",일편등심 강남점,https://ldb-phinf.pstatic.net/20191104_297/1572851135160kmEci_JPEG/kfFYehNct9n_YBhopfBCm9of.JPG.jpg
course-00158,아트팩토리체험공방 → 띵똥와플 본점 → 왕십리갤러리허브 코스,,아트팩토리체험공방 → 띵똥와플 본점 → 왕십리갤러리허브,"음식점, 전시, 체험",,
course-00159,정동전망대 → 커피스니퍼 → 애성회관 코스,/assets/naver-courses/3d3da14d0ef498c47ca32c30.jpg,정동전망대 → 커피스니퍼 → 애성회관,"관광, 음식점, 카페",정동전망대,https://mediahub.seoul.go.kr/uploads/mediahub/2022/11/zZuRakbkhOdnelqUwNOmUPCrJSSrfbRR.jpg
course-00160,구씨네부엌 → 홍대걷고싶은거리 → 4233 마음센터 연남점 코스,/assets/naver-courses/4cabac99510f670cdc186e9b.jpg,구씨네부엌 → 홍대걷고싶은거리 → 4233 마음센터 연남점,"관광, 음식점, 전시",구씨네부엌 외관,https://ldb-phinf.pstatic.net/20150831_214/1440989928736pWs8P_JPEG/SUBMIT_1433589201084_31292874.jpg
course-00161,노란돼지 → 일편등심 강남 코스,,노란돼지 → 일편등심 강남,음식점,,
course-00162,일편등심 강남 → 스머프매직포레스트 → 루프808 코스,,일편등심 강남 → 스머프매직포레스트 → 루프808,"관광, 음식점, 카페",,
course-00163,노란돼지 → 브이스퀘어 코스,/assets/naver-courses/060266932542ba738be86078.jpg,노란돼지 → 브이스퀘어,"음식점, 전시",노란돼지 사당,https://pup-post-phinf.pstatic.net/MjAyNjAxMTJfMzYg/MDAxNzY4MjAwNjE1NTMw.GXqStM-jhvpa7vmU7a_ftTeCpTC6AWmKqPZ528S5Cvkg.aHarnTIQEVGm1As6TmkMeo82PsV86OmWdAZohVSL2qQg.JPEG/30F39021-D835-45B0-8B64-710D674E2609.jpg
course-00164,신도림이도식당 → 일편등심 강남 코스,/assets/naver-courses/31874bf179efc0d4958d5f29.jpg,신도림이도식당 → 일편등심 강남,음식점,신도림이도식당,https://pup-post-phinf.pstatic.net/MjAyNTEyMDVfMzUg/MDAxNzY0ODg5MTcwMDcy.ZXPrY2ItZSckLSxLTUkWb3fI6OfrfnzsEWvzvCFqFQ8g.7EUn7v1cbFAbrLkrcS3wX3okfa-wISeHbfrF4eQJqxwg.JPEG/46643845-4390-4624-9049-1572C844A332.jpg
course-00165,브이스퀘어 → 우주로캣 → 건대맛의거리 코스,/assets/naver-courses/48bffcf3f2272863cc6a0889.jpg,브이스퀘어 → 우주로캣 → 건대맛의거리,"관광, 전시, 카페",브이스퀘어 건대,http://imgnews.naver.net/image/5462/2026/07/08/0000059508_004_20260708150811093.png
course-00166,노란돼지 → 동대문디자인플라자 디자인전시관 코스,/assets/naver-courses/c6e0e15852be21c0fe63dcda.jpg,노란돼지 → 동대문디자인플라자 디자인전시관,"음식점, 전시",노란돼지 사당,https://img.siksinhot.com/place/1788531049001001.jpg
course-00167,건국대학교 일감호 → 홍대걷고싶은거리 코스,/assets/naver-courses/8f36e2bc36824588ceba278d.jpg,건국대학교 일감호 → 홍대걷고싶은거리,관광,건국대학교 일감호,https://i.namu.wiki/i/1GNOJbUY8ULU-UpOuyjeTDMNusfJIeWliKQ2UC9E6tcR3bfkFhcLaNyP7Q3-HT5guuzGIFz7kCcnEeLsQ0-aWQ.webp
course-00168,노란돼지 → 스타벅스 사당점 → 사당1동먹자골목상점가 코스,/assets/naver-courses/66b31dd7bab6e624c4a7ac33.jpg,노란돼지 → 스타벅스 사당점 → 사당1동먹자골목상점가,"관광, 음식점, 카페",노란돼지 사당,https://d2uja84sd90jmv.cloudfront.net/posts/qsTBcAO0VhMfKfFESdzuyA/ms.jpg?updated=-62167392000
course-00169,태양커피 서울사당점 → 조양관 코스,/assets/naver-courses/c701f12d70a1656e66448096.jpg,태양커피 서울사당점 → 조양관,"음식점, 카페",태양커피 사당점,https://d2uja84sd90jmv.cloudfront.net/posts/LuXQ6xUuaEF_mlC0LpdryQ/ms.jpg
course-00170,잠실지하광장 쇼핑센터 → 서울스카이 → 넥스트뮤지엄 코스,/assets/naver-courses/1e9e0fbf43a86cb9d55fd22b.jpg,잠실지하광장 쇼핑센터 → 서울스카이 → 넥스트뮤지엄,"관광, 쇼핑, 전시",잠실지하광장 쇼핑센터,https://www.sisul.or.kr/gha/atch/getImg.do?upKey=storeInside2&lnkgSn=2307311650&ordr=1
course-00171,문화역서울284 → 숭례문 → 농민백암순대 시청직영점 코스,/assets/naver-courses/525ff515803d7c73a90ab4a4.jpg,문화역서울284 → 숭례문 → 농민백암순대 시청직영점,"관광, 음식점, 전시",문화역서울284,http://imgnews.naver.net/image/5286/2017/03/01/20170301000031_20170301155826699.jpg
course-00172,건국대학교 일감호 → 베르시 코스,/assets/naver-courses/a6b95cf546d2758019ac4dc9.jpg,건국대학교 일감호 → 베르시,"관광, 카페",건국대학교 일감호,https://pup-post-phinf.pstatic.net/MjAyNjA2MDdfMzYg/MDAxNzgwODI5NzA2MDQx.SANxtDBjpIoPDx15d2keiACTiH3smX3y0HMljg2D2Asg.fZZJ_e3pG19xCHM4v1elECGObIgWwUf-0o8QfpH5vYUg.JPEG/POST_IMAGE_ENC_20260607_195443_195.jpg
course-00173,정동전망대 → 노란돼지 코스,/assets/naver-courses/bb108b49b7c4a486c8083e8c.jpg,정동전망대 → 노란돼지,"관광, 음식점",정동전망대,https://www.popco.net/zboard/data2/dica_forum_samsung/2018/04/12/13213831225ace2db29d6cc.jpg
course-00174,태양커피 서울사당점 → 엘씨오 코스,/assets/naver-courses/7b0ab34efadeec23913c4508.jpg,태양커피 서울사당점 → 엘씨오,"전시, 카페",태양커피 사당점,https://d2uja84sd90jmv.cloudfront.net/posts/Llm6nFbmE25e4HGPN6_mjw/m.jpg
course-00175,문화역서울284 → 숭례문 → 금성관 코스,/assets/naver-courses/7d5c4a041b8b47e27ee23b42.jpg,문화역서울284 → 숭례문 → 금성관,"관광, 음식점, 전시",문화역서울284,https://pup-post-phinf.pstatic.net/MjAyNjA0MDdfMTgw/MDAxNzc1NTI3MDg0NjAz.I3ltCux_8Hnh14pQF4iIrIycR8rQKLBIBh78UuVxA84g.h3e44b_QbnU-7N-OsRDo7InHnIuzqXIiJy4rgrmdvjQg.JPEG/600ECE82-0290-43A3-90EA-73303C3E3F6D.jpg
course-00176,구씨네부엌 → 스페이스갤러리아 서울홍대 → 농협경제지주 온라인사업부 코스,/assets/naver-courses/c1a3e666d9a2dfaa20dd08b0.jpg,구씨네부엌 → 스페이스갤러리아 서울홍대 → 농협경제지주 온라인사업부,"쇼핑, 음식점, 전시",구씨네부엌 외관,https://ldb-phinf.pstatic.net/20260908_280/1788845103061XfX2L_JPEG/%B8%C5%C4%DE_%BE%C6%B6%F3%BA%F1%BE%C6%B5%FB_%B6%F3%C0%CC%BD%BA_11000.jpg
course-00177,구씨네부엌 → 홍대갤러리 키르큐펠 → 테이블에이 코스,/assets/naver-courses/5340c0a4dd07dadb6c8c01f2.jpg,구씨네부엌 → 홍대갤러리 키르큐펠 → 테이블에이,"관광, 음식점, 전시",구씨네부엌 외관,https://ldb-phinf.pstatic.net/20260908_50/1788837008174CKRaW_JPEG/KakaoTalk_20260907_163442010_10.jpg
course-00178,브이스퀘어 → 잠실지하광장 쇼핑센터 코스,,브이스퀘어 → 잠실지하광장 쇼핑센터,"쇼핑, 전시",,
course-00179,구씨네부엌 → 스페이스갤러리아 서울홍대 → 트릭아이뮤지엄 코스,/assets/naver-courses/a9d505597e20d052ec58187b.jpg,구씨네부엌 → 스페이스갤러리아 서울홍대 → 트릭아이뮤지엄,"관광, 음식점, 전시",구씨네부엌 외관,https://img1.daumcdn.net/thumb/R720x0.q80/?fname=https%3A%2F%2Ft1.daumcdn.net%2Fcfile%2Ftistory%2F99BA7C3359E064D904
course-00180,로얄마카롱 → 일편등심 강남 → 서리풀푸드트럭존 코스,,로얄마카롱 → 일편등심 강남 → 서리풀푸드트럭존,"관광, 음식점, 카페",,
course-00181,문화역서울284 → 남대문갈치조림골목 → 금성관 코스,/assets/naver-courses/410c53c5a116ab7251d1d63c.jpg,문화역서울284 → 남대문갈치조림골목 → 금성관,"관광, 음식점, 전시",문화역서울284,http://imgnews.naver.net/image/003/2026/06/10/NISI20260610_0021314936_web_20260610115736_20260610115839100.jpg
course-00182,구씨네부엌 → 덕스(DUEX) → 트릭아이뮤지엄 코스,/assets/naver-courses/87c7a147d0b861b695816587.jpg,구씨네부엌 → 덕스(DUEX) → 트릭아이뮤지엄,"관광, 음식점, 전시",구씨네부엌 외관,https://img1.daumcdn.net/thumb/R720x0.q80/?fname=https%3A%2F%2Ft1.daumcdn.net%2Fcfile%2Ftistory%2F9995183359E0652E0B
course-00183,만동제과 → 조양관 코스,/assets/naver-courses/28e7eba4828637b88450f837.jpg,만동제과 → 조양관,음식점,만동제과 연남점,https://pup-post-phinf.pstatic.net/MjAyNjAzMjlfMjM5/MDAxNzc0NzgyNTUyOTY4.OXM05jW8GpmqAMsCZvUOAmidZwnqriStpLardMGgz2Yg.swugpmAdXGVpR1LJYFoagvte6kuBAZTq7AjWYzI2XL8g.JPEG/POST_IMAGE_ENCODING_20260329_200912_373.jpg
course-00184,문화역서울284 → 숭례문 → 애성회관 코스,/assets/naver-courses/89a428c5bc42c75df756f3dc.jpg,문화역서울284 → 숭례문 → 애성회관,"관광, 음식점, 전시",문화역서울284,http://imgnews.naver.net/image/5286/2020/02/02/20200202000044_20200202104236690.jpg
course-00185,구씨네부엌 → 스페이스갤러리아 서울홍대 → 비뮤티커피 코스,/assets/naver-courses/aefc10f3eecb20e0fa4a260e.jpg,구씨네부엌 → 스페이스갤러리아 서울홍대 → 비뮤티커피,"음식점, 전시, 카페",구씨네부엌 외관,https://ldb-phinf.pstatic.net/20260908_245/1788837008177U7O0N_JPEG/KakaoTalk_20260907_163442010_09.jpg
course-00186,구씨네부엌 → 스페이스갤러리아 서울홍대 → 호러스위치 코스,/assets/naver-courses/2543541d65a0cb3155f3d66c.jpg,구씨네부엌 → 스페이스갤러리아 서울홍대 → 호러스위치,"관광, 음식점, 전시",구씨네부엌 외관,https://ldb-phinf.pstatic.net/20260908_251/1788837009211m4VhL_JPEG/KakaoTalk_20260907_163442010_13.jpg
course-00187,문화역서울284 → 정동전망대 코스,/assets/naver-courses/0a0164aa5d5f4fe129bcc344.jpg,문화역서울284 → 정동전망대,"관광, 전시",문화역서울284,https://storage.doopedia.co.kr/upload/_upload/image5/travel/editor/2022/05/23/20220523152944507_thumb.jpg
course-00188,그라운드시소 센트럴 → 조양관 코스,/assets/naver-courses/cef125f289c87645ffaf93f1.jpg,그라운드시소 센트럴 → 조양관,"음식점, 전시",그라운드시소 센트럴,https://d2uja84sd90jmv.cloudfront.net/posts/VoWDvU77CWC8LGTGiDMU7g/ms.jpg?updated=-62167392000
course-00189,노란돼지 → 사당1동먹자골목상점가 → 태양커피 서울사당점 코스,/assets/naver-courses/011e71f35cda2dc970162897.jpg,노란돼지 → 사당1동먹자골목상점가 → 태양커피 서울사당점,"관광, 음식점, 카페",노란돼지 사당,https://pup-post-phinf.pstatic.net/MjAyNjA0MTJfMjk1/MDAxNzc1OTg4NzQyMjI4.NtA4H-ea3Grhx6QXlu-87nB4EJFRMtVeIzjJzAeFpb8g.VVnsavlmrLzdaDE47yh4jG2wPhmECek4TzHsxkPaVcUg.JPEG/POST_IMAGE_ENCODING_20260412_191219_449.jpg
course-00190,노란돼지 → 사당1동먹자골목상점가 → 카페 미토 코스,/assets/naver-courses/d4820205905f9a02447f8c66.jpg,노란돼지 → 사당1동먹자골목상점가 → 카페 미토,"관광, 음식점, 카페",노란돼지 사당,https://pup-post-phinf.pstatic.net/MjAyNjA0MTJfMjQ2/MDAxNzc1OTg4NzQ4MTA1.AStBUOLCLaKGRR8xKJOx8TiDXH3YNzPBmvaPnlM88G4g.0lceD_vZuN1bG8HKOrcm3Arh5GAbXMZub0y55dfYYtgg.JPEG/POST_IMAGE_ENCODING_20260412_191220_102.jpg
course-00191,태양커피 서울사당점 → 사당1동먹자골목상점가 → 남해안횟집 코스,/assets/naver-courses/b13f3f41c84ba2d65d02c1be.jpg,태양커피 서울사당점 → 사당1동먹자골목상점가 → 남해안횟집,"관광, 음식점, 카페",태양커피 사당점,https://d2uja84sd90jmv.cloudfront.net/posts/0GFTzZnQGkadJ6C6zyEohw/ms.jpg?updated=-62167392000
course-00192,커넥트투 → 한정선 잠실롯데월드몰점 → 서울스카이 코스,/assets/naver-courses/30c30f20513731b3aa1dbdc8.jpg,커넥트투 → 한정선 잠실롯데월드몰점 → 서울스카이,"관광, 전시, 카페",커넥트투,http://imgnews.naver.net/image/029/2021/06/27/0002683064_002_20210627193713028.jpg
course-00193,정동전망대 → 전광수커피하우스 정동점 → 국토발전전시관 코스,/assets/naver-courses/b5debdd41c2f8b925799233a.jpg,정동전망대 → 전광수커피하우스 정동점 → 국토발전전시관,"관광, 전시, 카페",정동전망대,http://imgnews.naver.net/image/018/2013/04/13/PS13041300009_59_20130413111905.jpg
course-00194,만동제과 → WP → 소녀전선2망명갤러리 코스,/assets/naver-courses/9e6e76a0ffad01e1c6873c33.jpg,만동제과 → WP → 소녀전선2망명갤러리,"음식점, 전시, 카페",만동제과 연남점,https://pup-post-phinf.pstatic.net/MjAyNTExMzBfMTU5/MDAxNzY0NTEwNjU5NzA0.3tiOh6VtoNlFsMhXA_53_9gq1EK7N4qcdzpzEqRlFawg.TzQe1vu69ZDWPIeaShm-XZaNgw7imnbkqXNKdFpOY9Ag.JPEG/B344F37B-8D14-4201-BBB2-425B1517AE47.jpg
course-00195,로얄마카롱 → 자매수산 → 무신사 스토어 강남 코스,/assets/naver-courses/6cadf60bceb9b578f8efa265.jpg,로얄마카롱 → 자매수산 → 무신사 스토어 강남,"쇼핑, 음식점, 카페",로얄마카롱,https://ldb-phinf.pstatic.net/20241109_19/1731153493799llM0c_JPEG/IMG_5860.JPG
course-00196,일편등심 강남 → 서리풀푸드트럭존 → 썸띵어바웃커피 코스,/assets/naver-courses/27b70dec7dd582fdafe1f72b.jpg,일편등심 강남 → 서리풀푸드트럭존 → 썸띵어바웃커피,"관광, 음식점, 카페",일편등심 강남점,https://ldb-phinf.pstatic.net/20191104_205/1572851273791cjfMt_JPEG/qhfnq7m4iBuX7xJx_E48SzYe.JPG.jpg
course-00197,신도림이도식당 → 브이스퀘어 코스,/assets/naver-courses/9334515dbe11025c19fe1d96.jpg,신도림이도식당 → 브이스퀘어,"음식점, 전시",신도림이도식당,https://ldb-phinf.pstatic.net/20240329_32/1711676176898YYebg_JPEG/20240328_111151_001.jpg
course-00198,잠실지하광장 쇼핑센터 → 한정선 잠실롯데월드몰점 → BGN갤러리 롯데타워점 코스,,잠실지하광장 쇼핑센터 → 한정선 잠실롯데월드몰점 → BGN갤러리 롯데타워점,"쇼핑, 전시, 카페",,
course-00199,문화역서울284 → 남대문갈치조림골목 → 농민백암순대 시청직영점 코스,/assets/naver-courses/c765b8527f14a91a0340fcf6.jpg,문화역서울284 → 남대문갈치조림골목 → 농민백암순대 시청직영점,"관광, 음식점, 전시",문화역서울284,https://storage.doopedia.co.kr/upload/_upload/image5/travel/editor/2023/07/29/20230729085321984_thumb.jpeg
course-00200,만동제과 → 콘피 코스,/assets/naver-courses/707362e1a05a4e2cb9b1cb41.jpg,만동제과 → 콘피,"음식점, 카페",만동제과 연남점,https://pup-post-phinf.pstatic.net/MjAyNjAxMDNfODkg/MDAxNzY3NDQxMjExNTQ0.50EhdHB9vNQv9PTStczyY5qq2mULMp_J8V9l7Ncq4Lcg.GEDWSojN2XBAzTg3Doi22JXluoK8IOns2WPUkgVr3twg.JPEG/3F99D6B7-5F1D-44FD-A219-D843C6053C1E.jpg
course-00201,갓잇 문래점 → 현대수산 코스,/assets/naver-courses/20eae0eff0aac39414e36c69.jpg,갓잇 문래점 → 현대수산,음식점,갓잇 문래점,https://ldb-phinf.pstatic.net/20240305_267/1709603252262QUN19_JPEG/IMG_4045.JPG
course-00202,태양커피 서울사당점 → 베르시 코스,,태양커피 서울사당점 → 베르시,카페,,
course-00203,일편등심 강남 → 무신사 스토어 강남 → 스머프매직포레스트 코스,/assets/naver-courses/91aa7cfc1c54a23ab17b0e9d.jpg,일편등심 강남 → 무신사 스토어 강남 → 스머프매직포레스트,"관광, 쇼핑, 음식점",일편등심 강남점,https://ldb-phinf.pstatic.net/20250101_40/1735721837183ioIh5_JPEG/KakaoTalk_20241217_225629954_29.jpg
course-00204,동대문디자인플라자 디자인전시관 → 신도림이도식당 코스,/assets/naver-courses/64844b28707aa8b0f75aed24.jpg,동대문디자인플라자 디자인전시관 → 신도림이도식당,"음식점, 전시",DDP 디자인전시관,http://imgnews.naver.net/image/5551/2017/11/03/0000001576_031_20171103080344059.jpg
course-00205,문화역서울284 → 남대문갈치조림골목 → 텐스퀘어 오슬로 회현 코스,/assets/naver-courses/2e9aeff9ae4d56881743cd12.jpg,문화역서울284 → 남대문갈치조림골목 → 텐스퀘어 오슬로 회현,"관광, 전시, 카페",문화역서울284,https://cdn.visitkorea.or.kr/img/call?cmd=VIEW&id=ef5229bf-62e5-43a7-8c7b-b341bcc5af02
course-00206,일편등심 강남 → 썸띵어바웃커피 → 창업쇼핑 코스,/assets/naver-courses/1c6ec81ed93392f2ac2eebd5.jpg,일편등심 강남 → 썸띵어바웃커피 → 창업쇼핑,"쇼핑, 음식점, 카페",일편등심 강남점,https://ldb-phinf.pstatic.net/20220907_61/1662538127356dgB2u_PNG/20220907_170139.png
course-00207,구씨네부엌 → 덕스(DUEX) → 호러스위치 코스,/assets/naver-courses/d37bf21aefe8b39d78d51f8c.jpg,구씨네부엌 → 덕스(DUEX) → 호러스위치,"관광, 음식점, 전시",구씨네부엌 외관,https://img1.daumcdn.net/thumb/R720x0.q80/?fname=https%3A%2F%2Ft1.daumcdn.net%2Fcfile%2Ftistory%2F99BDA33359E064ED04
course-00208,브이스퀘어 → 신도림이도식당 코스,/assets/naver-courses/e4d60c213a4a6fb46ffb94ce.jpg,브이스퀘어 → 신도림이도식당,"음식점, 전시",브이스퀘어 건대,https://pup-post-phinf.pstatic.net/MjAyNjAzMTFfMzMg/MDAxNzczMjIxODAxOTU4.ARp4XYJYHDC3kbW1nCwDEgON47RirFczI2qDdPFSJvsg.9cu5WtoRY7ohfpIKUufknjfVuYtZFcgZ6p7Oxkkrtagg.JPEG/22F8E683-D526-47BE-931C-DFFC5FC263BF.jpg
course-00209,잠실지하광장 쇼핑센터 → 서울스카이 → BGN갤러리 롯데타워점 코스,/assets/naver-courses/3dd25408f2426f94dc9fd0e0.jpg,잠실지하광장 쇼핑센터 → 서울스카이 → BGN갤러리 롯데타워점,"관광, 쇼핑, 전시",잠실지하광장 쇼핑센터,https://www.sisul.or.kr/gha/atch/getImg.do?upKey=storeExterior&lnkgSn=2307311652&ordr=1
course-00210,신도림이도식당 → 구로스마트라운지 → 카페1953위드오드리 코스,/assets/naver-courses/22b7f85f5ede9bac779ea9b0.jpg,신도림이도식당 → 구로스마트라운지 → 카페1953위드오드리,"음식점, 전시, 카페",신도림이도식당,https://ldb-phinf.pstatic.net/20250428_238/1745798274770uRvkC_PNG/1000012710.png
course-00211,그라운드시소 센트럴 → 현대수산 코스,/assets/naver-courses/78ebc983aef559556c0cae5e.jpg,그라운드시소 센트럴 → 현대수산,"음식점, 전시",그라운드시소 센트럴,https://pup-post-phinf.pstatic.net/MjAyNjA2MjBfMTA4/MDAxNzgxOTQ2NjY1ODU1.5iZgoyC-NsET4elmwU2kGMhv8DrhYbvSvvjuT0N8QuQg.IDHpZlTQx3MDl2va0urafBrjBArraR0mOnSIQ65DnCcg.JPEG/PostEncodingTask.843B5CAA-88E6-47D5-840A-D6D9177E3124.jpg
course-00212,구씨네부엌 → 브이스퀘어 코스,/assets/naver-courses/c76811adda4265f31de6a7a6.jpg,구씨네부엌 → 브이스퀘어,"음식점, 전시",구씨네부엌 외관,https://img1.daumcdn.net/thumb/R720x0.q80/?fname=https%3A%2F%2Ft1.daumcdn.net%2Fcfile%2Ftistory%2F99C6D23359E0652234
course-00213,그라운드시소 센트럴 → 숭례문 → 희락갈치 코스,/assets/naver-courses/ce65487a452c46ab6da6a372.jpg,그라운드시소 센트럴 → 숭례문 → 희락갈치,"관광, 음식점, 전시",그라운드시소 센트럴,https://pup-post-phinf.pstatic.net/MjAyNTEyMDdfMjMw/MDAxNzY1MDY2NjQ4MTk2.rl-sWyD2nL8pa8-mNNy32Pwd9hqU6rsiJb5j5KLt66Mg.tQo_-SaFO_k-3rJJJf9v23127acMNEc2xUu7d5Q277cg.JPEG/7A100F59-EE86-449E-B7AA-84CEC4FA6C5F.jpg
course-00214,잠실지하광장 쇼핑센터 → 정동전망대 코스,/assets/naver-courses/2ef4be42590304004bab1323.jpg,잠실지하광장 쇼핑센터 → 정동전망대,"관광, 쇼핑",잠실지하광장 쇼핑센터,https://www.sisul.or.kr/gha/atch/getImg.do?upKey=storeExterior&lnkgSn=2307311640&ordr=1
course-00215,신도림이도식당 → 구로스마트라운지 → 패스드 코스,/assets/naver-courses/bee3097736bc39a64bdb8353.jpg,신도림이도식당 → 구로스마트라운지 → 패스드,"음식점, 전시, 카페",신도림이도식당,https://ldb-phinf.pstatic.net/20230310_177/1678410144466OCHIx_JPEG/DSC_6667.JPG
course-00216,잠실지하광장 쇼핑센터 → 에비뉴엘아트홀 → 롯데월드 어드벤처 코스,/assets/naver-courses/32c98dd2f317faa762731ace.jpg,잠실지하광장 쇼핑센터 → 에비뉴엘아트홀 → 롯데월드 어드벤처,"관광, 쇼핑, 전시",잠실지하광장 쇼핑센터,https://www.sisul.or.kr/gha/atch/getImg.do?upKey=storeExterior&lnkgSn=2307311647&ordr=1
course-00217,로얄마카롱 → 오레노라멘 강남점 → 무신사 스토어 강남 코스,/assets/naver-courses/2799c5dc33b5a6b955935173.jpg,로얄마카롱 → 오레노라멘 강남점 → 무신사 스토어 강남,"쇼핑, 음식점, 카페",로얄마카롱,https://pup-post-phinf.pstatic.net/MjAyNjAyMDFfNTEg/MDAxNzY5OTM3MDkyNDc4.rs1fYPQkc6dycVolAmuswsQ0GSI8N_PA3gopqtTS3Zkg.aiKEcViRDfJqgiLCS4PsXK0xqPXWZqNvn8buTslVR2Ig.JPEG/2C7F7DCF-424F-4CBC-B486-72E9104988F2.jpg
course-00218,정동전망대 → 덕수정 → 국토발전전시관 코스,/assets/naver-courses/28d7f632f03cac166ec0cc23.jpg,정동전망대 → 덕수정 → 국토발전전시관,"관광, 음식점, 전시",정동전망대,https://pup-post-phinf.pstatic.net/MjAyNjA5MDJfODgg/MDAxNzg4Mjc4MjQxMDMy.j_l3VB9ZGT6A79X8RG8YsHAHeZIPZhSB1xlC7kuwJRsg._pjwcFcnmYGq0cQVaMXdOdgzjtZ_LoiPcNI50xDiaOog.JPEG/POST_IMAGE_ENCODING_20260902_005719_991.jpg
course-00219,신도림이도식당 → 도림천 → 패스드 코스,/assets/naver-courses/395c667ff3637cc6b251ab30.jpg,신도림이도식당 → 도림천 → 패스드,"관광, 음식점, 카페",신도림이도식당,https://ldb-phinf.pstatic.net/20250428_146/1745797948204RKPHz_PNG/1000013114.png
course-00220,잠실지하광장 쇼핑센터 → 한정선 잠실롯데월드몰점 → 커넥트투 코스,/assets/naver-courses/d38594e271511abdeb2061cb.jpg,잠실지하광장 쇼핑센터 → 한정선 잠실롯데월드몰점 → 커넥트투,"쇼핑, 전시, 카페",잠실지하광장 쇼핑센터,https://www.sisul.or.kr/gha/atch/getImg.do?upKey=storeExterior&lnkgSn=2307311644&ordr=1
course-00221,잠실지하광장 쇼핑센터 → 서울스카이 → 커넥트투 코스,/assets/naver-courses/5aa8967ab527a4b95648b5f8.jpg,잠실지하광장 쇼핑센터 → 서울스카이 → 커넥트투,"관광, 쇼핑, 전시",잠실지하광장 쇼핑센터,https://www.sisul.or.kr/gha/atch/getImg.do?upKey=storeGds1&lnkgSn=2307311652&ordr=1
course-00222,구씨네부엌 → 덕스(DUEX) → 비뮤티커피 코스,/assets/naver-courses/e1ddb9539e18da8a1d93b0d6.jpg,구씨네부엌 → 덕스(DUEX) → 비뮤티커피,"음식점, 전시, 카페",구씨네부엌 외관,https://ldb-phinf.pstatic.net/20260908_299/1788837009547aRoix_JPEG/KakaoTalk_20260907_163442010_12.jpg
course-00223,노란돼지 → 파스텔시티 → 태양커피 서울사당점 코스,/assets/naver-courses/74a8259c77a046613cf31ca4.jpg,노란돼지 → 파스텔시티 → 태양커피 서울사당점,"쇼핑, 음식점, 카페",노란돼지 사당,https://d12zq4w4guyljn.cloudfront.net/20250401015745_photo5_c40532783827.webp
course-00224,노란돼지 → 사당1동먹자골목상점가 → 머치커피 코스,,노란돼지 → 사당1동먹자골목상점가 → 머치커피,"관광, 음식점, 카페",,
course-00225,브이스퀘어 → 일편등심 강남 코스,,브이스퀘어 → 일편등심 강남,"음식점, 전시",,
course-00226,로얄마카롱 → 오레노라멘 강남점 → 서리풀푸드트럭존 코스,/assets/naver-courses/9ad27d390087612f2d7d21c3.jpg,로얄마카롱 → 오레노라멘 강남점 → 서리풀푸드트럭존,"관광, 음식점, 카페",로얄마카롱,https://pup-post-phinf.pstatic.net/MjAyNTA5MjFfMjE2/MDAxNzU4NDUxOTc4MzA2.4QuKG36h7mOzKTerdY8D7dKx16zUGkeFynstPO1a_-gg.h4VCoCbCGzE6qFgKzTEvRo_EwPojFlWMybinHebeenQg.JPEG/POST_IMAGE_ENCODING_20250921_195256_197.jpg
course-00227,노란돼지 → 사당1동먹자골목상점가 → 그루타 코스,/assets/naver-courses/91056dd45f592ad2cf16c60f.jpg,노란돼지 → 사당1동먹자골목상점가 → 그루타,"관광, 음식점, 카페",노란돼지 사당,https://pup-post-phinf.pstatic.net/MjAyNjAxMTJfMTkg/MDAxNzY4MjAwNjE1NzQw.W6e6QQk75X6sRvnFNha_0vFOW1sQLM-_y8_ruid1TL0g.PUTvnWtjoShjr9ir-cUli6ytd-03HABht5baPon2XIIg.JPEG/F498EFB1-FB6A-48E2-8C20-0E43FBE1F4FA.jpg
course-00228,문화역서울284 → 남대문칼국수골목 → 금성관 코스,/assets/naver-courses/2ca6c4507bd0a708af154ea3.jpg,문화역서울284 → 남대문칼국수골목 → 금성관,"관광, 음식점, 전시",문화역서울284,https://img1.kakaocdn.net/thumb/R1280x0.fjpg/?fname=http://t1.daumcdn.net/brunch/service/user/eygv/image/BU2M_sXcj0OqaGHc48YuGIrOCsM.jpg
course-00229,신도림이도식당 → 도림천 → 카페1953위드오드리 코스,/assets/naver-courses/de03960f83d8b8c605d89ddf.jpg,신도림이도식당 → 도림천 → 카페1953위드오드리,"관광, 음식점, 카페",신도림이도식당,https://pup-post-phinf.pstatic.net/MjAyNTExMTRfMjA2/MDAxNzYzMTA5ODk5NTIx.TAZubr1S3C1LGVIVkF3ALEfE-c1OCExtLJPxpSekAvAg.hcLTQMpklyums048WkGeE13CVRljjmBJ-ByKgHv7j_sg.JPEG/POST_IMAGE_ENCODING_20251114_174459_845.jpg
course-00230,브이스퀘어 → 문화역서울284 코스,/assets/naver-courses/de3000d421b9919da8b570aa.jpg,브이스퀘어 → 문화역서울284,전시,브이스퀘어 건대,https://pup-post-phinf.pstatic.net/MjAyNTEyMDlfNDUg/MDAxNzY1MjU4ODc1NzIy.7WSJ-s-l3g1Tpku3oxQGPKt8524JS7hTYWckpPAnX3cg.Pz8gScsgXuVUaAQ2N1xejebIQ9H85oa6IpFMZWvj4-Yg.JPEG/POST_IMAGE_ENCODING_20251209_144111_238.jpg
course-00231,잠실지하광장 쇼핑센터 → 롯데갤러리아트홀 → 송파나루공원 삼전도비 코스,,잠실지하광장 쇼핑센터 → 롯데갤러리아트홀 → 송파나루공원 삼전도비,"관광, 쇼핑, 전시",,
course-00232,그라운드시소 센트럴 → 숭례문 → 가메골손왕만두 남대문본점 코스,/assets/naver-courses/e7a1f6c2f91b9faf401cf250.jpg,그라운드시소 센트럴 → 숭례문 → 가메골손왕만두 남대문본점,"관광, 음식점, 전시",그라운드시소 센트럴,https://pup-post-phinf.pstatic.net/MjAyNjA5MjJfMjQw/MDAxNzkwMDc4NzYzMTg0.Yu-u4aCfHRYCczzNbsat1E258AgBPpJkg5_p8GtzXVwg.ycI1j4diPxAX2riQ3Qt9MBa8scMiiGMwDmMrzGzrn8og.JPEG/POST_IMAGE_ENC_20260922_210321_342.jpg
course-00233,커넥트투 → 현대수산 코스,/assets/naver-courses/977ed09d299bd12a7eeab578.jpg,커넥트투 → 현대수산,"음식점, 전시",커넥트투,https://www.kod.es/data/trd/image/2026/08/11/trd20260811000033.800x.9.jpg
course-00234,건국대학교 일감호 → 성동 AI미래기술체험센터 코스,/assets/naver-courses/d67ad4729815dad9858ca157.jpg,건국대학교 일감호 → 성동 AI미래기술체험센터,"관광, 체험",건국대학교 일감호,https://www.popco.net/zboard/data/photo_gallery/2009/10/03/11244323884ac64330b892c.jpg
course-00235,잠실지하광장 쇼핑센터 → 에비뉴엘아트홀 → 석촌호수 동호 코스,/assets/naver-courses/48d30d1b4797b3f3757a1cff.jpg,잠실지하광장 쇼핑센터 → 에비뉴엘아트홀 → 석촌호수 동호,"관광, 쇼핑, 전시",잠실지하광장 쇼핑센터,https://www.sisul.or.kr/gha/atch/getImg.do?upKey=storeInside1&lnkgSn=2307311640&ordr=1
course-00236,일편등심 강남 → 가배도 신논현점 → 창업쇼핑 코스,/assets/naver-courses/6ee768199b36e3e56768f329.jpg,일편등심 강남 → 가배도 신논현점 → 창업쇼핑,"쇼핑, 음식점, 카페",일편등심 강남점,https://ldb-phinf.pstatic.net/20260126_124/1769422406888I5tCb_JPEG/_DSC6143-%C6%ED%C1%FD.jpg
course-00237,문화역서울284 → 이이네 → 남대문칼국수골목 코스,,문화역서울284 → 이이네 → 남대문칼국수골목,"관광, 음식점, 전시",,
course-00238,노란돼지 → 카페 미토 → 윤남아트스페이스 코스,,노란돼지 → 카페 미토 → 윤남아트스페이스,"음식점, 전시, 카페",,
course-00239,잠실지하광장 쇼핑센터 → 한정선 잠실롯데월드몰점 → 뮤지엄209 코스,,잠실지하광장 쇼핑센터 → 한정선 잠실롯데월드몰점 → 뮤지엄209,"쇼핑, 전시, 카페",,
course-00240,잠실지하광장 쇼핑센터 → 서울스카이 → 뮤지엄209 코스,,잠실지하광장 쇼핑센터 → 서울스카이 → 뮤지엄209,"관광, 쇼핑, 전시",,
course-00241,브이스퀘어 → 건대맛의거리 → 육일관 본점 코스,/assets/naver-courses/ebed415892fd3baefc9b4751.jpg,브이스퀘어 → 건대맛의거리 → 육일관 본점,"관광, 음식점, 전시",브이스퀘어 건대,https://pup-post-phinf.pstatic.net/MjAyNTA4MTZfMjQz/MDAxNzU1MzQxNzc4MDQw.89vhrBFmA9sBi1dkZvhUbe30hZoIrOD1WpFvh2eM2Gog.IvWRS0rLX2Ftf4mZGBidhzFJVmSIhL98apdqWVNNsuMg.JPEG/A479E313-BD43-4024-A4A9-BE4FBD65EA65.jpg
course-00242,신도림이도식당 → 구로스마트라운지 → 에스프리노블 코스,/assets/naver-courses/de5cb92cb6cbee55d59dcb63.jpg,신도림이도식당 → 구로스마트라운지 → 에스프리노블,"음식점, 전시, 카페",신도림이도식당,https://naverbooking-phinf.pstatic.net/20251211_256/1765419255506pzvby_JPEG/KakaoTalk_20251211_111100885.jpg
course-00243,문화역서울284 → 덕수정 → 전광수커피하우스 정동점 코스,/assets/naver-courses/9035dca7f0389d3a89700a79.jpg,문화역서울284 → 덕수정 → 전광수커피하우스 정동점,"음식점, 전시, 카페",문화역서울284,http://imgnews.naver.net/image/5691/2022/04/05/0000005579_006_20220407110205200.jpg
course-00244,일편등심 강남 → 스머프매직포레스트 → 창업쇼핑 코스,/assets/naver-courses/2c6f71de82cf7bc614e60860.jpg,일편등심 강남 → 스머프매직포레스트 → 창업쇼핑,"관광, 쇼핑, 음식점",일편등심 강남점,https://d2uja84sd90jmv.cloudfront.net/posts/MObJ7Th9gtvysJ2YTpxzqw/ms.jpg?updated=-62167392000
course-00245,구씨네부엌 → 홍대갤러리 키르큐펠 → 호러스위치 코스,/assets/naver-courses/1ae964e388840982d7973d9e.jpg,구씨네부엌 → 홍대갤러리 키르큐펠 → 호러스위치,"관광, 음식점, 전시",구씨네부엌 외관,https://ldb-phinf.pstatic.net/20260908_78/17888451199074aeU0_JPEG/%BB%F5%BF%EC_%BE%CB%B8%AE%BF%C0_%BF%C3%B8%AE%BF%C0_14000.jpg
course-00246,문화역서울284 → 남대문갈치조림골목 → 애성회관 코스,/assets/naver-courses/b1876a87dd750aa240fc6fce.jpg,문화역서울284 → 남대문갈치조림골목 → 애성회관,"관광, 음식점, 전시",문화역서울284,https://mediahub.seoul.go.kr/uploads/mediahub/2023/05/ZvvbfXDLpRWljuRgWOhrfrnzsDDClovq.jpg?ver=1.0
course-00247,브이스퀘어 → 건대맛의거리 → 스타벅스 건국대점 코스,,브이스퀘어 → 건대맛의거리 → 스타벅스 건국대점,"관광, 전시, 카페",,
course-00248,잠실지하광장 쇼핑센터 → 롯데갤러리아트홀 → 석촌호수 동호 코스,,잠실지하광장 쇼핑센터 → 롯데갤러리아트홀 → 석촌호수 동호,"관광, 쇼핑, 전시",,
course-00249,노란돼지 → 머치커피 → 윤남아트스페이스 코스,/assets/naver-courses/8aa62e1e20877b378c90f3f7.jpg,노란돼지 → 머치커피 → 윤남아트스페이스,"음식점, 전시, 카페",노란돼지 사당,https://pup-post-phinf.pstatic.net/MjAyNjA2MTNfMjEx/MDAxNzgxMzU1OTYyMjg2.HXbug-ZL_WNByFikzsXvMsSKfIE_0gDlx5yVzaDWGoEg.R1ahtr83EiefefsauAeUh_2TNkfr-SA3J8uIBKWG740g.JPEG/POST_IMAGE_ENC_20260613_220253_750.jpg
course-00250,일편등심 강남 → 정동전망대 코스,/assets/naver-courses/27f9e8f9932bdb6ba9eba8dc.jpg,일편등심 강남 → 정동전망대,"관광, 음식점",일편등심 강남점,https://ldb-phinf.pstatic.net/20260104_221/17675208902156PPl0_JPEG/_DSC5745-%C6%ED%C1%FD.jpg
course-00251,커넥트투 → 롯데월드타워&롯데월드몰 → 석촌호수 동호 코스,/assets/naver-courses/8c73003476bab4d96475ba3e.jpg,커넥트투 → 롯데월드타워&롯데월드몰 → 석촌호수 동호,"관광, 쇼핑, 전시",커넥트투,http://imgnews.naver.net/image/366/2017/07/20/0000376899_002_20170720161849965.jpg
course-00252,브이스퀘어 → 스타벅스 건국클래식점 → 훈춘양꼬치 1호점 코스,,브이스퀘어 → 스타벅스 건국클래식점 → 훈춘양꼬치 1호점,"음식점, 전시, 카페",,
course-00253,만동제과 → 독수리다방 → 스타광장 코스,/assets/naver-courses/7557a81ecaad54d13d721bfa.jpg,만동제과 → 독수리다방 → 스타광장,"관광, 음식점, 카페",만동제과 연남점,https://pup-post-phinf.pstatic.net/MjAyNjAyMDFfMzQg/MDAxNzY5OTI5NDMwOTQ0.8u7IE8zFcMCSBBOJz5KuKKM--TGXcM8sOF501G0On24g.zM0XwowAlwxEE3YzEMXaq8bBdCZIjvLIPf9D-F5RI4Yg.JPEG/81AC8B0F-1205-49E4-A6AD-A59F7B494045.jpg
course-00254,잠실지하광장 쇼핑센터 → 한정선 잠실롯데월드몰점 → 석촌호수 동호 코스,,잠실지하광장 쇼핑센터 → 한정선 잠실롯데월드몰점 → 석촌호수 동호,"관광, 쇼핑, 카페",,
course-00255,정동전망대 → 커피스니퍼 → 금성관 코스,/assets/naver-courses/174d3d5f71fb3e6762317921.jpg,정동전망대 → 커피스니퍼 → 금성관,"관광, 음식점, 카페",정동전망대,http://imgnews.naver.net/image/003/2022/11/21/NISI20221121_0001134239_web_20221121104911_20221121111607078.jpg
course-00256,로얄마카롱 → 자매수산 → 스머프매직포레스트 코스,/assets/naver-courses/6cf63d235639396adc31f692.jpg,로얄마카롱 → 자매수산 → 스머프매직포레스트,"관광, 음식점, 카페",로얄마카롱,https://pup-post-phinf.pstatic.net/MjAyNjAxMTNfMTEx/MDAxNzY4MzA5OTczMDg0.QwfEgc2UivEwsAEZxFkWWl_8jvXFSN4wHqMi-UdIjBYg.Ii0rKIA05YmZu9rDnl7i1bu9-V4htiK8MKfflo_AO5Ag.JPEG/POST_IMAGE_ENCODING_20260113_221248_896.jpg
course-00257,구씨네부엌 → 덕스(DUEX) → 농협경제지주 온라인사업부 코스,,구씨네부엌 → 덕스(DUEX) → 농협경제지주 온라인사업부,"쇼핑, 음식점, 전시",,
course-00258,잠실지하광장 쇼핑센터 → 에비뉴엘아트홀 → 스타벅스 석촌호수점 코스,,잠실지하광장 쇼핑센터 → 에비뉴엘아트홀 → 스타벅스 석촌호수점,"쇼핑, 전시, 카페",,
course-00259,문화역서울284 → 희락갈치 → 텐스퀘어 오슬로 회현 코스,/assets/naver-courses/528fc716bae4948115db5e57.jpg,문화역서울284 → 희락갈치 → 텐스퀘어 오슬로 회현,"음식점, 전시, 카페",문화역서울284,http://imgnews.naver.net/image/003/2020/06/23/NISI20200623_0000550146_web_20200623142936_20200623143510734.jpg
course-00260,잠실지하광장 쇼핑센터 → 서울스카이 → 스타벅스 석촌호수점 코스,,잠실지하광장 쇼핑센터 → 서울스카이 → 스타벅스 석촌호수점,"관광, 쇼핑, 카페",,
course-00261,일편등심 강남 → 블루보틀 역삼카페 → 무신사 스토어 강남 코스,/assets/naver-courses/872e7d82e4ba089b69e2ec3c.jpg,일편등심 강남 → 블루보틀 역삼카페 → 무신사 스토어 강남,"쇼핑, 음식점, 카페",일편등심 강남점,https://ldb-phinf.pstatic.net/20250101_124/1735720547959BXQGd_JPEG/KakaoTalk_20241217_225629954_08.jpg
course-00262,잠실지하광장 쇼핑센터 → 서울스카이 → 이머시브플랫폼딥 코스,/assets/naver-courses/6455fabc10bd3ca235f2f3ab.jpg,잠실지하광장 쇼핑센터 → 서울스카이 → 이머시브플랫폼딥,"관광, 쇼핑, 전시",잠실지하광장 쇼핑센터,https://www.sisul.or.kr/gha/atch/getImg.do?upKey=storeInside2&lnkgSn=2307311644&ordr=1
course-00263,신도림이도식당 → 구로스마트라운지 → 콘피 코스,/assets/naver-courses/f1bb986a18a6b6adec570db6.jpg,신도림이도식당 → 구로스마트라운지 → 콘피,"음식점, 전시, 카페",신도림이도식당,https://ldb-phinf.pstatic.net/20250428_17/1745798197241EeK58_PNG/1000012701.png
course-00264,아트팩토리체험공방 → 브이스퀘어 코스,,아트팩토리체험공방 → 브이스퀘어,"전시, 체험",,
course-00265,구씨네부엌 → 홍대갤러리 키르큐펠 → 토로스쇼핑타워 코스,/assets/naver-courses/2a73eb9962b4fd0dfe122b4e.jpg,구씨네부엌 → 홍대갤러리 키르큐펠 → 토로스쇼핑타워,"쇼핑, 음식점, 전시",구씨네부엌 외관,https://ldb-phinf.pstatic.net/20260908_284/1788837007211okxpt_JPEG/KakaoTalk_20260907_163442010_08.jpg
course-00266,정동전망대 → 브이스퀘어 코스,/assets/naver-courses/30e6cf4d45ad2c2eb06d19bc.jpg,정동전망대 → 브이스퀘어,"관광, 전시",정동전망대,https://mediahub.seoul.go.kr/uploads/mediahub/2022/11/jNGyyXcSXmYhYvgUJzIpztybFGZsjMNO.png?ver=1.0
course-00267,잠실지하광장 쇼핑센터 → 롯데갤러리아트홀 → 롯데월드 어드벤처 코스,/assets/naver-courses/52b3fc3d7e8356ad752b6386.jpg,잠실지하광장 쇼핑센터 → 롯데갤러리아트홀 → 롯데월드 어드벤처,"관광, 쇼핑, 전시",잠실지하광장 쇼핑센터,https://www.sisul.or.kr/gha/atch/getImg.do?upKey=storeGds1&lnkgSn=2307311647&ordr=1
course-00268,구씨네부엌 → AC'SCENT(악센트) → 독수리다방 코스,/assets/naver-courses/6d30ab00d4f2cdabcc1e1f1f.jpg,구씨네부엌 → AC'SCENT(악센트) → 독수리다방,"음식점, 전시, 카페",구씨네부엌 외관,https://ldb-phinf.pstatic.net/20260908_263/1788837007145J5WUV_JPEG/KakaoTalk_20260907_163442010_02.jpg
course-00269,태양커피 서울사당점 → 명인시골통닭 사당점 → 파스텔시티 코스,/assets/naver-courses/5d730109a7b3d872b680f9d2.jpg,태양커피 서울사당점 → 명인시골통닭 사당점 → 파스텔시티,"쇼핑, 음식점, 카페",태양커피 사당점,https://d2uja84sd90jmv.cloudfront.net/posts/g5qi_23aDN8OHCxR8Ks9IQ/ms.jpg
course-00270,잠실지하광장 쇼핑센터 → 넥스트뮤지엄 → 석촌호수 동호 코스,/assets/naver-courses/54012bba830a00fff86d4780.jpg,잠실지하광장 쇼핑센터 → 넥스트뮤지엄 → 석촌호수 동호,"관광, 쇼핑, 전시",잠실 지하광장,https://www.sisul.or.kr/gha/atch/getImg.do?upKey=storeInside2&lnkgSn=2307311648&ordr=1
course-00271,구씨네부엌 → 토로스쇼핑타워 → 트릭아이뮤지엄 코스,/assets/naver-courses/f7d12adc07b26b586f4350a9.jpg,구씨네부엌 → 토로스쇼핑타워 → 트릭아이뮤지엄,"관광, 쇼핑, 음식점",구씨네부엌 외관,https://ldb-phinf.pstatic.net/20260908_193/1788837007108XcuYf_JPEG/KakaoTalk_20260907_163442010_04.jpg
course-00272,문화역서울284 → 농민백암순대 시청직영점 → 커피스니퍼 코스,/assets/naver-courses/d75b6126e56d7c67a32db43b.jpg,문화역서울284 → 농민백암순대 시청직영점 → 커피스니퍼,"음식점, 전시, 카페",문화역서울284,http://imgnews.naver.net/image/001/2011/07/14/PYH2011071403610099000_P2.jpg
course-00273,꿈동산 동심쇼핑센터 → 콘피 코스,/assets/naver-courses/967777dde79280873540e9e2.jpg,꿈동산 동심쇼핑센터 → 콘피,"쇼핑, 카페",꿈동산 동심쇼핑센터,https://pup-post-phinf.pstatic.net/MjAyNjAzMTVfMTA1/MDAxNzczNTYwODMxMzY2.7hdXlny5R63QuGgId8qBBnyHwL-RY22P-TWIdEXjXPwg.HIHnvkRSwiZ-lP1OWgM0iZKEFBlTzImiaCzT1B-P7x8g.JPEG/POST_IMAGE_ENCODING_20260315_164708_875.jpg
course-00274,구씨네부엌 → 4233 마음센터 연남점 → 더마틴 코스,/assets/naver-courses/9e9984a6113c493a9835522d.jpg,구씨네부엌 → 4233 마음센터 연남점 → 더마틴,"음식점, 전시, 카페",구씨네부엌 외관,https://ldb-phinf.pstatic.net/20150831_28/1440989928943oUHeo_JPEG/SUBMIT_1433589203779_31292874.jpg
course-00275,정동전망대 → 아트조선스페이스 → 광화문국밥 본점 코스,/assets/naver-courses/6f58cf338d67aa1d79f45218.jpg,정동전망대 → 아트조선스페이스 → 광화문국밥 본점,"관광, 음식점, 전시",정동전망대,https://storage.doopedia.co.kr/upload/_upload/image5/travel/editor/2023/01/31/20230131203651283.jpg
course-00276,문화역서울284 → 숭례문 → 커피스니퍼 코스,/assets/naver-courses/ffdec69d1e89fabdad8fdfe4.jpg,문화역서울284 → 숭례문 → 커피스니퍼,"관광, 전시, 카페",문화역서울284,http://imgnews.naver.net/image/5400/2017/05/24/0000108772_005_20170524010428734.JPG
course-00277,만동제과 → WP → 뉴스뮤지엄 연희점 코스,/assets/naver-courses/7eb096e28abdf7c38826b991.jpg,만동제과 → WP → 뉴스뮤지엄 연희점,"음식점, 전시, 카페",만동제과 연남점,https://d2uja84sd90jmv.cloudfront.net/posts/Ov_OuNxsOV-Ss79LtzwQGA/ms.jpg?updated=-62167392000
course-00278,잠실지하광장 쇼핑센터 → 송파나루공원 삼전도비 → 이머시브플랫폼딥 코스,,잠실지하광장 쇼핑센터 → 송파나루공원 삼전도비 → 이머시브플랫폼딥,"관광, 쇼핑, 전시",,
course-00279,잠실지하광장 쇼핑센터 → 송파나루공원 삼전도비 → 스타벅스 석촌호수점 코스,,잠실지하광장 쇼핑센터 → 송파나루공원 삼전도비 → 스타벅스 석촌호수점,"관광, 쇼핑, 카페",,
course-00280,일편등심 강남 → 블루보틀 역삼카페 → 이바인체험샵 코스,/assets/naver-courses/701984ea0a3e45695deccc51.jpg,일편등심 강남 → 블루보틀 역삼카페 → 이바인체험샵,"쇼핑, 음식점, 카페",일편등심 강남점,https://ldb-phinf.pstatic.net/20260104_41/1767519980618Nof8T_JPEG/_DSC5955-%C6%ED%C1%FD.jpg
course-00281,브이스퀘어 → 우주로캣 → 육일관 본점 코스,/assets/naver-courses/4126cb6097ccfd3cdbdf84f3.jpg,브이스퀘어 → 우주로캣 → 육일관 본점,"음식점, 전시, 카페",브이스퀘어 건대,https://pup-post-phinf.pstatic.net/MjAyNTEwMDhfNzUg/MDAxNzU5OTAwODU5OTIy.CAkP43wRAbFo4r1fsCDUtP4cGtmWG0R3uWwsAfYt9BUg.fFlXaXPdyWH4oVVOABrLmFyakxz1Q4hxgatNBhZS8O4g.JPEG/POST_IMAGE_ENCODING_20251008_142058_194.jpg
course-00282,브이스퀘어 → 우주로캣 → 훈춘양꼬치 1호점 코스,,브이스퀘어 → 우주로캣 → 훈춘양꼬치 1호점,"음식점, 전시, 카페",,
course-00283,로얄마카롱 → 엘씨오 코스,/assets/naver-courses/0da4b657464109f91fbf7c37.jpg,로얄마카롱 → 엘씨오,"전시, 카페",로얄마카롱,https://ldb-phinf.pstatic.net/20241109_136/1731147923140K38lU_JPEG/%B7%CE%BE%E2%B8%B6%C4%AB%B7%D5_IMG_6178.JPG
course-00284,문화역서울284 → 숭례문 → 텐스퀘어 오슬로 회현 코스,/assets/naver-courses/01356950605766e024e97ceb.jpg,문화역서울284 → 숭례문 → 텐스퀘어 오슬로 회현,"관광, 전시, 카페",문화역서울284,http://imgnews.naver.net/image/5041/2011/08/09/91144_71614_588.jpg
course-00285,동대문디자인플라자 디자인전시관 → 일편등심 강남 코스,/assets/naver-courses/794f5628529e2f910951ef99.jpg,동대문디자인플라자 디자인전시관 → 일편등심 강남,"음식점, 전시",DDP 디자인전시관,http://imgnews.naver.net/image/5551/2017/11/03/0000001576_026_20171103080343969.jpg
course-00286,일편등심 강남 → 루프808 → 창업쇼핑 코스,/assets/naver-courses/5e8e57df65571753165844ed.jpg,일편등심 강남 → 루프808 → 창업쇼핑,"쇼핑, 음식점, 카페",일편등심 강남점,https://ldb-phinf.pstatic.net/20250101_169/1735720847555g4UIH_JPEG/KakaoTalk_20241217_225629954_06.jpg
course-00287,일편등심 강남 → 무신사 스토어 강남 → 힉스커피 코스,/assets/naver-courses/a01dbec5df0beba3ee7e06ae.jpg,일편등심 강남 → 무신사 스토어 강남 → 힉스커피,"쇼핑, 음식점, 카페",일편등심 강남점,https://ldb-phinf.pstatic.net/20260104_37/1767520117182NJj5q_JPEG/_DSC5933-%C6%ED%C1%FD.jpg
course-00288,그라운드시소 센트럴 → 남대문갈치조림골목 → 가메골손왕만두 남대문본점 코스,/assets/naver-courses/4e0a9425e8852f8fb0478dc1.jpg,그라운드시소 센트럴 → 남대문갈치조림골목 → 가메골손왕만두 남대문본점,"관광, 음식점, 전시",그라운드시소 센트럴,https://pup-post-phinf.pstatic.net/MjAyNjA0MDlfMTcg/MDAxNzc1NzMwMDAzOTQ3.EEPILMMKSNtmqlrb0uTcJXbGPRK5rMEIR3BjXeRQMfkg.6-jlPQg1eSaCsmO6zDb0_iBjob9rhzQgE9GH4kKIjPkg.JPEG/897C3CF1-CB3B-4F7E-8984-99191CFF2923.jpg
course-00289,갓잇 문래점 → 베르시 코스,/assets/naver-courses/38958234b63ddd7377eb6b1c.jpg,갓잇 문래점 → 베르시,"음식점, 카페",갓잇 문래점,https://pup-post-phinf.pstatic.net/MjAyNTEyMDdfOTMg/MDAxNzY1MDc4MjgxMTUy.AcLBTobN7-uKdVuPKpIAZXUQ9zTMLPDWMFf4mi0wvNIg.vcmfSNSs204JWNKdFFCg2RXJWdwBidXPMbfc58q3lO0g.JPEG/7CC8C78D-95E9-4EC7-8693-8896FE24EA9A.jpg
course-00290,브이스퀘어 → 스타벅스 건국대점 → 육일관 본점 코스,,브이스퀘어 → 스타벅스 건국대점 → 육일관 본점,"음식점, 전시, 카페",,
course-00291,잠실지하광장 쇼핑센터 → 석촌호수 동호 → 그림제작소 코스,/assets/naver-courses/19378cc2575b1eb891b1f91f.jpg,잠실지하광장 쇼핑센터 → 석촌호수 동호 → 그림제작소,"관광, 쇼핑, 카페",잠실 지하광장,http://imgnews.naver.net/image/5090/2015/12/31/20151231103724572195_99_20151231111605.jpg
course-00292,문화역서울284 → 가메골손왕만두 남대문본점 → 백범광장 코스,/assets/naver-courses/5bafab875846576a8916dd5c.jpg,문화역서울284 → 가메골손왕만두 남대문본점 → 백범광장,"관광, 음식점, 전시",문화역서울284,https://cdn.crowdpic.net/detail-thumb/thumb_d_86CED6D88A30C575B730A79AF50F044D.jpg
course-00293,문화역서울284 → 이이네 → 남산둘레길 코스,/assets/naver-courses/76e2e7bfecdf0e99255298e0.jpg,문화역서울284 → 이이네 → 남산둘레길,"관광, 음식점, 전시",문화역서울284,http://imgnews.naver.net/image/469/2019/06/28/0000400809_002_20190628045813409.jpg
course-00294,브이스퀘어 → 스타벅스 건국대점 → 코노하 건대점 코스,,브이스퀘어 → 스타벅스 건국대점 → 코노하 건대점,"음식점, 전시, 카페",,
course-00295,일편등심 강남 → 힉스커피 → 창업쇼핑 코스,/assets/naver-courses/3c5d8730eaa97e5393b71350.jpg,일편등심 강남 → 힉스커피 → 창업쇼핑,"쇼핑, 음식점, 카페",일편등심 강남점,https://ldb-phinf.pstatic.net/20250101_55/1735721837229Cwvrz_JPEG/KakaoTalk_20241217_225629954_28.jpg
course-00296,노란돼지 → 사당1동먹자골목상점가 → 윤남아트스페이스 코스,/assets/naver-courses/8101dbbf8fa9f4d3150f0017.jpg,노란돼지 → 사당1동먹자골목상점가 → 윤남아트스페이스,"관광, 음식점, 전시",노란돼지 사당,https://pup-post-phinf.pstatic.net/MjAyNjA2MTNfMTc2/MDAxNzgxMzU1OTYxMDQ2.9rV_jzIitVEAOqPSJsxeSwhwGt_y3bH3Nxu_G45lAz0g.bRP0lu3gdPGlJHj8CkjCLLgl6_Tdd5aF1He2dsc0BlAg.JPEG/POST_IMAGE_ENC_20260613_220253_534.jpg
course-00297,노란돼지 → 파스텔시티 → 카페 미토 코스,/assets/naver-courses/b893003217eb33c508b7773b.jpg,노란돼지 → 파스텔시티 → 카페 미토,"쇼핑, 음식점, 카페",노란돼지 사당,https://pup-post-phinf.pstatic.net/MjAyNjA2MTNfNTIg/MDAxNzgxMzU1OTYxNzY1.jH_L045DtceGjMndK4zR27-P8p9iQwSWLZSRh0sLpAcg.yVWsPDs2vzosbKSpPue3HzXC9WM6NOowAXvMtFAiIuog.JPEG/POST_IMAGE_ENC_20260613_220253_638.jpg
course-00298,브이스퀘어 → 스타벅스 건국클래식점 → 건대맛의거리 코스,,브이스퀘어 → 스타벅스 건국클래식점 → 건대맛의거리,"관광, 전시, 카페",,
course-00299,신도림이도식당 → 정동전망대 코스,/assets/naver-courses/e860df079087df39e824ba00.jpg,신도림이도식당 → 정동전망대,"관광, 음식점",신도림이도식당,https://ldb-phinf.pstatic.net/20250428_226/1745798055583G207u_PNG/1000012669.png
course-00300,잠실지하광장 쇼핑센터 → 송파나루공원 삼전도비 → 한정선 잠실롯데월드몰점 코스,/assets/naver-courses/b2b6d9a7358b74ad1e600076.jpg,잠실지하광장 쇼핑센터 → 송파나루공원 삼전도비 → 한정선 잠실롯데월드몰점,"관광, 쇼핑, 카페",잠실 지하광장,https://www.sisul.or.kr/gha/atch/getImg.do?upKey=storeInside1&lnkgSn=2307311641&ordr=1
course-00301,문화역서울284 → 엘카페커피로스터스 → 백범광장 코스,,문화역서울284 → 엘카페커피로스터스 → 백범광장,"관광, 전시, 카페",,
course-00302,문화역서울284 → 이이네 → 텐스퀘어 오슬로 회현 코스,/assets/naver-courses/b1662c9ceefaecae1d257e8e.jpg,문화역서울284 → 이이네 → 텐스퀘어 오슬로 회현,"음식점, 전시, 카페",문화역서울284,http://imgnews.naver.net/image/032/2019/03/25/0002930403_001_20250604090512089.jpg
course-00303,잠실지하광장 쇼핑센터 → 스타벅스 석촌호수점 → 피제리아라고 코스,,잠실지하광장 쇼핑센터 → 스타벅스 석촌호수점 → 피제리아라고,"쇼핑, 음식점, 카페",,
course-00304,일편등심 강남 → 이바인체험샵 → 슬로우커피 코스,/assets/naver-courses/0f09ec968dee3a0525e25072.jpg,일편등심 강남 → 이바인체험샵 → 슬로우커피,"쇼핑, 음식점, 카페",일편등심 강남점,https://ldb-phinf.pstatic.net/20250101_257/1735720890427hnXQT_JPEG/KakaoTalk_20241217_225629954_20.jpg
course-00305,노란돼지 → 스타벅스 사당역점 → 윤남아트스페이스 코스,,노란돼지 → 스타벅스 사당역점 → 윤남아트스페이스,"음식점, 전시, 카페",,
course-00306,잠실지하광장 쇼핑센터 → BGN갤러리 롯데타워점 → 석촌호수 동호 코스,/assets/naver-courses/5a68c280f88c13c8610538b3.jpg,잠실지하광장 쇼핑센터 → BGN갤러리 롯데타워점 → 석촌호수 동호,"관광, 쇼핑, 전시",잠실 지하광장,https://www.sisul.or.kr/gha/atch/getImg.do?upKey=storeInside2&lnkgSn=2307311641&ordr=1
course-00307,브이스퀘어 → 건대맛의거리 → 요비 코스,,브이스퀘어 → 건대맛의거리 → 요비,"관광, 음식점, 전시",,
course-00308,브이스퀘어 → 건대맛의거리 → 카페호이 건대점 코스,,브이스퀘어 → 건대맛의거리 → 카페호이 건대점,"관광, 전시, 카페",,
course-00309,로얄마카롱 → 오레노라멘 강남점 → 스머프매직포레스트 코스,,로얄마카롱 → 오레노라멘 강남점 → 스머프매직포레스트,"관광, 음식점, 카페",,
course-00310,정동전망대 → 덕수정 → 아트조선스페이스 코스,/assets/naver-courses/74f4ae187f2126cb1480fcee.jpg,정동전망대 → 덕수정 → 아트조선스페이스,"관광, 음식점, 전시",정동전망대,https://i.pinimg.com/736x/26/71/30/267130eac786cdd9437907a78d94f5bc.jpg
course-00311,일편등심 강남 → 서리풀푸드트럭존 → 가배도 신논현점 코스,/assets/naver-courses/d6d2267dc245fd92f6d19f77.jpg,일편등심 강남 → 서리풀푸드트럭존 → 가배도 신논현점,"관광, 음식점, 카페",일편등심 강남점,https://ldb-phinf.pstatic.net/20250101_208/1735720970775Hr9lu_JPEG/KakaoTalk_20241217_225629954_15.jpg
course-00312,동대문디자인플라자 디자인전시관 → 진옥화할매원조닭한마리 본점 → 서울유통쇼핑센타 코스,/assets/naver-courses/e4fef8b3ab6512b0fe258440.jpg,동대문디자인플라자 디자인전시관 → 진옥화할매원조닭한마리 본점 → 서울유통쇼핑센타,"쇼핑, 음식점, 전시",DDP 디자인전시관,http://imgnews.naver.net/image/5551/2017/11/03/0000001576_021_20171103080343865.jpg
course-00313,잠실지하광장 쇼핑센터 → 서울스카이 → 그림제작소 코스,,잠실지하광장 쇼핑센터 → 서울스카이 → 그림제작소,"관광, 쇼핑, 카페",,
course-00314,구씨네부엌 → 홍대갤러리 키르큐펠 → 트릭아이뮤지엄 코스,/assets/naver-courses/3cb7d88ec889ff37c688a4ee.jpg,구씨네부엌 → 홍대갤러리 키르큐펠 → 트릭아이뮤지엄,"관광, 음식점, 전시",구씨네부엌 외관,https://ldb-phinf.pstatic.net/20260908_2/1788837007556wMasX_JPEG/KakaoTalk_20260907_163442010_07.jpg
course-00315,잠실지하광장 쇼핑센터 → 에비뉴엘아트홀 → 그림제작소 코스,,잠실지하광장 쇼핑센터 → 에비뉴엘아트홀 → 그림제작소,"쇼핑, 전시, 카페",,
course-00316,건국대학교 일감호 → 앤시넌 → 코노하 건대점 코스,/assets/naver-courses/dc2c32e278e3eddc0fa7ec5e.jpg,건국대학교 일감호 → 앤시넌 → 코노하 건대점,"관광, 음식점, 카페",건국대학교 일감호,https://r1.community.samsung.com/t5/image/serverpage/image-id/12192246i8C45BC7B43E28F9B?v=v2
course-00317,잠실지하광장 쇼핑센터 → 에비뉴엘아트홀 → 피제리아라고 코스,/assets/naver-courses/857db5ead487797a025880c0.jpg,잠실지하광장 쇼핑센터 → 에비뉴엘아트홀 → 피제리아라고,"쇼핑, 음식점, 전시",잠실 지하광장,https://www.sisul.or.kr/gha/atch/getImg.do?upKey=storeGds2&lnkgSn=2307311647&ordr=1
course-00318,문화역서울284 → 베르시 → 현대수산 코스,/assets/naver-courses/128f49a193115ea8d98d0247.jpg,문화역서울284 → 베르시 → 현대수산,"음식점, 전시, 카페",문화역서울284,https://mediahub.seoul.go.kr/uploads/mediahub/2022/03/tUjeIIVOyEwzfxUxFrqUGTxgOgdhyzRY.jpg
course-00319,잠실지하광장 쇼핑센터 → 서울스카이 → 피제리아라고 코스,,잠실지하광장 쇼핑센터 → 서울스카이 → 피제리아라고,"관광, 쇼핑, 음식점",,
course-00320,아트팩토리체험공방 → 일편등심 강남 코스,,아트팩토리체험공방 → 일편등심 강남,"음식점, 체험",,
course-00321,정동전망대 → 문화역서울284 코스,/assets/naver-courses/deb97c86bfca2baa8c8b4389.jpg,정동전망대 → 문화역서울284,"관광, 전시",정동전망대,https://pup-post-phinf.pstatic.net/MjAyNjAzMTRfODMg/MDAxNzczNDUwOTQxNTU1.tuxWMealA0Q2K_agUx_rIwMd910Uz6o6kgNWw03MMX4g.qudi5M7HC9NHXuC_gtRq85R9e1kkC3LJ2NvLA6mhzwIg.JPEG/POST_IMAGE_ENCODING_20260314_101539_873.jpg
course-00322,구씨네부엌 → 농협경제지주 온라인사업부 → 스타광장 코스,,구씨네부엌 → 농협경제지주 온라인사업부 → 스타광장,"관광, 쇼핑, 음식점",,
course-00323,노란돼지 → 그루타 → 윤남아트스페이스 코스,,노란돼지 → 그루타 → 윤남아트스페이스,"음식점, 전시, 카페",,
course-00324,태양커피 서울사당점 → 미소네 → 사당1동먹자골목상점가 코스,,태양커피 서울사당점 → 미소네 → 사당1동먹자골목상점가,"관광, 음식점, 카페",,
course-00325,만동제과 → AC'SCENT(악센트) → 문베어 코스,/assets/naver-courses/73ea3dc61b85cfd8d9dedd9b.jpg,만동제과 → AC'SCENT(악센트) → 문베어,"음식점, 전시, 카페",만동제과 연남점,https://d2uja84sd90jmv.cloudfront.net/posts/dvzmtWo2EfZQ8wwyu3cjFQ/ms.jpg?updated=-62167392000
course-00326,구씨네부엌 → 스페이스갤러리아 서울홍대 → 버터앤쉘터 연남점 코스,/assets/naver-courses/c8488ac1558bb4903f9495b3.jpg,구씨네부엌 → 스페이스갤러리아 서울홍대 → 버터앤쉘터 연남점,"음식점, 전시, 카페",구씨네부엌 외관,https://ldb-phinf.pstatic.net/20260908_226/1788837009396Q3ftT_JPEG/KakaoTalk_20260907_163442010_11.jpg
course-00327,만동제과 → WP → 모모룸 코스,/assets/naver-courses/73fb71cb9543abe3ab0b4edb.jpg,만동제과 → WP → 모모룸,"음식점, 전시, 카페",만동제과 연남점,https://pup-post-phinf.pstatic.net/MjAyNTEyMDlfMjI1/MDAxNzY1MjU3ODk1OTc4.QVTJ-aE64LWPp2QeNDcOCWManmDEPOCMMVPkVmn7vQwg.u1IqCbdmT-N69uedaAt6NAoUGvoQUY69bUqdMVvfgV8g.JPEG/E45B1CC1-F779-4210-828D-AF91A913815F.jpg
course-00328,일편등심 강남 → 서리풀푸드트럭존 → 힉스커피 코스,/assets/naver-courses/d786d519b530f21f3a6db0d9.jpg,일편등심 강남 → 서리풀푸드트럭존 → 힉스커피,"관광, 음식점, 카페",일편등심 강남점,https://ldb-phinf.pstatic.net/20250101_126/17357209219839VlDG_JPEG/KakaoTalk_20241217_225629954_13.jpg
course-00329,잠실지하광장 쇼핑센터 → 송파나루공원 삼전도비 → 넥스트뮤지엄 코스,/assets/naver-courses/9e2223ecf9db5cc379f9e369.jpg,잠실지하광장 쇼핑센터 → 송파나루공원 삼전도비 → 넥스트뮤지엄,"관광, 쇼핑, 전시",잠실 지하광장,https://www.sisul.or.kr/gha/atch/getImg.do?upKey=storeExterior&lnkgSn=2307311650&ordr=1
course-00330,아트팩토리체험공방 → 띵똥와플 본점 → 왕십리광장 코스,,아트팩토리체험공방 → 띵똥와플 본점 → 왕십리광장,"관광, 음식점, 체험",,
course-00331,신도림이도식당 → 더세인트41 → 그녀만의쇼핑 코스,/assets/naver-courses/c808ffaee8850587da5a7275.jpg,신도림이도식당 → 더세인트41 → 그녀만의쇼핑,"쇼핑, 음식점, 카페",신도림이도식당,https://ldb-phinf.pstatic.net/20171017_273/1508237660129iOF7h_JPEG/qADlk9FDqdAWQajTXmUlZ7-X.jpg
course-00332,노란돼지 → 파스텔시티 → 머치커피 코스,,노란돼지 → 파스텔시티 → 머치커피,"쇼핑, 음식점, 카페",,
course-00333,잠실지하광장 쇼핑센터 → 동대문디자인플라자 디자인전시관 코스,/assets/naver-courses/3ccb9250282cfb79a69936f3.jpg,잠실지하광장 쇼핑센터 → 동대문디자인플라자 디자인전시관,"쇼핑, 전시",잠실 지하광장,https://www.sisul.or.kr/gha/atch/getImg.do?upKey=storeExterior&lnkgSn=2307311648&ordr=1
course-00334,구씨네부엌 → 비뮤티커피 → 서울명예도로 끼리끼리5길 코스,/assets/naver-courses/8758efc781fc793041d459ed.jpg,구씨네부엌 → 비뮤티커피 → 서울명예도로 끼리끼리5길,"관광, 음식점, 카페",구씨네부엌 외관,https://ldb-phinf.pstatic.net/20260908_39/1788837009582Pkf9G_JPEG/KakaoTalk_20260907_163442010_01.jpg
course-00335,구씨네부엌 → 테이블에이 → 농협경제지주 온라인사업부 코스,/assets/naver-courses/30d0fea08755d84e212c7a3d.jpg,구씨네부엌 → 테이블에이 → 농협경제지주 온라인사업부,"관광, 쇼핑, 음식점",구씨네부엌 외관,https://ldb-phinf.pstatic.net/20260908_135/1788837007559tt1Yg_JPEG/KakaoTalk_20260907_163442010_03.jpg
course-00336,일편등심 강남 → 서리풀푸드트럭존 → 루프808 코스,/assets/naver-courses/48522ddd5be5fd3adc9c53b4.jpg,일편등심 강남 → 서리풀푸드트럭존 → 루프808,"관광, 음식점, 카페",일편등심 강남점,https://ldb-phinf.pstatic.net/20231011_235/1697008512687TNRIz_PNG/20231011_161257.png
course-00337,문화역서울284 → 남대문칼국수골목 → 농민백암순대 시청직영점 코스,/assets/naver-courses/056452ffcbeb779eccde91d0.jpg,문화역서울284 → 남대문칼국수골목 → 농민백암순대 시청직영점,"관광, 음식점, 전시",문화역서울284,http://imgnews.naver.net/image/5851/2022/07/19/0000000826_001_20220719143203405.png
course-00338,잠실지하광장 쇼핑센터 → 롯데갤러리아트홀 → 스타벅스 석촌호수점 코스,,잠실지하광장 쇼핑센터 → 롯데갤러리아트홀 → 스타벅스 석촌호수점,"쇼핑, 전시, 카페",,
course-00339,문화역서울284 → 희락갈치 → 커피스니퍼 코스,/assets/naver-courses/2a4d9bb16b0de4e8696e69f3.jpg,문화역서울284 → 희락갈치 → 커피스니퍼,"음식점, 전시, 카페",문화역서울284,http://imgnews.naver.net/image/5003/2014/04/17/20140417101327_438922_431_251_59_20140417103504.jpg
course-00340,일편등심 강남 → 셀렉티드닉스 → 무신사 스토어 강남 코스,/assets/naver-courses/a79f1745d89d7defbdb4ef11.jpg,일편등심 강남 → 셀렉티드닉스 → 무신사 스토어 강남,"쇼핑, 음식점, 카페",일편등심 강남점,https://ldb-phinf.pstatic.net/20231011_89/1697008512900Pf4VJ_PNG/20231011_161318.png
course-00341,구씨네부엌 → 호러스위치 → 윤형근의 집 코스,,구씨네부엌 → 호러스위치 → 윤형근의 집,"관광, 음식점, 전시",,
course-00342,문화역서울284 → 남대문갈치조림골목 → 커피스니퍼 코스,/assets/naver-courses/cd979a19d63e8349664727e8.jpg,문화역서울284 → 남대문갈치조림골목 → 커피스니퍼,"관광, 전시, 카페",문화역서울284,https://pup-post-phinf.pstatic.net/MjAyNjA4MDhfMTU0/MDAxNzg2MTYyMjAzODAw.GF6tEzIMTHvOUCnp1CHjX-xYkJYLFmYtJdZefbj3MDgg.EeQ-U9G8w4rdvMItm44YS9ZI3YHo_udCg2MCWDW5xZUg.JPEG/POST_IMAGE_ENC_20260808_130716_655.jpg
course-00343,노란돼지 → 파스텔시티 → 그루타 코스,,노란돼지 → 파스텔시티 → 그루타,"쇼핑, 음식점, 카페",,
course-00344,그라운드시소 센트럴 → 남대문칼국수골목 → 희락갈치 코스,/assets/naver-courses/520998b11fc72e20271f641d.jpg,그라운드시소 센트럴 → 남대문칼국수골목 → 희락갈치,"관광, 음식점, 전시",그라운드시소 센트럴,https://pup-post-phinf.pstatic.net/MjAyNjA4MDNfMjIy/MDAxNzg1NzI2NTc3MjE3.75IVEVYkE-TdIU5Iuj6BUQyQ1WssdBgTEfBSaTDV_xsg.Ae2L-naTwZ-8xwYf8iob_TG4vpkx0hAAvm8CI16yncog.JPEG/PostEncodingTask.6D28267E-5245-405D-B5AF-2A20D4A3B5C2.jpg
course-00345,일편등심 강남 → 서리풀푸드트럭존 → 슬로우커피 코스,/assets/naver-courses/e7d20c91a0a6186d70f1937d.jpg,일편등심 강남 → 서리풀푸드트럭존 → 슬로우커피,"관광, 음식점, 카페",일편등심 강남점,https://ldb-phinf.pstatic.net/20260104_181/1767520214077dqQr2_JPEG/_DSC6307-%C6%ED%C1%FD.jpg
course-00346,로얄마카롱 → 스머프매직포레스트 → 무신사 스토어 강남 코스,/assets/naver-courses/6a163a0ae6afbaf5126cafaa.jpg,로얄마카롱 → 스머프매직포레스트 → 무신사 스토어 강남,"관광, 쇼핑, 카페",로얄마카롱,http://shop1.phinf.naver.net/20230807_3/1691411565355mtSi5_JPEG/6337253473579612_1424527006.jpg
course-00347,신도림이도식당 → 구캔갤러리 → 도림천 코스,/assets/naver-courses/649f07da800180b034883ffa.jpg,신도림이도식당 → 구캔갤러리 → 도림천,"관광, 음식점, 전시",신도림이도식당,https://ldb-phinf.pstatic.net/20250428_283/17457983207500NmCv_JPEG/1000012728.jpg
course-00348,신도림이도식당 → 구로스마트라운지 → 그린머그 코스,/assets/naver-courses/60abf424e148a2be3fa7c717.jpg,신도림이도식당 → 구로스마트라운지 → 그린머그,"음식점, 전시, 카페",신도림이도식당,https://ldb-phinf.pstatic.net/20250428_12/1745797902667gJPXA_PNG/1000012805.png
course-00349,신도림이도식당 → 에스프리노블 → 공간사일삼 코스,/assets/naver-courses/1807febf565701ef399cc722.jpg,신도림이도식당 → 에스프리노블 → 공간사일삼,"음식점, 전시, 카페",신도림이도식당,https://ldb-phinf.pstatic.net/20251026_93/1761479224006kjpsh_PNG/1759396206763.png
course-00350,커넥트투 → 한정선 잠실롯데월드몰점 → 석촌호수 동호 코스,/assets/naver-courses/71b1689490498e44202f1c70.jpg,커넥트투 → 한정선 잠실롯데월드몰점 → 석촌호수 동호,"관광, 전시, 카페",커넥트투,http://imgnews.naver.net/image/5268/2024/12/25/0002030920_001_20241225060017999.jpg
course-00351,일편등심 강남 → 블루보틀 역삼카페 → 창업쇼핑 코스,/assets/naver-courses/720085b33984406b5e8f5cac.jpg,일편등심 강남 → 블루보틀 역삼카페 → 창업쇼핑,"쇼핑, 음식점, 카페",일편등심 강남점,https://ldb-phinf.pstatic.net/20260104_211/17675201667485geWa_JPEG/_DSC6293-%C6%ED%C1%FD.jpg
course-00352,일편등심 강남 → 셀렉티드닉스 → 스머프매직포레스트 코스,/assets/naver-courses/183cdf35361079cb41c3baba.jpg,일편등심 강남 → 셀렉티드닉스 → 스머프매직포레스트,"관광, 음식점, 카페",일편등심 강남점,https://ldb-phinf.pstatic.net/20260104_139/1767520194417BnIH2_JPEG/_DSC6346-%C6%ED%C1%FD.jpg
course-00353,그라운드시소 센트럴 → 숭례문 → 농민백암순대 시청직영점 코스,,그라운드시소 센트럴 → 숭례문 → 농민백암순대 시청직영점,"관광, 음식점, 전시",,
course-00354,만동제과 → AC'SCENT(악센트) → 농협경제지주 온라인사업부 코스,,만동제과 → AC'SCENT(악센트) → 농협경제지주 온라인사업부,"쇼핑, 음식점, 전시",,
course-00355,노란돼지 → 태양커피 서울사당점 → 윤남아트스페이스 코스,,노란돼지 → 태양커피 서울사당점 → 윤남아트스페이스,"음식점, 전시, 카페",,
course-00356,일편등심 강남 → 서리풀푸드트럭존 → 창업쇼핑 코스,/assets/naver-courses/7786f850931af65dd80e0b97.jpg,일편등심 강남 → 서리풀푸드트럭존 → 창업쇼핑,"관광, 쇼핑, 음식점",일편등심 강남점,https://ldb-phinf.pstatic.net/20260104_79/1767521027769oh9kn_JPEG/_DSC6256-%C6%ED%C1%FD.jpg
course-00357,잠실지하광장 쇼핑센터 → 송파나루공원 삼전도비 → 피제리아라고 코스,,잠실지하광장 쇼핑센터 → 송파나루공원 삼전도비 → 피제리아라고,"관광, 쇼핑, 음식점",,
course-00358,잠실지하광장 쇼핑센터 → 롯데갤러리아트홀 → 그림제작소 코스,,잠실지하광장 쇼핑센터 → 롯데갤러리아트홀 → 그림제작소,"쇼핑, 전시, 카페",,
course-00359,문화역서울284 → 이이네 → 남산하늘숲길 소월정원 코스,,문화역서울284 → 이이네 → 남산하늘숲길 소월정원,"관광, 음식점, 전시",,
course-00360,신도림이도식당 → 아트팩토리체험공방 코스,/assets/naver-courses/b21ef31d9fdec51d5be2e05a.jpg,신도림이도식당 → 아트팩토리체험공방,"음식점, 체험",신도림이도식당,https://d12zq4w4guyljn.cloudfront.net/750_750_20250905155726_photo1_ceaf0ea13830.jpg
course-00361,구씨네부엌 → 스페이스갤러리아 서울홍대 → 서울명예도로 끼리끼리5길 코스,/assets/naver-courses/7dfada262111967ecb017fba.jpg,구씨네부엌 → 스페이스갤러리아 서울홍대 → 서울명예도로 끼리끼리5길,"관광, 음식점, 전시",구씨네부엌 외관,https://image-logo.alba.kr/%2Fdata_image2%2Fcomlogo%2F202408%2F2024082308215986070_0_m.jpg
course-00362,만동제과 → WP → 아이아이 연희 코스,,만동제과 → WP → 아이아이 연희,"음식점, 전시, 카페",,
course-00363,일편등심 강남 → 블루보틀 역삼카페 → 더샵스앳센터필드 코스,/assets/naver-courses/cf274a5a48ea89c62fb3fae5.jpg,일편등심 강남 → 블루보틀 역삼카페 → 더샵스앳센터필드,"쇼핑, 음식점, 카페",일편등심 강남점,https://ldb-phinf.pstatic.net/20250101_124/1735721837305nGpH9_JPEG/KakaoTalk_20241217_225629954_27.jpg
course-00364,일편등심 강남 → 블루보틀 역삼카페 → 캐논갤러리 코스,/assets/naver-courses/394adff407b864b5f66c0a3c.jpg,일편등심 강남 → 블루보틀 역삼카페 → 캐논갤러리,"음식점, 전시, 카페",일편등심 강남점,https://ldb-phinf.pstatic.net/20260226_89/1772096376827bLhv8_JPEG/KakaoTalk_20260226_154515282.png.jpg
course-00365,구씨네부엌 → 토로스쇼핑타워 → 호러스위치 코스,/assets/naver-courses/336a30abded1382e00020606.jpg,구씨네부엌 → 토로스쇼핑타워 → 호러스위치,"관광, 쇼핑, 음식점",구씨네부엌 외관,https://img1.daumcdn.net/thumb/R720x0.q80/?fname=https%3A%2F%2Ft1.daumcdn.net%2Fcfile%2Ftistory%2F99A7203359E064F837
course-00366,브이스퀘어 → 건대맛의거리 → 코노하 건대점 코스,,브이스퀘어 → 건대맛의거리 → 코노하 건대점,"관광, 음식점, 전시",,
course-00367,일편등심 강남 → 서리풀푸드트럭존 → 크리에잇쿠키 역삼점 코스,/assets/naver-courses/1eb317e949648a8b1222ec04.jpg,일편등심 강남 → 서리풀푸드트럭존 → 크리에잇쿠키 역삼점,"관광, 음식점, 카페",일편등심 강남점,https://pup-post-phinf.pstatic.net/MjAyNjA1MjNfMTAy/MDAxNzc5NTM1ODgyNDAx.yRKGpD2I-9TX4RBI11Bbtd_SOXuwJoaQX_Zw-BfzUqIg.sQhN9KgCO1DNrNgoU23NkGuWTWr8n7tVYiC21dbX5log.JPEG/POST_IMAGE_ENC_20260523_202959_875.jpg
course-00368,일편등심 강남 → 스머프매직포레스트 → 크리에잇쿠키 역삼점 코스,,일편등심 강남 → 스머프매직포레스트 → 크리에잇쿠키 역삼점,"관광, 음식점, 카페",,
course-00369,만동제과 → 금옥당 연희점 → 모모룸 코스,/assets/naver-courses/a67e7872f1a0b9e621fd8be4.jpg,만동제과 → 금옥당 연희점 → 모모룸,"음식점, 전시, 카페",만동제과 연남점,https://pup-post-phinf.pstatic.net/MjAyNjA5MjVfMjc5/MDAxNzkwMzE2OTA0NTIx.gHVHfpEpA_bfcb6QY7eq9_LKLGDEbKKSAPVV9VuR7sQg.cj_WM_LWe8ylY1E_g93QpuSWez6tAE82f_GcG0piezIg.JPEG/PostEncodingTask.097A82C9-4E8B-4007-BB5A-48C8645CD043.jpg
course-00370,잠실지하광장 쇼핑센터 → 송파나루공원 삼전도비 → BGN갤러리 롯데타워점 코스,,잠실지하광장 쇼핑센터 → 송파나루공원 삼전도비 → BGN갤러리 롯데타워점,"관광, 쇼핑, 전시",,
course-00371,잠실지하광장 쇼핑센터 → 에비뉴엘아트홀 → 석촌호수 서호 코스,,잠실지하광장 쇼핑센터 → 에비뉴엘아트홀 → 석촌호수 서호,"관광, 쇼핑, 전시",,
course-00372,만동제과 → 엔지니어링역사관 코스,/assets/naver-courses/14ba30d6fdd78432e3607f66.jpg,만동제과 → 엔지니어링역사관,"음식점, 전시",만동제과 연남점,https://d12zq4w4guyljn.cloudfront.net/20260920015911821_photo_fc9c2021d80d.webp
course-00373,일편등심 강남 → 크리에잇쿠키 역삼점 → 캐논갤러리 코스,/assets/naver-courses/19bf739b1cc62be1a8e4967f.jpg,일편등심 강남 → 크리에잇쿠키 역삼점 → 캐논갤러리,"음식점, 전시, 카페",일편등심 강남점,https://ldb-phinf.pstatic.net/20191104_124/1572850956289GdHTT_JPEG/K61IWJLYVDA3hAKnlodiV5G5.JPG.jpg
course-00374,로얄마카롱 → 까사생갈비 → 무신사 스토어 강남 코스,,로얄마카롱 → 까사생갈비 → 무신사 스토어 강남,"쇼핑, 음식점, 카페",,
course-00375,건국대학교 일감호 → 현대수산 코스,/assets/naver-courses/5b84c882a6852fa82693695b.jpg,건국대학교 일감호 → 현대수산,"관광, 음식점",건국대학교 일감호,https://i.pinimg.com/originals/0d/91/77/0d9177e9d6cd98fd47999e58d70b1629.jpg
course-00376,아트팩토리체험공방 → 타이파 → 왕십리갤러리허브 코스,,아트팩토리체험공방 → 타이파 → 왕십리갤러리허브,"전시, 체험, 카페",,
course-00377,문화역서울284 → 남대문칼국수골목 → 애성회관 코스,/assets/naver-courses/7b4b1b1d628919c11f587f41.jpg,문화역서울284 → 남대문칼국수골목 → 애성회관,"관광, 음식점, 전시",문화역서울284,http://imgnews.naver.net/image/5851/2022/07/20/0000000835_003_20220720184203451.jpg
course-00378,구씨네부엌 → 덕스(DUEX) → 버터앤쉘터 연남점 코스,,구씨네부엌 → 덕스(DUEX) → 버터앤쉘터 연남점,"음식점, 전시, 카페",,
course-00379,문화역서울284 → 애성회관 → 커피스니퍼 코스,/assets/naver-courses/1f90c40fd6752f0db0b493d6.jpg,문화역서울284 → 애성회관 → 커피스니퍼,"음식점, 전시, 카페",문화역서울284,http://imgnews.naver.net/image/001/2016/04/29/AKR20160429135400005_01_i_99_20160429161026.jpg
course-00380,문화역서울284 → 쇼핑하는사람들 → 남산하늘숲길 소월정원 코스,/assets/naver-courses/d7c2e8266a8a1cf95da8eb3d.jpg,문화역서울284 → 쇼핑하는사람들 → 남산하늘숲길 소월정원,"관광, 쇼핑, 전시",문화역서울284,https://d2uja84sd90jmv.cloudfront.net/posts/odjlPa3cgGELTgpUM2_rfw/ms.jpg?updated=-62167392000
course-00381,로얄마카롱 → 자매수산 → 서리풀푸드트럭존 코스,/assets/naver-courses/7993a42b1499684434b86d43.jpg,로얄마카롱 → 자매수산 → 서리풀푸드트럭존,"관광, 음식점, 카페",로얄마카롱,https://d12zq4w4guyljn.cloudfront.net/20260125105641_photo5_8cfb2e051633.webp
course-00382,건국대학교 일감호 → 스타벅스 건국대점 → 육일관 본점 코스,/assets/naver-courses/95694fc64c7d2e34709b3281.jpg,건국대학교 일감호 → 스타벅스 건국대점 → 육일관 본점,"관광, 음식점, 카페",건국대학교 일감호,https://pup-post-phinf.pstatic.net/MjAyNjA0MjJfMjQ5/MDAxNzc2ODE4Mzg2MDQ2.mk1VjhdVIRBWl2P_lPZwC6UyGNGhtvydSrU0oOIhmtog.pyppBKTV2x6BfO7imMVZFdPWae5ylh3Gvq3YEMb7wjkg.JPEG/POST_IMAGE_ENCODING_20260422_093945_432.jpg
course-00383,동대문디자인플라자 디자인전시관 → 던던 동대문점 → 진옥화할매원조닭한마리 본점 코스,/assets/naver-courses/c6047538f0490ea1be7daa2d.jpg,동대문디자인플라자 디자인전시관 → 던던 동대문점 → 진옥화할매원조닭한마리 본점,"쇼핑, 음식점, 전시",DDP 디자인전시관,http://imgnews.naver.net/image/5551/2017/11/03/0000001576_007_20171103080343574.jpg
course-00384,일편등심 강남 → 크리에잇쿠키 역삼점 → 더샵스앳센터필드 코스,,일편등심 강남 → 크리에잇쿠키 역삼점 → 더샵스앳센터필드,"쇼핑, 음식점, 카페",,
course-00385,일편등심 강남 → 힉스커피 → 캐논갤러리 코스,,일편등심 강남 → 힉스커피 → 캐논갤러리,"음식점, 전시, 카페",,
course-00386,브이스퀘어 → 스타벅스 건국대점 → 요비 코스,,브이스퀘어 → 스타벅스 건국대점 → 요비,"음식점, 전시, 카페",,
course-00387,태양커피 서울사당점 → 참치마니아 → 사당1동먹자골목상점가 코스,,태양커피 서울사당점 → 참치마니아 → 사당1동먹자골목상점가,"관광, 음식점, 카페",,
course-00388,잠실지하광장 쇼핑센터 → 에비뉴엘아트홀 → 화반 방이점 코스,,잠실지하광장 쇼핑센터 → 에비뉴엘아트홀 → 화반 방이점,"쇼핑, 음식점, 전시",,
course-00389,로얄마카롱 → 스머프매직포레스트 → 창업쇼핑 코스,/assets/naver-courses/0583bc4a69d6e8805e8c68e0.jpg,로얄마카롱 → 스머프매직포레스트 → 창업쇼핑,"관광, 쇼핑, 카페",로얄마카롱,https://pup-post-phinf.pstatic.net/MjAyNjAxMDVfMTA4/MDAxNzY3NjE2OTk3MzQ0.rRzTWEalxW1g9lIW4UOGwQpsrcU0veSmCs-2vbd589Ug.rJ1A3kVFWF0SXf1BZxxtX-S2u1ZsZtSpoRXuYSUBKHEg.JPEG/POST_IMAGE_ENCODING_20260105_214316_255.jpg
course-00390,문화역서울284 → 쇼핑하는사람들 → 남산둘레길 코스,/assets/naver-courses/d539baecba441443f4b5864f.jpg,문화역서울284 → 쇼핑하는사람들 → 남산둘레길,"관광, 쇼핑, 전시",문화역서울284,https://pup-post-phinf.pstatic.net/MjAyNjA3MTVfNzQg/MDAxNzg0MDk4NzY0ODY3.OVfT8PehFeMSi9rf2f9U9hE61ESts__FqII-ZV9i33Qg.wY8eDcamJCidlAXoK1GIXIdHyJTR4YL9jtPBZGTqjWYg.JPEG/POST_IMAGE_ENC_20260715_155829_448.jpg
course-00391,정동전망대 → 전광수커피하우스 정동점 → 아트조선스페이스 코스,/assets/naver-courses/adb92a752aff41477c279db3.jpg,정동전망대 → 전광수커피하우스 정동점 → 아트조선스페이스,"관광, 전시, 카페",정동전망대,https://korean.visitseoul.net/comm/getImage?srvcId=MEDIA&parentSn=70903&fileTy=MEDIA&fileNo=1
course-00392,문화역서울284 → 쌍대포 본점 → 먼데이피크닉 코스,/assets/naver-courses/725276d5eb71c962a4ed7f45.jpg,문화역서울284 → 쌍대포 본점 → 먼데이피크닉,"음식점, 전시, 카페",문화역서울284,http://imgnews.naver.net/image/5856/2023/04/03/0000003510_002_20230407200403120.jpg
course-00393,노란돼지 → 사당1동먹자골목상점가 → 리요리요커피 코스,,노란돼지 → 사당1동먹자골목상점가 → 리요리요커피,"관광, 음식점, 카페",,
course-00394,그라운드시소 센트럴 → 숭례문 → 금성관 코스,/assets/naver-courses/522760f39888c72693bca118.jpg,그라운드시소 센트럴 → 숭례문 → 금성관,"관광, 음식점, 전시",그라운드시소 센트럴,https://pup-post-phinf.pstatic.net/MjAyNTExMjJfNDgg/MDAxNzYzNzk1ODY4ODgx.4H1oF6FF4wFu0ftmoFPKjcGCbo9oGntLqPD0lkViLvUg.JqOW3bq075zNS9H7RD8Q-3TMkMfPyST6qV3qNKF0YqYg.JPEG/4D7CD025-E611-48E4-AF9A-8EE6F3EA40CB.jpg
course-00395,커넥트투 → 서울스카이 → 잠실지하광장 쇼핑센터 코스,/assets/naver-courses/e36af18d1f3a5c66fe058853.jpg,커넥트투 → 서울스카이 → 잠실지하광장 쇼핑센터,"관광, 쇼핑, 전시",커넥트투,http://imgnews.naver.net/image/5731/2022/10/24/0000039898_001_20221024182003372.jpg
course-00396,노란돼지 → 윤남아트스페이스 → 리요리요커피 코스,,노란돼지 → 윤남아트스페이스 → 리요리요커피,"음식점, 전시, 카페",,
course-00397,잠실지하광장 쇼핑센터 → 서울스카이 → 화반 방이점 코스,,잠실지하광장 쇼핑센터 → 서울스카이 → 화반 방이점,"관광, 쇼핑, 음식점",,
course-00398,그라운드시소 센트럴 → 콘피 코스,/assets/naver-courses/2a422e693d9b076ec02c380c.jpg,그라운드시소 센트럴 → 콘피,"전시, 카페",그라운드시소 센트럴,https://pup-post-phinf.pstatic.net/MjAyNjA5MjZfMTMg/MDAxNzkwMzk0Mzc5OTI5.2hR-rEzjTsfLDOuQpP4E2ZWTHZo9JxcVOPRo2FsNuYEg.f4O1Vz0VdJqTSOIcUrHDgy2EGf7_P7o0IL_UlADZJrcg.JPEG/POST_IMAGE_ENC_20260926_124526_469.jpg
course-00399,일편등심 강남 → 이바인체험샵 → 썸띵어바웃커피 코스,/assets/naver-courses/7304afa4446b4e65f757b6da.jpg,일편등심 강남 → 이바인체험샵 → 썸띵어바웃커피,"쇼핑, 음식점, 카페",일편등심 강남점,https://ldb-phinf.pstatic.net/20191104_11/1572851135245jdTJ3_JPEG/D-LJtdiyLRLkiDv-gIv7Yu-G.JPG.jpg
course-00400,문화역서울284 → 금성관 → 커피스니퍼 코스,/assets/naver-courses/23cdb88d375ec5b7a8975a0d.jpg,문화역서울284 → 금성관 → 커피스니퍼,"음식점, 전시, 카페",문화역서울284,https://mediahub.seoul.go.kr/uploads/mediahub/2023/05/mSFMmVBdaVrTqQbLyNwSApSDvqjdMCpg.jpg
course-00401,잠실지하광장 쇼핑센터 → 한정선 잠실롯데월드몰점 → 화반 방이점 코스,,잠실지하광장 쇼핑센터 → 한정선 잠실롯데월드몰점 → 화반 방이점,"쇼핑, 음식점, 카페",,
course-00402,정동전망대 → 구씨네부엌 코스,/assets/naver-courses/51f8d58cc02e683c6272a670.jpg,정동전망대 → 구씨네부엌,"관광, 음식점",정동전망대,https://pup-post-phinf.pstatic.net/MjAyNTExMzBfMTYw/MDAxNzY0NDg2MzcwMDY0.W62a_qvs0if3woGKU0dGEajxvexI9fjzg-u2PmBWZLwg.usL5ge1uqjmTrq5SXuCPIhowtVIpcxedEScPvQq_P_Mg.JPEG/8538D317-4681-457D-AAEE-73A3DC5366C3.jpg
course-00403,일편등심 강남 → 썸띵어바웃커피 → 캐논갤러리 코스,/assets/naver-courses/35f05ee7748d110912ab537b.jpg,일편등심 강남 → 썸띵어바웃커피 → 캐논갤러리,"음식점, 전시, 카페",일편등심 강남점,https://ldb-phinf.pstatic.net/20191104_107/1572851059793iERTO_JPEG/DRD28RCrBmCgYtNe8RwftpZM.JPG.jpg
course-00404,커넥트투 → 엔지니어링역사관 코스,/assets/naver-courses/aca988e09cd1ab1f8c1e347f.jpg,커넥트투 → 엔지니어링역사관,전시,커넥트투,http://imgnews.naver.net/image/5029/2022/04/29/0000085377_002_20220429100201130.jpg
course-00405,동대문디자인플라자 디자인전시관 → 진옥화할매원조닭한마리 본점 → 버터스카치 코스,/assets/naver-courses/c6ddcc5a19b00e5476aa95a5.jpg,동대문디자인플라자 디자인전시관 → 진옥화할매원조닭한마리 본점 → 버터스카치,"음식점, 전시, 카페",DDP 디자인전시관,http://imgnews.naver.net/image/5551/2017/11/03/0000001576_027_20171103080343988.jpg
course-00406,신도림이도식당 → 구로스마트라운지 → 그녀만의쇼핑 코스,/assets/naver-courses/ce77a49f5c6018d690893f29.jpg,신도림이도식당 → 구로스마트라운지 → 그녀만의쇼핑,"쇼핑, 음식점, 전시",신도림이도식당,https://ldb-phinf.pstatic.net/20250428_87/1745798397671urbYn_JPEG/1000013120.jpg
course-00407,잠실지하광장 쇼핑센터 → 석촌호수 동호 → 스타벅스 석촌호수점 코스,,잠실지하광장 쇼핑센터 → 석촌호수 동호 → 스타벅스 석촌호수점,"관광, 쇼핑, 카페",,
course-00408,문화역서울284 → 농민백암순대 시청직영점 → 정동전망대 코스,/assets/naver-courses/d8b750a09c8c567c481debef.jpg,문화역서울284 → 농민백암순대 시청직영점 → 정동전망대,"관광, 음식점, 전시",문화역서울284,https://pup-post-phinf.pstatic.net/MjAyNTExMjlfNSAg/MDAxNzY0NDE5ODE4NTMx.6zZDtERlDuNZJ9Z-UjfxwVOb_kfiMXVQh0UCNdXqVIgg.Hq-z3C4ZUefJFKkHNFQcFLW9TkWc79zg0Ai7lfftdMEg.JPEG/POST_IMAGE_ENCODING_20251129_213655_706.jpg
course-00409,타이파 → 엔지니어링역사관 코스,/assets/naver-courses/bc95104d1c9809fb6da1d5be.jpg,타이파 → 엔지니어링역사관,"전시, 카페",왕십리 타이파,https://pup-post-phinf.pstatic.net/MjAyNjAxMTZfMzIg/MDAxNzY4NTAwOTE1MzQ1.yfb_rnZ4aeaU23fEMOtsSO97exDnqY60265mmB9BEB4g.4gECyY1EeuF3XdiHpFl_fvZjuOJmm9K-cnR26E6atEog.JPEG/F58DA314-1B5C-45D0-881B-51891A74880E.jpg
course-00410,정동전망대 → 덕수정 → 서울도시건축전시관 코스,/assets/naver-courses/b81c493ad346f8aefee354b3.jpg,정동전망대 → 덕수정 → 서울도시건축전시관,"관광, 음식점, 전시",정동전망대,http://imgnews.naver.net/image/119/2024/03/31/0002815370_001_20240331125001287.jpg
course-00411,잠실지하광장 쇼핑센터 → 석촌호수 동호 → 뮤지엄209 코스,,잠실지하광장 쇼핑센터 → 석촌호수 동호 → 뮤지엄209,"관광, 쇼핑, 전시",,
course-00412,신도림이도식당 → 구로스마트라운지 → 카페솔트 코스,/assets/naver-courses/eb361048a503075376e73f04.jpg,신도림이도식당 → 구로스마트라운지 → 카페솔트,"음식점, 전시, 카페",신도림이도식당,https://pup-post-phinf.pstatic.net/MjAyNjA2MDFfNDQg/MDAxNzgwMzExMDk4NDU2.4mhuzkkbpW3FUI24ADyLKt9as0jtfXZ-LPJqBFAKlAog.plNuIZdtzQr9niGfynI7e7rSaPp69wQR739z8VkWBGIg.JPEG/POST_IMAGE_ENC_20260601_195110_614.jpg
course-00413,일편등심 강남 → 이바인체험샵 → 스머프매직포레스트 코스,/assets/naver-courses/9eea0bc136454ce8c33c9d27.jpg,일편등심 강남 → 이바인체험샵 → 스머프매직포레스트,"관광, 쇼핑, 음식점",일편등심 강남점,https://ldb-phinf.pstatic.net/20231011_236/1697008512678Sx7eS_PNG/20231011_161126.png
course-00414,일편등심 강남 → 무신사 스토어 강남 → 크리에잇쿠키 역삼점 코스,/assets/naver-courses/10fa17f6c7addcb9226d1f19.jpg,일편등심 강남 → 무신사 스토어 강남 → 크리에잇쿠키 역삼점,"쇼핑, 음식점, 카페",일편등심 강남점,https://ldb-phinf.pstatic.net/20191104_237/1572851274850GfMs9_JPEG/cXEGZ42SDAuB9fQLbSJgDppS.JPG.jpg
course-00415,노란돼지 → 파스텔시티 → 윤남아트스페이스 코스,,노란돼지 → 파스텔시티 → 윤남아트스페이스,"쇼핑, 음식점, 전시",,
course-00416,아트팩토리체험공방 → 왕십리광장 → 왕십리갤러리허브 코스,,아트팩토리체험공방 → 왕십리광장 → 왕십리갤러리허브,"관광, 전시, 체험",,
course-00417,동대문디자인플라자 디자인전시관 → 버터스카치 → 아베베베이커리 서울 코스,/assets/naver-courses/5497d2e3797ec23d5dc99535.jpg,동대문디자인플라자 디자인전시관 → 버터스카치 → 아베베베이커리 서울,"음식점, 전시, 카페",DDP 디자인전시관,http://imgnews.naver.net/image/5551/2017/11/03/0000001576_014_20171103080343723.jpg
course-00418,서울특별시청 하늘광장갤러리 → 롯데월드 어드벤처 코스,/assets/naver-courses/f267b505c8df29d9b489daa6.jpg,서울특별시청 하늘광장갤러리 → 롯데월드 어드벤처,"관광, 전시",서울시청 하늘광장 갤러리,http://imgnews.naver.net/image/421/2016/12/21/2299640_article_99_20161221060114.jpg
course-00419,일편등심 강남 → 셀렉티드닉스 → 창업쇼핑 코스,/assets/naver-courses/b8395dc71dc2dbfa6738f1f2.jpg,일편등심 강남 → 셀렉티드닉스 → 창업쇼핑,"쇼핑, 음식점, 카페",일편등심 강남점,https://pup-post-phinf.pstatic.net/MjAyNTA5MTBfMTgw/MDAxNzU3NDc2NTcwMDM2.f9odulNp25Ozch_qqsXImeqDAdkw-5HOqwsnfPHEklcg.j4_xXB6vU_OmAQ2pnm0wTe4nKETvXj-UFfga5XDIld0g.JPEG/D98E34F3-E17B-465C-BAA0-C0250D42DBB8.jpg
course-00420,구씨네부엌 → 농협경제지주 온라인사업부 → AC'SCENT(악센트) 코스,/assets/naver-courses/cd41245bd71ef00e7684a863.jpg,구씨네부엌 → 농협경제지주 온라인사업부 → AC'SCENT(악센트),"쇼핑, 음식점, 전시",구씨네부엌,https://pup-post-phinf.pstatic.net/MjAyNjA2MTNfMjM3/MDAxNzgxMzE1MjAyODc3.um6hPlFM5gX2WCyRDgVHU4mLqCaV-3TgockZshmJkeUg.xrHh-Pbaq9ZT_Ch96DR73b8G5PCnuUtU_ZeFdtKIdwkg.JPEG/PostEncodingTask.2B31C5F0-C5A7-427A-9AA0-CAA793CEB3E0.jpg
course-00421,브이스퀘어 → 우주로캣 → 요비 코스,/assets/naver-courses/ae37dfb97191b68a5b66c55b.jpg,브이스퀘어 → 우주로캣 → 요비,"음식점, 전시, 카페",브이스퀘어 건대,https://pup-post-phinf.pstatic.net/MjAyNjAzMTFfMjM4/MDAxNzczMjIxNzk1MDEx.yWg9drV9c6y2canp9WsaHBeTSbRhDwl27jr-Lw0U4YEg.t1JuPr7--CSp7s3jWg4ANYbyeNEiEbIhGskIYBhpBisg.JPEG/2C9D2E83-8159-4FF8-98D6-D695DA8FCC69.jpg
course-00422,일편등심 강남 → 스머프매직포레스트 → 캐논갤러리 코스,/assets/naver-courses/6578d9663bef92bc5a1dbbe6.jpg,일편등심 강남 → 스머프매직포레스트 → 캐논갤러리,"관광, 음식점, 전시",일편등심 강남점,https://ldb-phinf.pstatic.net/20191104_287/1572851275245XUMKi_JPEG/GxEBI0YZy-WtoZTuPXSVS7tJ.JPG.jpg
course-00423,문화역서울284 → 백범광장 → 텐스퀘어 오슬로 회현 코스,/assets/naver-courses/d1282dacfda0b1650fe28da1.jpg,문화역서울284 → 백범광장 → 텐스퀘어 오슬로 회현,"관광, 전시, 카페",문화역서울284,https://mediahub.seoul.go.kr/uploads/2020/07/bb8a4887c168438eb92d04fd2f2e0b25.JPG?ver=1.0
course-00424,문화역서울284 → 이이네 → 남대문갈치조림골목 코스,,문화역서울284 → 이이네 → 남대문갈치조림골목,"관광, 음식점, 전시",,
course-00425,신도림이도식당 → 구로스마트라운지 → 아도 티하우스 코스,/assets/naver-courses/3798e606218b77f2b9ad51e4.jpg,신도림이도식당 → 구로스마트라운지 → 아도 티하우스,"음식점, 전시, 카페",신도림이도식당,https://ldb-phinf.pstatic.net/20260422_264/1776811153853h34rd_JPEG/KakaoTalk_20260421_204341957_01.jpg
course-00426,신도림이도식당 → 더세인트41 → 공간사일삼 코스,/assets/naver-courses/3041fcb63a78819f42b55e31.jpg,신도림이도식당 → 더세인트41 → 공간사일삼,"음식점, 전시, 카페",신도림이도식당,https://ldb-phinf.pstatic.net/20250330_283/1743315214904yUuve_JPEG/1000012351.jpg
course-00427,구씨네부엌 → AC'SCENT(악센트) → 스타광장 코스,/assets/naver-courses/51540bc953be04174463212d.jpg,구씨네부엌 → AC'SCENT(악센트) → 스타광장,"관광, 음식점, 전시",구씨네부엌,https://pup-post-phinf.pstatic.net/MjAyNjA2MTNfMjEz/MDAxNzgxMzE1MjAyMzUz.n66e1EQEOQpq385Otxp-3nzgxCb36KbZc95TVM3oJPgg.ri_qhXl9Cpr4ZqDb2bBymhDpiCbKJkzxlzfsqT8hSI8g.JPEG/PostEncodingTask.1F31763A-563C-4797-BA02-665374B20B84.jpg
course-00428,일편등심 강남 → 이바인체험샵 → 힉스커피 코스,,일편등심 강남 → 이바인체험샵 → 힉스커피,"쇼핑, 음식점, 카페",,
course-00429,태양커피 서울사당점 → 소담촌 사당직영점 → 윤남아트스페이스 코스,,태양커피 서울사당점 → 소담촌 사당직영점 → 윤남아트스페이스,"음식점, 전시, 카페",,
course-00430,신도림이도식당 → 도림천 → 에스프리노블 코스,/assets/naver-courses/1192cbd9f9708ca046a81bcc.jpg,신도림이도식당 → 도림천 → 에스프리노블,"관광, 음식점, 카페",신도림이도식당,https://img.siksinhot.com/place/1526563951885530.jpg
course-00431,그라운드시소 센트럴 → 남대문갈치조림골목 → 금성관 코스,,그라운드시소 센트럴 → 남대문갈치조림골목 → 금성관,"관광, 음식점, 전시",,
course-00432,일편등심 강남 → 이바인체험샵 → 가배도 신논현점 코스,/assets/naver-courses/cd6a975f90964b96d30505e6.jpg,일편등심 강남 → 이바인체험샵 → 가배도 신논현점,"쇼핑, 음식점, 카페",일편등심 강남점,https://ldb-phinf.pstatic.net/20220907_75/1662538127244IAqF9_PNG/20220907_170036.png
course-00433,구씨네부엌 → 홍대걷고싶은거리 → 윤형근의 집 코스,/assets/naver-courses/5cd55c05cceece14a6d44e64.jpg,구씨네부엌 → 홍대걷고싶은거리 → 윤형근의 집,"관광, 음식점, 전시",구씨네부엌,https://ldb-phinf.pstatic.net/20171219_102/1513666223445rhjxr_JPEG/OksXgHbpjRjuSjpJjQGKeMUP.jpg
course-00434,정동전망대 → 전광수커피하우스 정동점 → 서울도시건축전시관 코스,,정동전망대 → 전광수커피하우스 정동점 → 서울도시건축전시관,"관광, 전시, 카페",,
course-00435,로얄마카롱 → 일편등심 강남 → 무신사 스토어 강남 코스,,로얄마카롱 → 일편등심 강남 → 무신사 스토어 강남,"쇼핑, 음식점, 카페",,
course-00436,일편등심 강남 → 이바인체험샵 → 크리에잇쿠키 역삼점 코스,/assets/naver-courses/5e1f785ed44dafb2dc3ee7ed.jpg,일편등심 강남 → 이바인체험샵 → 크리에잇쿠키 역삼점,"쇼핑, 음식점, 카페",일편등심 강남점,https://ldb-phinf.pstatic.net/20231011_55/1697008512723VOk2V_PNG/20231011_161101.png
course-00437,정동전망대 → 서울특별시청 하늘광장갤러리 → 무교동북어국집 코스,,정동전망대 → 서울특별시청 하늘광장갤러리 → 무교동북어국집,"관광, 음식점, 전시",,
course-00438,정동전망대 → 서울도시건축전시관 → 광화문국밥 본점 코스,/assets/naver-courses/e4b1dc84a70f10368e68aa4d.jpg,정동전망대 → 서울도시건축전시관 → 광화문국밥 본점,"관광, 음식점, 전시",정동전망대,https://pup-post-phinf.pstatic.net/MjAyNjA2MjBfMjMx/MDAxNzgxOTUyNzQ1MzA2.2lchccasqJQUAB_aHS9XVzMyGqF-jeIoTc4RoKwaAyQg.bgYDY9b-UqY2htKdTxbM0wai5rXm1I38SP2mQsgzmugg.JPEG/POST_IMAGE_ENC_20260620_194814_884.jpg
course-00439,문화역서울284 → 엘카페커피로스터스 → 남산하늘숲길 소월정원 코스,,문화역서울284 → 엘카페커피로스터스 → 남산하늘숲길 소월정원,"관광, 전시, 카페",,
course-00440,잠실지하광장 쇼핑센터 → 넥스트뮤지엄 → 그림제작소 코스,,잠실지하광장 쇼핑센터 → 넥스트뮤지엄 → 그림제작소,"쇼핑, 전시, 카페",,
course-00441,구씨네부엌 → 스페이스갤러리아 서울홍대 → 레드로드 코스,/assets/naver-courses/d8ff3c5662d3529f95887f81.jpg,구씨네부엌 → 스페이스갤러리아 서울홍대 → 레드로드,"관광, 음식점, 전시",구씨네부엌,https://ldb-phinf.pstatic.net/20201012_150/16025033630283WQaO_JPEG/_8zlLqRDogkv86thRlLULPS9.jpg
course-00442,브이스퀘어 → 건대맛의거리 → 훈춘양꼬치 1호점 코스,,브이스퀘어 → 건대맛의거리 → 훈춘양꼬치 1호점,"관광, 음식점, 전시",,
course-00443,잠실지하광장 쇼핑센터 → 넥스트뮤지엄 → 화반 방이점 코스,,잠실지하광장 쇼핑센터 → 넥스트뮤지엄 → 화반 방이점,"쇼핑, 음식점, 전시",,
course-00444,꿈동산 동심쇼핑센터 → 홍대걷고싶은거리 코스,/assets/naver-courses/6d67b76faa911e0673dbe230.jpg,꿈동산 동심쇼핑센터 → 홍대걷고싶은거리,"관광, 쇼핑",꿈동산 동심쇼핑센터,https://ldb-phinf.pstatic.net/20250913_85/1757723349158Le0oG_JPEG/9687.jpg
course-00445,아트팩토리체험공방 → 타이파 → 왕십리광장 코스,,아트팩토리체험공방 → 타이파 → 왕십리광장,"관광, 체험, 카페",,
course-00446,일편등심 강남 → 크리에잇쿠키 역삼점 → 창업쇼핑 코스,,일편등심 강남 → 크리에잇쿠키 역삼점 → 창업쇼핑,"쇼핑, 음식점, 카페",,
course-00447,일편등심 강남 → 셀렉티드닉스 → 더샵스앳센터필드 코스,/assets/naver-courses/19096fb4571b6dfa706a2239.jpg,일편등심 강남 → 셀렉티드닉스 → 더샵스앳센터필드,"쇼핑, 음식점, 카페",일편등심 강남점,https://ldb-phinf.pstatic.net/20210228_270/1614497615232r8jI9_JPEG/%C3%A4%B3%A1.jpg
course-00448,신도림이도식당 → 도림천 → 예빛갤러리 코스,/assets/naver-courses/34d6649b6316eee90c1221ac.jpg,신도림이도식당 → 도림천 → 예빛갤러리,"관광, 음식점, 전시",신도림이도식당,https://ldb-phinf.pstatic.net/20220616_278/1655305998555KAODc_JPEG/%BC%D2%B0%ED%B1%E2_%BB%FE%BA%EA%BB%FE%BA%EA.jpg
course-00449,일편등심 강남 → 이바인체험샵 → 루프808 코스,/assets/naver-courses/a807406c129ffd371d18def4.jpg,일편등심 강남 → 이바인체험샵 → 루프808,"쇼핑, 음식점, 카페",일편등심 강남점,https://ldb-phinf.pstatic.net/20210228_290/1614497615207YuK1E_JPEG/%BA%CE%C3%A4%BB%EC.jpg
course-00450,만동제과 → AC'SCENT(악센트) → 호밀밭 코스,/assets/naver-courses/5fbc5b46836a8ee541828fdd.jpg,만동제과 → AC'SCENT(악센트) → 호밀밭,"음식점, 전시, 카페",만동제과 연남점,https://pup-post-phinf.pstatic.net/MjAyNjAyMDFfMTQ1/MDAxNzY5OTEyMDIwNTA5.SWZ_whlB5vnYcTfxQoGy79TmwldYIGBWZT2GOE99lD4g.oGgoP13XmjlmZU5ZaN46jMQg3sXBThKfOuhXoLdMu9Eg.JPEG/POST_IMAGE_ENCODING_20260201_111338_361.jpg
course-00451,로얄마카롱 → 까사생갈비 → 창업쇼핑 코스,,로얄마카롱 → 까사생갈비 → 창업쇼핑,"쇼핑, 음식점, 카페",,
course-00452,잠실지하광장 쇼핑센터 → 롯데갤러리아트홀 → 화반 방이점 코스,,잠실지하광장 쇼핑센터 → 롯데갤러리아트홀 → 화반 방이점,"쇼핑, 음식점, 전시",,
course-00453,구씨네부엌 → 덕스(DUEX) → 레드로드 코스,/assets/naver-courses/298eaf1b3c40153aec70000a.jpg,구씨네부엌 → 덕스(DUEX) → 레드로드,"관광, 음식점, 전시",구씨네부엌,https://ldb-phinf.pstatic.net/20171011_161/1507683831773sMBxD_JPEG/k4JB8odLX5EvxTrMtc_t2OVR.jpg
course-00454,잠실지하광장 쇼핑센터 → 뮤지엄209 → 화반 방이점 코스,,잠실지하광장 쇼핑센터 → 뮤지엄209 → 화반 방이점,"쇼핑, 음식점, 전시",,
course-00455,일편등심 강남 → 루프808 → 갤러리라보 코스,/assets/naver-courses/dbd72095007b26e4da0c6776.jpg,일편등심 강남 → 루프808 → 갤러리라보,"음식점, 전시, 카페",일편등심 강남점,https://ldb-phinf.pstatic.net/20210228_119/1614497615232InE1n_JPEG/%BE%C8%BD%C9.jpg
course-00456,문화역서울284 → 농민백암순대 시청직영점 → 덕수궁 대한문 코스,/assets/naver-courses/f8180d1a7c7604629715f425.jpg,문화역서울284 → 농민백암순대 시청직영점 → 덕수궁 대한문,"관광, 음식점, 전시",문화역서울284,http://imgnews.naver.net/image/011/2012/10/22/bbuheng201210221557190_59_20121022160319.jpg
course-00457,노란돼지 → 스타벅스 사당점 → 윤남아트스페이스 코스,,노란돼지 → 스타벅스 사당점 → 윤남아트스페이스,"음식점, 전시, 카페",,
course-00458,노란돼지 → 파스텔시티 → 리요리요커피 코스,,노란돼지 → 파스텔시티 → 리요리요커피,"쇼핑, 음식점, 카페",,
course-00459,로얄마카롱 → 이바인체험샵 → 조양관 코스,/assets/naver-courses/90cf3f4967d6a0e18a13964a.jpg,로얄마카롱 → 이바인체험샵 → 조양관,"쇼핑, 음식점, 카페",로얄마카롱,https://pup-post-phinf.pstatic.net/MjAyNjAyMDFfNDEg/MDAxNzY5OTM3MDkzMDE1.AgN_LasebE5U0oLSsJlptlmns-Dl3JpYvknlhow7ylcg.EXYc2BUPPnBsdM415KiwV59A-A9DPTKA1pnKzaLv2Tsg.JPEG/8DD98951-EBE1-4CF8-A83C-9748382DB097.jpg
course-00460,구씨네부엌 → 동대문디자인플라자 디자인전시관 코스,/assets/naver-courses/0f9e14fa2dbf09e97e1c9926.jpg,구씨네부엌 → 동대문디자인플라자 디자인전시관,"음식점, 전시",구씨네부엌,https://pup-post-phinf.pstatic.net/MjAyNTExMDdfMTEw/MDAxNzYyNTE5MTc1NjUw.4QXBWfvjQMs_NFZp_CsMmr1TuOhYjxreaAZI0d92_Sog.LqssNXK97LGMJ9p_IxogMZ81NUrTIulJIBij6uoHIk0g.JPEG/DEC61023-9195-4B05-BFED-E7AD5748B54A.jpg
course-00461,그라운드시소 센트럴 → 가메골손왕만두 남대문본점 → 텐스퀘어 오슬로 회현 코스,/assets/naver-courses/a5f2361b2d13812e05e0df7a.jpg,그라운드시소 센트럴 → 가메골손왕만두 남대문본점 → 텐스퀘어 오슬로 회현,"음식점, 전시, 카페",그라운드시소 센트럴,https://pup-post-phinf.pstatic.net/MjAyNTA5MjJfMSAg/MDAxNzU4NTUxNDU5MTM1.iF6PfTtQVKQ3MEqqa0k7dZnH104qd-qUAtx-pjKftvsg.MII8pdtBbEDosLzqnPZV-jox26BFQJFtD2DJ0euOzMog.JPEG/POST_IMAGE_ENCODING_20250922_233053_696.jpg
course-00462,신도림이도식당 → 도림천 → 그린머그 코스,/assets/naver-courses/1dd02d24dd12790de4507c02.jpg,신도림이도식당 → 도림천 → 그린머그,"관광, 음식점, 카페",신도림이도식당,https://ldb-phinf.pstatic.net/20241212_251/1733986796255KcXi4_JPEG/KakaoTalk_20241203_212150947_13.jpg
course-00463,일편등심 강남 → 가배도 신논현점 → 갤러리라보 코스,,일편등심 강남 → 가배도 신논현점 → 갤러리라보,"음식점, 전시, 카페",,
course-00464,잠실지하광장 쇼핑센터 → BGN갤러리 롯데타워점 → 화반 방이점 코스,,잠실지하광장 쇼핑센터 → BGN갤러리 롯데타워점 → 화반 방이점,"쇼핑, 음식점, 전시",,
course-00465,아트팩토리체험공방 → 마일스톤커피 성수 → 성수동갈비골목 코스,,아트팩토리체험공방 → 마일스톤커피 성수 → 성수동갈비골목,"관광, 체험, 카페",,
course-00466,노란돼지 → 스타벅스 사당점 → 엔지니어링역사관 코스,,노란돼지 → 스타벅스 사당점 → 엔지니어링역사관,"음식점, 전시, 카페",,
course-00467,문화역서울284 → 쇼핑하는사람들 → 남대문칼국수골목 코스,/assets/naver-courses/13602a6f24bb5604d92c1454.jpg,문화역서울284 → 쇼핑하는사람들 → 남대문칼국수골목,"관광, 쇼핑, 전시",문화역서울284,http://imgnews.naver.net/image/277/2022/03/15/0005058573_001_20220315152001510.jpg
course-00468,구씨네부엌 → 홍대걷고싶은거리 → 띠아트뮤지엄 홍대 코스,/assets/naver-courses/fa5c4535dd5565b810380219.jpg,구씨네부엌 → 홍대걷고싶은거리 → 띠아트뮤지엄 홍대,"관광, 음식점, 전시",구씨네부엌,https://ldb-phinf.pstatic.net/20201012_44/1602503376402QNOhh_JPEG/xGRAecomOnCf5eXfLtw0JSVX.jpg
course-00469,잠실지하광장 쇼핑센터 → 이머시브플랫폼딥 → 석촌호수 서호 코스,,잠실지하광장 쇼핑센터 → 이머시브플랫폼딥 → 석촌호수 서호,"관광, 쇼핑, 전시",,
course-00470,신도림이도식당 → 구캔갤러리 → 카페1953위드오드리 코스,/assets/naver-courses/4611bfff951975ed0ce588dd.jpg,신도림이도식당 → 구캔갤러리 → 카페1953위드오드리,"음식점, 전시, 카페",신도림이도식당,https://ldb-phinf.pstatic.net/20250330_229/1743314603037jkNie_JPEG/1000012349.jpg
course-00471,구씨네부엌 → 덕스(DUEX) → 서울명예도로 끼리끼리5길 코스,/assets/naver-courses/9737fc1d4681be83b26d245b.jpg,구씨네부엌 → 덕스(DUEX) → 서울명예도로 끼리끼리5길,"관광, 음식점, 전시",구씨네부엌,https://ldb-phinf.pstatic.net/20171219_155/1513666230791x7dYe_JPEG/sc3hh8w6EVsFam_3gKdNmvZS.jpg
course-00472,일편등심 강남 → 무신사 스토어 강남 → 갤러리라보 코스,/assets/naver-courses/fb9041bc4655511279052d8f.jpg,일편등심 강남 → 무신사 스토어 강남 → 갤러리라보,"쇼핑, 음식점, 전시",일편등심 강남점,https://ldb-phinf.pstatic.net/20210228_47/161449761523120W5B_JPEG/%BB%EC%C4%A1.jpg
course-00473,노란돼지 → 사당1동먹자골목상점가 → 엔지니어링역사관 코스,,노란돼지 → 사당1동먹자골목상점가 → 엔지니어링역사관,"관광, 음식점, 전시",,
course-00474,신도림이도식당 → 도림천 → 아도 티하우스 코스,/assets/naver-courses/0c1ff2ec0569fa45d70e4736.jpg,신도림이도식당 → 도림천 → 아도 티하우스,"관광, 음식점, 카페",신도림이도식당,https://ldb-phinf.pstatic.net/20240921_271/1726875447971h2FK1_PNG/%BB%FE%BA%EA%BB%FE%BA%EA1.PNG
course-00475,문화역서울284 → 농민백암순대 시청직영점 → 덕수궁돌담길 코스,/assets/naver-courses/d747595172786ecee8b91c19.jpg,문화역서울284 → 농민백암순대 시청직영점 → 덕수궁돌담길,"관광, 음식점, 전시",문화역서울284,https://i.pinimg.com/736x/cf/f5/7c/cff57c041e21356ffda5315adc7073ff.jpg
course-00476,잠실지하광장 쇼핑센터 → 커넥트투 → 석촌호수 동호 코스,,잠실지하광장 쇼핑센터 → 커넥트투 → 석촌호수 동호,"관광, 쇼핑, 전시",,
course-00477,건국대학교 일감호 → 스타벅스 건국대점 → 코노하 건대점 코스,/assets/naver-courses/4427463894e870ea5a3f95ae.jpg,건국대학교 일감호 → 스타벅스 건국대점 → 코노하 건대점,"관광, 음식점, 카페",건국대학교 일감호,https://pup-post-phinf.pstatic.net/MjAyNjAzMjNfMTEg/MDAxNzc0MjQyMjgxNDY4.rkJ6TcsCtu3nEu04hQzjQ6m8DW15xtc9W2O9veWKwL8g.XUMscVgeG9ljf7LIlu-SqslGGBIODct9sEVKuAOw6uUg.JPEG/9B29D312-2D19-460C-95AD-4C7E86498E7F.jpg
course-00478,정동전망대 → 농민백암순대 시청직영점 → 서울특별시청 하늘광장갤러리 코스,/assets/naver-courses/88aa6e3c7ba83b83f2053d4c.jpg,정동전망대 → 농민백암순대 시청직영점 → 서울특별시청 하늘광장갤러리,"관광, 음식점, 전시",정동전망대,http://imgnews.naver.net/image/5018/2022/11/28/0000088819_001_20221128143401082.JPG
course-00479,문화역서울284 → 가메골손왕만두 남대문본점 → 커피스니퍼 코스,,문화역서울284 → 가메골손왕만두 남대문본점 → 커피스니퍼,"음식점, 전시, 카페",,
course-00480,브이스퀘어 → 건대맛의거리 → 카페드라이 코스,,브이스퀘어 → 건대맛의거리 → 카페드라이,"관광, 전시, 카페",,
course-00481,잠실지하광장 쇼핑센터 → 롯데갤러리아트홀 → 피제리아라고 코스,,잠실지하광장 쇼핑센터 → 롯데갤러리아트홀 → 피제리아라고,"쇼핑, 음식점, 전시",,
course-00482,잠실지하광장 쇼핑센터 → BGN갤러리 롯데타워점 → 그림제작소 코스,,잠실지하광장 쇼핑센터 → BGN갤러리 롯데타워점 → 그림제작소,"쇼핑, 전시, 카페",,
course-00483,신도림이도식당 → 더세인트41 → 예빛갤러리 코스,/assets/naver-courses/8908b739013073ab945e323a.jpg,신도림이도식당 → 더세인트41 → 예빛갤러리,"음식점, 전시, 카페",신도림이도식당,https://ldb-phinf.pstatic.net/20240630_252/1719718378100453G4_JPEG/20240328_111650_008.jpg
course-00484,일편등심 강남 → 썸띵어바웃커피 → 갤러리라보 코스,/assets/naver-courses/a51dcaf8a514f819f648758e.jpg,일편등심 강남 → 썸띵어바웃커피 → 갤러리라보,"음식점, 전시, 카페",일편등심 강남점,https://ldb-phinf.pstatic.net/20231011_256/1697008512772hOxgu_PNG/20231011_161202.png
course-00485,문화역서울284 → 쇼핑하는사람들 → 가메골손왕만두 남대문본점 코스,,문화역서울284 → 쇼핑하는사람들 → 가메골손왕만두 남대문본점,"쇼핑, 음식점, 전시",,
course-00486,구씨네부엌 → 트릭아이뮤지엄 → 띠아트뮤지엄 홍대 코스,/assets/naver-courses/8bdf17b383190945eaa80c6a.jpg,구씨네부엌 → 트릭아이뮤지엄 → 띠아트뮤지엄 홍대,"관광, 음식점, 전시",구씨네부엌,https://pup-post-phinf.pstatic.net/MjAyNTExMDdfMTM2/MDAxNzYyNTE5MTc1MzYz.6i08kzhvc5FFNVzooiu1vXvEoZeQm107QU6XwQfl6qUg.eEvEV-ovcU6q2kz3yjZ9orhU39TMz4ID8pR7-PaGNYog.JPEG/56296F7B-EC78-4147-BF97-AABD2C6D4820.jpg
course-00487,노란돼지 → 그루타 → 엔지니어링역사관 코스,,노란돼지 → 그루타 → 엔지니어링역사관,"음식점, 전시, 카페",,
course-00488,구씨네부엌 → 레드로드 → 굽네 플레이타운 코스,/assets/naver-courses/5d43ef31270be582f50c3bf5.jpg,구씨네부엌 → 레드로드 → 굽네 플레이타운,"관광, 음식점, 전시",구씨네부엌,https://d12zq4w4guyljn.cloudfront.net/20250808112643875_photo_f20cbbf56800.webp
course-00489,정동전망대 → 전광수커피하우스 정동점 → 광화문국밥 본점 코스,/assets/naver-courses/3e89ff466f7f0a21ddccd621.jpg,정동전망대 → 전광수커피하우스 정동점 → 광화문국밥 본점,"관광, 음식점, 카페",정동전망대,https://pup-post-phinf.pstatic.net/MjAyNTExMDJfMjM5/MDAxNzYyMDk0OTc1MDM2.30dWUH3F-Y8DWQxJM5JboNrYt4TiQOgrgv0ieRADxJAg.W-C9RSaomZ1_IscEN5FjqFDuAgXUIiUqqD6_38bftokg.JPEG/C325B13C-F9A8-4FEF-B6BE-3235EF651385.jpg
course-00490,브이스퀘어 → 코노하 건대점 → 앤시넌 코스,,브이스퀘어 → 코노하 건대점 → 앤시넌,"음식점, 전시, 카페",,
course-00491,갓잇 문래점 → 엔지니어링역사관 코스,,갓잇 문래점 → 엔지니어링역사관,"음식점, 전시",,
course-00492,일편등심 강남 → 썸띵어바웃커피 → 논현가구거리 코스,,일편등심 강남 → 썸띵어바웃커피 → 논현가구거리,"관광, 음식점, 카페",,
course-00493,브이스퀘어 → 훈춘양꼬치 1호점 → 카페호이 건대점 코스,/assets/naver-courses/12cf2f3b83c219b8b575cd4b.jpg,브이스퀘어 → 훈춘양꼬치 1호점 → 카페호이 건대점,"음식점, 전시, 카페",브이스퀘어 건대,http://imgnews.naver.net/image/5366/2025/06/30/2025063009162006395c5fa75ef8617521127178_20250630140016737.jpg
course-00494,커넥트투 → 한정선 잠실롯데월드몰점 → 잠실지하광장 쇼핑센터 코스,,커넥트투 → 한정선 잠실롯데월드몰점 → 잠실지하광장 쇼핑센터,"쇼핑, 전시, 카페",,
course-00495,잠실지하광장 쇼핑센터 → 석촌호수 동호 → 아키비스트 송파점 코스,,잠실지하광장 쇼핑센터 → 석촌호수 동호 → 아키비스트 송파점,"관광, 쇼핑, 카페",,
course-00496,그라운드시소 센트럴 → 남대문칼국수골목 → 텐스퀘어 오슬로 회현 코스,/assets/naver-courses/3f7264fb6d520c5f20946b77.jpg,그라운드시소 센트럴 → 남대문칼국수골목 → 텐스퀘어 오슬로 회현,"관광, 전시, 카페",그라운드시소 센트럴,https://pup-post-phinf.pstatic.net/MjAyNTExMDRfMTE1/MDAxNzYyMjQ2MjU2MTcy.J8eDL9SytOAU1rmUVK5gMKukviiLtkEVr9IVssMAFf0g.nvA-acyEutMgaudGFzqKu43kGBl17gzGblD97Pyus_Ug.JPEG/4E6E53E0-FDD3-4781-8459-A8E12EC519F4.jpg
course-00497,로얄마카롱 → 스머프매직포레스트 → 일편등심 강남 코스,/assets/naver-courses/12a458eee01d4d2cfb1c6005.jpg,로얄마카롱 → 스머프매직포레스트 → 일편등심 강남,"관광, 음식점, 카페",로얄마카롱,https://ldb-phinf.pstatic.net/20241109_219/1731153375616WyQks_JPEG/IMG_6008.JPG
course-00498,일편등심 강남 → 힉스커피 → 논현가구거리 코스,,일편등심 강남 → 힉스커피 → 논현가구거리,"관광, 음식점, 카페",,
course-00499,그라운드시소 센트럴 → 성동 AI미래기술체험센터 코스,,그라운드시소 센트럴 → 성동 AI미래기술체험센터,"전시, 체험",,
course-00500,일편등심 강남 → 창업쇼핑 → 갤러리라보 코스,/assets/naver-courses/d14551c48673577db718c9af.jpg,일편등심 강남 → 창업쇼핑 → 갤러리라보,"쇼핑, 음식점, 전시",일편등심 강남점,https://ldb-phinf.pstatic.net/20260104_74/1767519993255VlRHd_JPEG/_DSC6010-%C6%ED%C1%FD.jpg
course-00501,문화역서울284 → 남대문칼국수골목 → 커피스니퍼 코스,,문화역서울284 → 남대문칼국수골목 → 커피스니퍼,"관광, 전시, 카페",,
course-00502,동대문디자인플라자 디자인전시관 → 버터스카치 → 은주정 코스,/assets/naver-courses/ec37631039a6319c72a59ee7.jpg,동대문디자인플라자 디자인전시관 → 버터스카치 → 은주정,"음식점, 전시, 카페",DDP 디자인전시관,http://imgnews.naver.net/image/5551/2017/11/03/0000001576_013_20171103080343706.jpg
course-00503,그라운드시소 센트럴 → 숭례문 → 애성회관 코스,,그라운드시소 센트럴 → 숭례문 → 애성회관,"관광, 음식점, 전시",,
course-00504,잠실지하광장 쇼핑센터 → 커넥트투 → 화반 방이점 코스,,잠실지하광장 쇼핑센터 → 커넥트투 → 화반 방이점,"쇼핑, 음식점, 전시",,
course-00505,잠실지하광장 쇼핑센터 → 서울스카이 → 아키비스트 송파점 코스,,잠실지하광장 쇼핑센터 → 서울스카이 → 아키비스트 송파점,"관광, 쇼핑, 카페",,
course-00506,잠실지하광장 쇼핑센터 → 서울스카이 → 방이돈가 코스,,잠실지하광장 쇼핑센터 → 서울스카이 → 방이돈가,"관광, 쇼핑, 음식점",,
course-00507,구씨네부엌 → 호러스위치 → 굽네 플레이타운 코스,,구씨네부엌 → 호러스위치 → 굽네 플레이타운,"관광, 음식점, 전시",,
course-00508,정동전망대 → 가메골손왕만두 남대문본점 → 피크닉 코스,/assets/naver-courses/1c1b546f27aaa6a74135972a.jpg,정동전망대 → 가메골손왕만두 남대문본점 → 피크닉,"관광, 음식점, 전시",정동전망대,http://imgnews.naver.net/image/001/2022/11/27/PYH2022112705590001300_P4_20221127144116354.jpg
course-00509,잠실지하광장 쇼핑센터 → 송파나루공원 삼전도비 → 그림제작소 코스,,잠실지하광장 쇼핑센터 → 송파나루공원 삼전도비 → 그림제작소,"관광, 쇼핑, 카페",,
course-00510,일편등심 강남 → 스머프매직포레스트 → 갤러리라보 코스,/assets/naver-courses/47d0df2357698e9401860b35.jpg,일편등심 강남 → 스머프매직포레스트 → 갤러리라보,"관광, 음식점, 전시",일편등심 강남점,https://ldb-phinf.pstatic.net/20260104_217/1767520064373H9XId_JPEG/_DSC5855-%C6%ED%C1%FD.jpg
course-00511,브이스퀘어 → 건대맛의거리 → 앤시넌 코스,,브이스퀘어 → 건대맛의거리 → 앤시넌,"관광, 전시, 카페",,
course-00512,잠실지하광장 쇼핑센터 → 석촌호수 동호 → 화반 방이점 코스,,잠실지하광장 쇼핑센터 → 석촌호수 동호 → 화반 방이점,"관광, 쇼핑, 음식점",,
course-00513,신도림이도식당 → 카페1953위드오드리 → 공간사일삼 코스,/assets/naver-courses/729c5d6aa985a0d6e210713f.jpg,신도림이도식당 → 카페1953위드오드리 → 공간사일삼,"음식점, 전시, 카페",신도림이도식당,https://pup-post-phinf.pstatic.net/MjAyNjA3MTdfMTEg/MDAxNzg0MjIwNTg1MjU0.30_cNBY2PkxpnAOcNblKVeV0A2qPGPCYPCUocH_euK8g.BO5Ege7uDF_uodb_RA8rx92RoPW_hmXEq8JeTY4UIiIg.JPEG/PostEncodingTask.D23D863B-E9E6-4A68-8CE5-A21322648BAD.jpg
course-00514,구씨네부엌 → 홍대갤러리 키르큐펠 → 레드로드 코스,,구씨네부엌 → 홍대갤러리 키르큐펠 → 레드로드,"관광, 음식점, 전시",,
course-00515,구씨네부엌 → 홍대걷고싶은거리 → 굽네 플레이타운 코스,,구씨네부엌 → 홍대걷고싶은거리 → 굽네 플레이타운,"관광, 음식점, 전시",,
course-00516,브이스퀘어 → 육일관 본점 → 카페호이 건대점 코스,,브이스퀘어 → 육일관 본점 → 카페호이 건대점,"음식점, 전시, 카페",,
course-00517,만동제과 → 소녀전선2망명갤러리 → 금옥당 연희점 코스,,만동제과 → 소녀전선2망명갤러리 → 금옥당 연희점,"음식점, 전시, 카페",,
course-00518,잠실지하광장 쇼핑센터 → 에비뉴엘아트홀 → 방이돈가 코스,,잠실지하광장 쇼핑센터 → 에비뉴엘아트홀 → 방이돈가,"쇼핑, 음식점, 전시",,
course-00519,일편등심 강남 → 서리풀푸드트럭존 → 아펜즈커피 서초교대역점 코스,/assets/naver-courses/11c91ebb57f5a6c6eaca94e7.jpg,일편등심 강남 → 서리풀푸드트럭존 → 아펜즈커피 서초교대역점,"관광, 음식점, 카페",일편등심 강남점,https://ldb-phinf.pstatic.net/20260104_296/1767520006251AMmhb_JPEG/_DSC5721-%C6%ED%C1%FD.jpg
course-00520,일편등심 강남 → 창업쇼핑 → 논현가구거리 코스,,일편등심 강남 → 창업쇼핑 → 논현가구거리,"관광, 쇼핑, 음식점",,
course-00521,잠실지하광장 쇼핑센터 → 송파나루공원 삼전도비 → 커넥트투 코스,,잠실지하광장 쇼핑센터 → 송파나루공원 삼전도비 → 커넥트투,"관광, 쇼핑, 전시",,
course-00522,만동제과 → 뉴스뮤지엄 연희점 → 104고지전적비 코스,/assets/naver-courses/c95590b0d9b76e2c5be1c3d7.jpg,만동제과 → 뉴스뮤지엄 연희점 → 104고지전적비,"관광, 음식점, 전시",만동제과 연남점,https://pup-post-phinf.pstatic.net/MjAyNjA2MDZfMjM2/MDAxNzgwNzMxMzQ4MDAy.Tjl_6VQqO9TQiCWfOolUyedmIlzfib8e6cf1XLXZCOog.k4bjYqhifPHpA5ulBJurdSh5__ofLVO2tNEnKskOQXIg.JPEG/POST_IMAGE_ENCODING_20260606_163540_262.jpg
course-00523,문화역서울284 → 이이네 → 숭례문 코스,,문화역서울284 → 이이네 → 숭례문,"관광, 음식점, 전시",,
course-00524,구씨네부엌 → 버터앤쉘터 연남점 → 서울명예도로 끼리끼리5길 코스,,구씨네부엌 → 버터앤쉘터 연남점 → 서울명예도로 끼리끼리5길,"관광, 음식점, 카페",,
course-00525,일편등심 강남 → 가배도 신논현점 → 논현가구거리 코스,/assets/naver-courses/8ea69ef215043b43c7eb267f.jpg,일편등심 강남 → 가배도 신논현점 → 논현가구거리,"관광, 음식점, 카페",일편등심 강남점,https://ldb-phinf.pstatic.net/20260104_43/1767520073683Xj0BY_JPEG/_DSC5833-%C6%ED%C1%FD.jpg
course-00526,브이스퀘어 → 스타벅스 건국클래식점 → 육일관 본점 코스,,브이스퀘어 → 스타벅스 건국클래식점 → 육일관 본점,"음식점, 전시, 카페",,
course-00527,정동전망대 → 서울특별시청 하늘광장갤러리 → 초류향 코스,/assets/naver-courses/24eddba317782850d2112f04.jpg,정동전망대 → 서울특별시청 하늘광장갤러리 → 초류향,"관광, 음식점, 전시",정동전망대,https://dynamic-media-cdn.tripadvisor.com/media/photo-o/16/9c/66/ad/beautiful-view-in-november.jpg?w=1200&h=1200&s=1
course-00528,브이스퀘어 → 노란돼지 코스,/assets/naver-courses/2d72f5deca297a95309bf36f.jpg,브이스퀘어 → 노란돼지,"음식점, 전시",브이스퀘어 건대,https://img.gigglehd.com/gg/files/attach/images/158/701/057/019/90285bcfe9cba10a655029e34c46d3cd.jpg
course-00529,일편등심 강남 → 루프808 → 논현가구거리 코스,/assets/naver-courses/0803b815775373edbae3cc4f.jpg,일편등심 강남 → 루프808 → 논현가구거리,"관광, 음식점, 카페",일편등심 강남점,https://ldb-phinf.pstatic.net/20260126_205/1769422487950iuHa4_JPEG/_DSC6184-%C6%ED%C1%FD.jpg
course-00530,문화역서울284 → 엘카페커피로스터스 → 양푼이동태탕 코스,/assets/naver-courses/aad88346c03f2694f7caccc3.jpg,문화역서울284 → 엘카페커피로스터스 → 양푼이동태탕,"음식점, 전시, 카페",문화역서울284,https://pup-post-phinf.pstatic.net/MjAyNjA5MTFfNyAg/MDAxNzg5MDU4OTE5MzE4.8OTPX3qX3SPtOLwIXQDuRZ91ldWZLwRRNS9i_TIpthIg.8-H7D2AaZfYNuTBC6hu8BXxsVkW1hZTKgFGT6YyrsRog.JPEG/POST_IMAGE_ENC_20260911_014757_222.jpg
course-00531,꿈동산 동심쇼핑센터 → 동대문디자인플라자 이간수문전시장 → 진옥화할매원조닭한마리 본점 코스,/assets/naver-courses/08e56cfdb9c3371bb66d3ad6.jpg,꿈동산 동심쇼핑센터 → 동대문디자인플라자 이간수문전시장 → 진옥화할매원조닭한마리 본점,"쇼핑, 음식점, 전시",꿈동산 동심쇼핑센터,https://pup-post-phinf.pstatic.net/MjAyNjAzMTVfMiAg/MDAxNzczNTYwODMwNDIy.DUWLlerD-GtBhc_Sf485bH7Lr6ZtG2Haj-Us6UnxcVsg.8BMqdmI8DY5ZQdmq4Z4LvAjN20bT3yIlWyVSEF0Qi5kg.JPEG/POST_IMAGE_ENCODING_20260315_164708_768.jpg
course-00532,일편등심 강남 → 셀렉티드닉스 → 캐논갤러리 코스,/assets/naver-courses/cb316231866f816904284452.jpg,일편등심 강남 → 셀렉티드닉스 → 캐논갤러리,"음식점, 전시, 카페",일편등심 강남점,https://ldb-phinf.pstatic.net/20260104_178/1767520052779pl4DA_JPEG/_DSC5769-%C6%ED%C1%FD.jpg
course-00533,그라운드시소 센트럴 → 남대문갈치조림골목 → 농민백암순대 시청직영점 코스,/assets/naver-courses/bbeb4b56ad83e0922edc0955.jpg,그라운드시소 센트럴 → 남대문갈치조림골목 → 농민백암순대 시청직영점,"관광, 음식점, 전시",그라운드시소 센트럴,https://pup-post-phinf.pstatic.net/MjAyNjAxMDZfNTgg/MDAxNzY3NjI3ODIyMjA5.svZ3K9c4f_y28yGHmA8hY5kuqgrF5bVuEBy8Byyon0Ig.WQNFJn7xLd1oaaQ2DYYbfw-K6SuwTCPplhUaItRSbXkg.JPEG/BD6155D6-9AB5-40F5-A2BB-C723A7772230.jpg
course-00534,커넥트투 → 방이동먹자골목 → 화반 방이점 코스,/assets/naver-courses/86ec9d33ce59628714ce0ec1.jpg,커넥트투 → 방이동먹자골목 → 화반 방이점,"관광, 음식점, 전시",커넥트투,https://pup-post-phinf.pstatic.net/MjAyNjA3MDhfMjI1/MDAxNzgzNDkzMDQzNjUy.J2TW7Fk_63-0oeJV5kyj3tYeUC5VlX7I2JdnSrCZR88g.qu7Bj4v3qCcQbZE76NjRVGYuFlr2ExjK71UlYmUkIJMg.JPEG/PostEncodingTask.A9B3F66D-1E76-4BF3-A21F-DBECBA918DDA.jpg
course-00535,커넥트투 → 석촌호수 동호 → 그림제작소 코스,/assets/naver-courses/8f173fec0c48637f31ff7a95.jpg,커넥트투 → 석촌호수 동호 → 그림제작소,"관광, 전시, 카페",커넥트투,http://imgnews.naver.net/image/144/2024/06/13/0000968085_001_20240613060711657.jpg
course-00536,커넥트투 → 롯데월드타워&롯데월드몰 → 화반 방이점 코스,/assets/naver-courses/df994818de95c425215e06c2.jpg,커넥트투 → 롯데월드타워&롯데월드몰 → 화반 방이점,"쇼핑, 음식점, 전시",커넥트투,http://imgnews.naver.net/image/011/2024/06/22/0004356560_001_20240622065508484.jpg
course-00537,문화역서울284 → 엘카페커피로스터스 → 남산둘레길 코스,,문화역서울284 → 엘카페커피로스터스 → 남산둘레길,"관광, 전시, 카페",,
course-00538,잠실지하광장 쇼핑센터 → 석촌호수 동호 → 피제리아라고 코스,,잠실지하광장 쇼핑센터 → 석촌호수 동호 → 피제리아라고,"관광, 쇼핑, 음식점",,
course-00539,잠실지하광장 쇼핑센터 → 에비뉴엘아트홀 → 아키비스트 송파점 코스,,잠실지하광장 쇼핑센터 → 에비뉴엘아트홀 → 아키비스트 송파점,"쇼핑, 전시, 카페",,
course-00540,구씨네부엌 → 홍대갤러리 키르큐펠 → 홍대클럽거리 코스,,구씨네부엌 → 홍대갤러리 키르큐펠 → 홍대클럽거리,"관광, 음식점, 전시",,
course-00541,건국대학교 일감호 → 모서리에커피집 → 스튜디오N갤러리 이리오다 코스,/assets/naver-courses/f81b369a26a9848fdcf9462c.jpg,건국대학교 일감호 → 모서리에커피집 → 스튜디오N갤러리 이리오다,"관광, 전시, 카페",건국대학교 일감호,http://imgnews.naver.net/image/421/2019/10/31/0004279760_001_20191031113904013.jpg
course-00542,문화역서울284 → 덕수정 → 덕수궁 코스,,문화역서울284 → 덕수정 → 덕수궁,"관광, 음식점, 전시",,
course-00543,잠실지하광장 쇼핑센터 → 피제리아라고 → 하우피 코스,,잠실지하광장 쇼핑센터 → 피제리아라고 → 하우피,"쇼핑, 음식점, 카페",,
course-00544,구씨네부엌 → 트릭아이뮤지엄 → 굽네 플레이타운 코스,,구씨네부엌 → 트릭아이뮤지엄 → 굽네 플레이타운,"관광, 음식점, 전시",,
course-00545,노란돼지 → 엔지니어링역사관 → 안밀 코스,,노란돼지 → 엔지니어링역사관 → 안밀,"음식점, 전시, 카페",,
course-00546,문화역서울284 → 전광수커피하우스 정동점 → 덕수궁 코스,/assets/naver-courses/d29588827fca70f9553c98dc.jpg,문화역서울284 → 전광수커피하우스 정동점 → 덕수궁,"관광, 전시, 카페",문화역서울284,http://imgnews.naver.net/image/5290/2017/09/04/0000086093_001_20170904161035184.jpg
course-00547,구씨네부엌 → 토로스쇼핑타워 → 띠아트뮤지엄 홍대 코스,,구씨네부엌 → 토로스쇼핑타워 → 띠아트뮤지엄 홍대,"쇼핑, 음식점, 전시",,
course-00548,그라운드시소 센트럴 → 남대문갈치조림골목 → 텐스퀘어 오슬로 회현 코스,/assets/naver-courses/5eb109fc03d0b240543236b0.jpg,그라운드시소 센트럴 → 남대문갈치조림골목 → 텐스퀘어 오슬로 회현,"관광, 전시, 카페",그라운드시소 센트럴,https://pup-post-phinf.pstatic.net/MjAyNjA1MTBfMzkg/MDAxNzc4MzgxNDEzNDg4.wb-RwmR_-sKGEmqEZJGphK0xiTzfswKX6NHp1ZbXY64g.PGbSCWgZ-8UxFZUkUz7eXZooCKwUP8fJ9M44aqn0u_cg.JPEG/PostEncodingTask.A0343B20-772F-4CE9-A2BF-EFCD0A9132FE.jpg
course-00549,신도림이도식당 → 도림천 → 카페솔트 코스,/assets/naver-courses/a9471f1769929f6394b6d8b3.jpg,신도림이도식당 → 도림천 → 카페솔트,"관광, 음식점, 카페",신도림이도식당,https://ldb-phinf.pstatic.net/20250708_244/1751953165283NazjN_JPEG/DSC_6067.JPG
course-00550,일편등심 강남 → 서리풀푸드트럭존 → 캐논갤러리 코스,/assets/naver-courses/7ec2c612070ec7ca0d08f69b.jpg,일편등심 강남 → 서리풀푸드트럭존 → 캐논갤러리,"관광, 음식점, 전시",일편등심 강남점,https://ldb-phinf.pstatic.net/20260104_58/17675200315454yBSD_JPEG/_DSC5786-%C6%ED%C1%FD.jpg
course-00551,문화역서울284 → 희락갈치 → 정동전망대 코스,/assets/naver-courses/03c5f4220d5b89d4efc86aae.jpg,문화역서울284 → 희락갈치 → 정동전망대,"관광, 음식점, 전시",문화역서울284,http://imgnews.naver.net/image/011/2018/11/07/0003437928_001_20181107232502214.jpg
course-00552,일편등심 강남 → 가배도 신논현점 → 캐논갤러리 코스,/assets/naver-courses/8dfa840f9d381e9c01a9f6bd.jpg,일편등심 강남 → 가배도 신논현점 → 캐논갤러리,"음식점, 전시, 카페",일편등심 강남점,https://ldb-phinf.pstatic.net/20250101_193/17357206803188FOiI_JPEG/KakaoTalk_20241217_225629954_04.jpg
course-00553,신도림이도식당 → 그린머그 → 그녀만의쇼핑 코스,/assets/naver-courses/332144a50a0ff0ba416e066a.jpg,신도림이도식당 → 그린머그 → 그녀만의쇼핑,"쇼핑, 음식점, 카페",신도림이도식당,https://ldb-phinf.pstatic.net/20241016_93/1729043992976nNUh7_JPEG/DSC_3010.JPG
course-00554,신도림이도식당 → 콘피 → 그녀만의쇼핑 코스,/assets/naver-courses/3553a85539c5389cde8e8476.jpg,신도림이도식당 → 콘피 → 그녀만의쇼핑,"쇼핑, 음식점, 카페",신도림이도식당,https://ldb-phinf.pstatic.net/20240329_117/1711676209613WF8jh_JPEG/20240328_111335_007.jpg
course-00555,구씨네부엌 → 더마틴 → 서울명예도로 끼리끼리5길 코스,,구씨네부엌 → 더마틴 → 서울명예도로 끼리끼리5길,"관광, 음식점, 카페",,
course-00556,동대문디자인플라자 디자인전시관 → 구씨네부엌 코스,/assets/naver-courses/35e3731a4a116a9ffc6c0452.jpg,동대문디자인플라자 디자인전시관 → 구씨네부엌,"음식점, 전시",DDP 디자인전시관,http://imgnews.naver.net/image/5551/2017/11/03/0000001576_015_20171103080343741.jpg
course-00557,문화역서울284 → 쇼핑하는사람들 → 양푼이동태탕 코스,/assets/naver-courses/217c4e80418f6f040f0ea0dc.jpg,문화역서울284 → 쇼핑하는사람들 → 양푼이동태탕,"쇼핑, 음식점, 전시",문화역서울284,https://img1.daumcdn.net/thumb/R1280x0.fwebp/?fname=https://t1.daumcdn.net/brunch/service/user/4bY5/image/MWpAxPCkgZnhO7nnBXnMVt-hE6I
course-00558,커넥트투 → 성동 AI미래기술체험센터 코스,/assets/naver-courses/ce500de056fb09bc8d709b39.jpg,커넥트투 → 성동 AI미래기술체험센터,"전시, 체험",커넥트투,https://pup-post-phinf.pstatic.net/MjAyNjA5MDhfMTkw/MDAxNzg4Nzk0ODU1ODk4.Iir3KrtfuyH2UTWFJ7yQ7ovCZ7L6X__LN4eSzS2k0Wwg.cHDcTkbhEDwhJkSZJeMf8m8X_EtbxV1WShY2LMY0wd4g.JPEG/PostEncodingTask.15494F86-6AD7-4314-B5E2-C817EE3ABD44.jpg
course-00559,문화역서울284 → 베르시 → 쇼핑하는사람들 코스,,문화역서울284 → 베르시 → 쇼핑하는사람들,"쇼핑, 전시, 카페",,
course-00560,신도림이도식당 → 구로스마트라운지 → 백야 코스,/assets/naver-courses/6b35551abf935e5042e585f7.jpg,신도림이도식당 → 구로스마트라운지 → 백야,"음식점, 전시, 카페",신도림이도식당,https://ldb-phinf.pstatic.net/20250428_132/1745798098643wX0op_JPEG/1000012708.jpg
course-00561,잠실지하광장 쇼핑센터 → 석촌호수 동호 → 방이돈가 코스,,잠실지하광장 쇼핑센터 → 석촌호수 동호 → 방이돈가,"관광, 쇼핑, 음식점",,
course-00562,구씨네부엌 → 4233 마음센터 연남점 → 비뮤티커피 코스,,구씨네부엌 → 4233 마음센터 연남점 → 비뮤티커피,"음식점, 전시, 카페",,
course-00563,꿈동산 동심쇼핑센터 → 엘씨오 코스,/assets/naver-courses/84a976c6da7da0543013bc32.jpg,꿈동산 동심쇼핑센터 → 엘씨오,"쇼핑, 전시",꿈동산 동심쇼핑센터,https://ldb-phinf.pstatic.net/20250913_59/1757723349403dpnDL_JPEG/9716.jpg
course-00564,동대문디자인플라자 디자인전시관 → 아트팩토리체험공방 코스,/assets/naver-courses/d2f3e8aead87bd5114ef94c2.jpg,동대문디자인플라자 디자인전시관 → 아트팩토리체험공방,"전시, 체험",DDP 디자인전시관,http://imgnews.naver.net/image/5551/2017/11/03/0000001576_019_20171103080343818.jpg
course-00565,잠실지하광장 쇼핑센터 → 넥스트뮤지엄 → 스타벅스 석촌호수점 코스,,잠실지하광장 쇼핑센터 → 넥스트뮤지엄 → 스타벅스 석촌호수점,"쇼핑, 전시, 카페",,
course-00566,그라운드시소 센트럴 → 엘씨오 코스,/assets/naver-courses/a98b9b461385948b969a5a6c.jpg,그라운드시소 센트럴 → 엘씨오,전시,그라운드시소 센트럴,https://pup-post-phinf.pstatic.net/MjAyNjA5MjJfMTMz/MDAxNzkwMDg1NTQyNTgx.ALcjd6VpIa5H2YCVqNwmkKCf8h0xoi5NiU4qh0BkRMAg.NemxxtCZKAnNU4cnqypc2iIpr8ZxE3TzAxYxD-XuJgMg.JPEG/POST_IMAGE_ENC_20260922_225803_180.jpg
course-00567,구씨네부엌 → 트릭아이뮤지엄 → 윤형근의 집 코스,,구씨네부엌 → 트릭아이뮤지엄 → 윤형근의 집,"관광, 음식점, 전시",,
course-00568,구씨네부엌 → 윤형근의 집 → 레드로드 코스,,구씨네부엌 → 윤형근의 집 → 레드로드,"관광, 음식점, 전시",,
course-00569,문화역서울284 → 쇼핑하는사람들 → 텐스퀘어 오슬로 회현 코스,/assets/naver-courses/feae525fb708fe5aeaa9c29c.jpg,문화역서울284 → 쇼핑하는사람들 → 텐스퀘어 오슬로 회현,"쇼핑, 전시, 카페",문화역서울284,https://pup-post-phinf.pstatic.net/MjAyNjA1MTFfMjQ2/MDAxNzc4NDU3Mzc1ODUw.8x0LgJ8oDp-duC6CBQ1wpvfxNTnRdH1HC1N_GuL41asg.KegHh4Fykn33FZ_SJyxvak7sjn0TL7DrICi3jdY2a7wg.JPEG/POST_IMAGE_ENCODING_20260511_085613_627.jpg
course-00570,노란돼지 → 그루타 → 쇼핑그라운드 코스,,노란돼지 → 그루타 → 쇼핑그라운드,"쇼핑, 음식점, 카페",,
course-00571,문화역서울284 → 베르시 → 이이네 코스,/assets/naver-courses/049b6773377610f0c7b1a7fd.jpg,문화역서울284 → 베르시 → 이이네,"음식점, 전시, 카페",문화역서울284,https://i1.ruliweb.com/img/20/02/07/1701ec1c4ab34a7fc.jpg
course-00572,문화역서울284 → 텐스퀘어 오슬로 회현 → 금성관 코스,/assets/naver-courses/21e98cc114aa0fa0f803b91b.jpg,문화역서울284 → 텐스퀘어 오슬로 회현 → 금성관,"음식점, 전시, 카페",문화역서울284,http://imgnews.naver.net/image/5002/2022/07/19/0002136170_001_20220719130001918.jpg
course-00573,노란돼지 → 스타벅스 사당역점 → 엔지니어링역사관 코스,,노란돼지 → 스타벅스 사당역점 → 엔지니어링역사관,"음식점, 전시, 카페",,
course-00574,문화역서울284 → 이이네 → 남산케이블카 코스,/assets/naver-courses/72b790afd7d14dfc652a9e64.jpg,문화역서울284 → 이이네 → 남산케이블카,"관광, 음식점, 전시",문화역서울284,http://imgnews.naver.net/image/079/2011/08/09/09150327203000_61000040.jpg
course-00575,잠실지하광장 쇼핑센터 → 아트팩토리체험공방 코스,,잠실지하광장 쇼핑센터 → 아트팩토리체험공방,"쇼핑, 체험",,
course-00576,구씨네부엌 → 토로스쇼핑타워 → 레드로드 코스,,구씨네부엌 → 토로스쇼핑타워 → 레드로드,"관광, 쇼핑, 음식점",,
course-00577,그라운드시소 센트럴 → 농민백암순대 시청직영점 → 커피스니퍼 코스,,그라운드시소 센트럴 → 농민백암순대 시청직영점 → 커피스니퍼,"음식점, 전시, 카페",,
course-00578,구씨네부엌 → 윤형근의 집 → 홍대클럽거리 코스,,구씨네부엌 → 윤형근의 집 → 홍대클럽거리,"관광, 음식점, 전시",,
course-00579,노란돼지 → 엔지니어링역사관 → 스타벅스 낙성대DT점 코스,,노란돼지 → 엔지니어링역사관 → 스타벅스 낙성대DT점,"음식점, 전시, 카페",,
course-00580,정동전망대 → 농민백암순대 시청직영점 → 서울도시건축전시관 코스,/assets/naver-courses/de72cbda7f0912070ea1305d.jpg,정동전망대 → 농민백암순대 시청직영점 → 서울도시건축전시관,"관광, 음식점, 전시",정동전망대,https://file1.bobaedream.co.kr/national/2019/05/24/16/kjwa1558683349.jpg
course-00581,구씨네부엌 → 굽네 플레이타운 → 홍대축제거리 코스,,구씨네부엌 → 굽네 플레이타운 → 홍대축제거리,"관광, 음식점, 전시",,
course-00582,커넥트투 → 롯데월드타워&롯데월드몰 → 그림제작소 코스,/assets/naver-courses/1df54bad82d3a027f4198392.jpg,커넥트투 → 롯데월드타워&롯데월드몰 → 그림제작소,"쇼핑, 전시, 카페",커넥트투,https://pup-post-phinf.pstatic.net/MjAyNjAzMjJfMjM3/MDAxNzc0MTg4OTU1MDg0.qnQ8rttmj0-wHfyQY_30_n-hFazardIGHYrO1lMg3H0g.T2IvusynSOdy2-0tTm1Kq4xJyQUe6bV0wgtYmIVrAWkg.JPEG/POST_IMAGE_ENCODING_20260322_231551_112.jpg
course-00583,건국대학교 일감호 → 스타벅스 건국대점 → 요비 코스,/assets/naver-courses/bd4a2aa22e1b7e4ac79d238b.jpg,건국대학교 일감호 → 스타벅스 건국대점 → 요비,"관광, 음식점, 카페",건국대학교 일감호,https://i.pinimg.com/736x/d3/69/f7/d369f741f9dd7906e3ca2afdcb40e598.jpg
course-00584,잠실지하광장 쇼핑센터 → 한정선 잠실롯데월드몰점 → 방이돈가 코스,,잠실지하광장 쇼핑센터 → 한정선 잠실롯데월드몰점 → 방이돈가,"쇼핑, 음식점, 카페",,
course-00585,신도림이도식당 → 콘피 → 도림천 코스,/assets/naver-courses/d3fd751a97dd96f8af91c4e6.jpg,신도림이도식당 → 콘피 → 도림천,"관광, 음식점, 카페",신도림이도식당,https://d12zq4w4guyljn.cloudfront.net/20251230034617276_photo_2a7574972e83.webp
course-00586,태양커피 서울사당점 → 사당1동먹자골목상점가 → 작은피자집 코스,/assets/naver-courses/0ca730b97368130021e09355.jpg,태양커피 서울사당점 → 사당1동먹자골목상점가 → 작은피자집,"관광, 음식점, 카페",태양커피 사당점,https://d2uja84sd90jmv.cloudfront.net/posts/tHITPT5mU1T88Ni2y4kFlQ/ms.jpg
course-00587,문화역서울284 → 텐스퀘어 오슬로 회현 → 남산케이블카 코스,/assets/naver-courses/05ba6da87daeae57f8f60f15.jpg,문화역서울284 → 텐스퀘어 오슬로 회현 → 남산케이블카,"관광, 전시, 카페",문화역서울284,http://imgnews.naver.net/image/5856/2022/05/11/0000001388_001_20220511095803661.png
course-00588,그라운드시소 센트럴 → 숭례문 → 커피스니퍼 코스,/assets/naver-courses/5cfce330687b2bc917b3ac45.jpg,그라운드시소 센트럴 → 숭례문 → 커피스니퍼,"관광, 전시, 카페",그라운드시소 센트럴,https://pup-post-phinf.pstatic.net/MjAyNjA1MDZfODIg/MDAxNzc4MDU5OTA4NTI0.ZaFJeKZPa7TDbMlEWJMJMyG955jhbq5WsWqHdZpx_3Ug._auIKyrU-tJXL2RWkyQk4y_QgEMz8SyFx0JbIoHyIgkg.JPEG/7FEF951F-1A9A-4913-90C7-9C198A9923A1.jpg
course-00589,잠실지하광장 쇼핑센터 → 에비뉴엘아트홀 → 방이동먹자골목 코스,,잠실지하광장 쇼핑센터 → 에비뉴엘아트홀 → 방이동먹자골목,"관광, 쇼핑, 전시",,
course-00590,잠실지하광장 쇼핑센터 → 한정선 잠실롯데월드몰점 → 방이동먹자골목 코스,,잠실지하광장 쇼핑센터 → 한정선 잠실롯데월드몰점 → 방이동먹자골목,"관광, 쇼핑, 카페",,
course-00591,노란돼지 → 머치커피 → 엔지니어링역사관 코스,,노란돼지 → 머치커피 → 엔지니어링역사관,"음식점, 전시, 카페",,
course-00592,잠실지하광장 쇼핑센터 → 넥스트뮤지엄 → 방이동먹자골목 코스,,잠실지하광장 쇼핑센터 → 넥스트뮤지엄 → 방이동먹자골목,"관광, 쇼핑, 전시",,
course-00593,아트팩토리체험공방 → 마일스톤커피 성수 → 성수베이킹스튜디오 코스,,아트팩토리체험공방 → 마일스톤커피 성수 → 성수베이킹스튜디오,"음식점, 체험, 카페",,
course-00594,브이스퀘어 → 우주로캣 → 매운향솥 코스,/assets/naver-courses/9b5b5e8b09af678f8e6756b1.jpg,브이스퀘어 → 우주로캣 → 매운향솥,"음식점, 전시, 카페",브이스퀘어 건대,https://pup-post-phinf.pstatic.net/MjAyNTEyMDlfMTk5/MDAxNzY1MjU4ODczMzQy.VlniYRa7qC8c3d8IfXnBygH63FGe2oOIKPHxhaB_wQQg.jGgZcC2fdvp5_l6dnuDDOKwxB4kNp0Ame_90bifiq8Mg.JPEG/POST_IMAGE_ENCODING_20251209_144110_560.jpg
course-00595,그라운드시소 센트럴 → 희락갈치 → 텐스퀘어 오슬로 회현 코스,,그라운드시소 센트럴 → 희락갈치 → 텐스퀘어 오슬로 회현,"음식점, 전시, 카페",,
course-00596,문화역서울284 → 정동전망대 → 커피스니퍼 코스,/assets/naver-courses/c7945797eb795e665d27db21.jpg,문화역서울284 → 정동전망대 → 커피스니퍼,"관광, 전시, 카페",문화역서울284,https://d2uja84sd90jmv.cloudfront.net/posts/-AcOGSbe4YEOqeUuE-4X9Q/ms.jpg?updated=-62167392000
course-00597,구씨네부엌 → 스페이스갤러리아 서울홍대 → 홍대클럽거리 코스,,구씨네부엌 → 스페이스갤러리아 서울홍대 → 홍대클럽거리,"관광, 음식점, 전시",,
course-00598,신도림이도식당 → 도림천 → 백야 코스,/assets/naver-courses/678be100b11f3cac59c9277b.jpg,신도림이도식당 → 도림천 → 백야,"관광, 음식점, 카페",신도림이도식당,https://ldb-phinf.pstatic.net/20251026_107/1761479413240sVj9J_PNG/1759396206954.png
course-00599,문화역서울284 → 베르시 → 쌍대포 본점 코스,/assets/naver-courses/74867db25e45e910e3ccd05d.jpg,문화역서울284 → 베르시 → 쌍대포 본점,"음식점, 전시, 카페",문화역서울284,http://imgnews.naver.net/image/421/2025/09/30/0008517617_001_20250930104809101.jpg
course-00600,문화역서울284 → 현대수산 → 전광수커피하우스 정동점 코스,/assets/naver-courses/f1b4c53b62fcba022e35e2f7.jpg,문화역서울284 → 현대수산 → 전광수커피하우스 정동점,"음식점, 전시, 카페",문화역서울284,http://imgnews.naver.net/image/003/2013/03/03/NISI20130303_0007818757_web_59_20130303182815.jpg
course-00601,노란돼지 → 파스텔시티 → 엔지니어링역사관 코스,,노란돼지 → 파스텔시티 → 엔지니어링역사관,"쇼핑, 음식점, 전시",,
course-00602,브이스퀘어 → 우주로캣 → 코노하 건대점 코스,/assets/naver-courses/b0ffff66eed337ae6b8f059d.jpg,브이스퀘어 → 우주로캣 → 코노하 건대점,"음식점, 전시, 카페",브이스퀘어 건대,https://pup-post-phinf.pstatic.net/MjAyNTEwMDhfNzEg/MDAxNzU5OTAwODYwMjc1.DnGj7OdwGF1_AJFhWKLcz4lDpwgKRRhMhr5HGWIO3eMg.Sk5wxZLt1d3thSzZGJ2t7lGsLw6nF-Xo5QfcErgbokEg.JPEG/POST_IMAGE_ENCODING_20251008_142058_333.jpg
course-00603,정동전망대 → 커피스니퍼 → 서울특별시청 하늘광장갤러리 코스,/assets/naver-courses/f8b817ad552f890adfdf250a.jpg,정동전망대 → 커피스니퍼 → 서울특별시청 하늘광장갤러리,"관광, 전시, 카페",정동전망대,https://d2u3dcdbebyaiu.cloudfront.net/uploads/atch_img/60/541d09230112ec4c85b662f6265bc9c6_res.jpeg
course-00604,구씨네부엌 → 스페이스갤러리아 서울홍대 → 홍대축제거리 코스,,구씨네부엌 → 스페이스갤러리아 서울홍대 → 홍대축제거리,"관광, 음식점, 전시",,
course-00605,잠실지하광장 쇼핑센터 → 뮤지엄209 → 방이동먹자골목 코스,,잠실지하광장 쇼핑센터 → 뮤지엄209 → 방이동먹자골목,"관광, 쇼핑, 전시",,
course-00606,브이스퀘어 → 육일관 본점 → 카페드라이 코스,/assets/naver-courses/67a06b7c0818279edc6e7126.jpg,브이스퀘어 → 육일관 본점 → 카페드라이,"음식점, 전시, 카페",브이스퀘어 건대,https://pup-post-phinf.pstatic.net/MjAyNjA3MDdfMTY3/MDAxNzgzNDMxODQyOTA1.ajeK1imXD8ajM4zU5Nr2H8DNhEJdsB0SEl2VrksNAocg.j0QQofKaWtg83GB4yTV6HH_CtXcAmU75tMob_WdF3HMg.JPEG/POST_IMAGE_ENC_20260707_224237_826.jpg
course-00607,갓잇 문래점 → 엘씨오 코스,/assets/naver-courses/625f63fa782f63e3945408e6.jpg,갓잇 문래점 → 엘씨오,"음식점, 전시",갓잇 문래점,https://pup-post-phinf.pstatic.net/MjAyNjAxMDZfMTU4/MDAxNzY3Njg5NjY2Mzk3.2VcoGKUxdXCx001w9kSdIll_03gFIedpi9FNhM9wQ9gg.FpJjTMZr_BxUoMrElFzqUmoQPgBO9ikZZrpst95Mdogg.JPEG/POST_IMAGE_ENCODING_20260106_175420_341.jpg
course-00608,일편등심 강남 → 힉스커피 → 더샵스앳센터필드 코스,/assets/naver-courses/4d8d4e2d9adb5d6bbc56cc95.jpg,일편등심 강남 → 힉스커피 → 더샵스앳센터필드,"쇼핑, 음식점, 카페",일편등심 강남점,https://ldb-phinf.pstatic.net/20250101_39/1735720732492dYmhR_JPEG/KakaoTalk_20241217_225629954_01.jpg
course-00609,노란돼지 → 머치커피 → 쇼핑그라운드 코스,,노란돼지 → 머치커피 → 쇼핑그라운드,"쇼핑, 음식점, 카페",,
course-00610,구씨네부엌 → 토로스쇼핑타워 → 더마틴 코스,,구씨네부엌 → 토로스쇼핑타워 → 더마틴,"쇼핑, 음식점, 카페",,
course-00611,구씨네부엌 → 윤형근의 집 → 홍대축제거리 코스,,구씨네부엌 → 윤형근의 집 → 홍대축제거리,"관광, 음식점, 전시",,
course-00612,문화역서울284 → 가메골손왕만두 남대문본점 → 남산케이블카 코스,/assets/naver-courses/d172c649d47112284e19d84f.jpg,문화역서울284 → 가메골손왕만두 남대문본점 → 남산케이블카,"관광, 음식점, 전시",문화역서울284,http://imgnews.naver.net/image/003/2023/12/22/NISI20231222_0001444160_web_20231222150857_20231222151606016.jpg
course-00613,일편등심 강남 → 힉스커피 → 갤러리라보 코스,/assets/naver-courses/bb4a9e6f7193bb7ea616a8e3.jpg,일편등심 강남 → 힉스커피 → 갤러리라보,"음식점, 전시, 카페",일편등심 강남점,https://ldb-phinf.pstatic.net/20250101_62/1735721837120UDmq8_JPEG/KakaoTalk_20241217_225629954_26.jpg
course-00614,문화역서울284 → 희락갈치 → 덕수궁 대한문 코스,,문화역서울284 → 희락갈치 → 덕수궁 대한문,"관광, 음식점, 전시",,
course-00615,브이스퀘어 → 카페호이 건대점 → 매운향솥 코스,,브이스퀘어 → 카페호이 건대점 → 매운향솥,"음식점, 전시, 카페",,
course-00616,문화역서울284 → 숭례문 → 덕수정 코스,,문화역서울284 → 숭례문 → 덕수정,"관광, 음식점, 전시",,
course-00617,문화역서울284 → 커피스니퍼 → 덕수궁 대한문 코스,/assets/naver-courses/3bb1cf8723dc0583982bd118.jpg,문화역서울284 → 커피스니퍼 → 덕수궁 대한문,"관광, 전시, 카페",문화역서울284,http://imgnews.naver.net/image/421/2020/07/25/0004776107_001_20200725144916155.jpg
course-00618,일편등심 강남 → 무신사 스토어 강남 → 슬로우커피 코스,/assets/naver-courses/170fda0b9be8c6dd97ff8c8d.jpg,일편등심 강남 → 무신사 스토어 강남 → 슬로우커피,"쇼핑, 음식점, 카페",일편등심 강남점,https://pup-post-phinf.pstatic.net/MjAyNTExMDVfMTYg/MDAxNzYyMzQ0MTI5NDU5.wSA-SBQqoRV5ARkOax8RPhNhLz15oOua9UAPkUqI6EQg.xKEWSAaBFpexZjbR1gxwLt_qVrMPhBev9zgZwKfPLXMg.JPEG/POST_IMAGE_ENCODING_20251105_210206_588.jpg
course-00619,신도림이도식당 → 구캔갤러리 → 그녀만의쇼핑 코스,/assets/naver-courses/afb8a0305f56aaced866d258.jpg,신도림이도식당 → 구캔갤러리 → 그녀만의쇼핑,"쇼핑, 음식점, 전시",신도림이도식당,https://pup-post-phinf.pstatic.net/MjAyNjA1MjVfMTkw/MDAxNzc5NjY0MDY2ODQ5.sdoxN4goNLR_jMXLeMS9mpKlcP7mgmop2lS7ird6_V0g.N96SDXcjGKcFeRbMwrBbDI1chhyDa-QVP75af4z7Dgcg.JPEG/POST_IMAGE_ENC_20260525_080623_925.jpg
course-00620,구씨네부엌 → 스타광장 → 독수리다방 코스,,구씨네부엌 → 스타광장 → 독수리다방,"관광, 음식점, 카페",,
course-00621,일편등심 강남 → 무신사 스토어 강남 → 캐논갤러리 코스,/assets/naver-courses/c03328f27171fb1554af34fb.jpg,일편등심 강남 → 무신사 스토어 강남 → 캐논갤러리,"쇼핑, 음식점, 전시",일편등심 강남점,https://ugc-videos.catchtable.co.kr/review/thumbnail/static/a35e67e2138546238f8451662c900f6a
course-00622,신도림이도식당 → 구캔갤러리 → 패스드 코스,/assets/naver-courses/d93ae09872144e2c41137421.jpg,신도림이도식당 → 구캔갤러리 → 패스드,"음식점, 전시, 카페",신도림이도식당,https://ldb-phinf.pstatic.net/20250708_209/1751953161744p01Yd_JPEG/DSC_6048.JPG
course-00623,일편등심 강남 → 서리풀푸드트럭존 → 미니말레 뢰스터리&커피바 서초교대점 코스,/assets/naver-courses/ad768b6f2fc9c5377035deea.jpg,일편등심 강남 → 서리풀푸드트럭존 → 미니말레 뢰스터리&커피바 서초교대점,"관광, 음식점, 카페",일편등심 강남점,https://pup-post-phinf.pstatic.net/MjAyNjA5MDZfODEg/MDAxNzg4NjU5NjQ4OTEz.d_Gzjy939KqfFhN75UsBjYEEuTf3krLgWLC0nr-G23Ug.c9C7sV34g51zB0dj3Of5Uv7OWHUej2evyinlYrRtRDAg.JPEG/PostEncodingTask.152BAC21-D9CD-4D02-AE4F-911A10279478.jpg
course-00624,정동전망대 → 희락갈치 → 텐스퀘어 오슬로 회현 코스,/assets/naver-courses/d0db587761f324d8c59d98a1.jpg,정동전망대 → 희락갈치 → 텐스퀘어 오슬로 회현,"관광, 음식점, 카페",정동전망대,http://imgnews.naver.net/image/003/2013/04/12/NISI20130412_0008017473_web_59_20130412164133.jpg
course-00625,일편등심 강남 → 썸띵어바웃커피 → 더샵스앳센터필드 코스,/assets/naver-courses/38bf7cfcd9f8ed3af94b7d94.jpg,일편등심 강남 → 썸띵어바웃커피 → 더샵스앳센터필드,"쇼핑, 음식점, 카페",일편등심 강남점,https://pup-post-phinf.pstatic.net/MjAyNjA1MjNfMTg0/MDAxNzc5NTM1ODgzMzM5.ZW-IWaQJUIeUsBxlSsP8Bwe6hbujXwPxTSxzNTz7mQwg.4PGABaUiYU5pz3GJHlQuZJFAtQX-164BFbsioMaENIgg.JPEG/POST_IMAGE_ENC_20260523_202959_949.jpg
course-00626,구씨네부엌 → 호러스위치 → 띠아트뮤지엄 홍대 코스,,구씨네부엌 → 호러스위치 → 띠아트뮤지엄 홍대,"관광, 음식점, 전시",,
course-00627,정동전망대 → 아트팩토리체험공방 코스,/assets/naver-courses/20995ff8747afed8d1a3f1c2.jpg,정동전망대 → 아트팩토리체험공방,"관광, 체험",정동전망대,https://tong.visitkorea.or.kr/cms/resource/70/3584470_image2_1.jpg
course-00628,잠실지하광장 쇼핑센터 → BGN갤러리 롯데타워점 → 방이동먹자골목 코스,,잠실지하광장 쇼핑센터 → BGN갤러리 롯데타워점 → 방이동먹자골목,"관광, 쇼핑, 전시",,
course-00629,브이스퀘어 → 스타벅스 건국클래식점 → 매운향솥 코스,,브이스퀘어 → 스타벅스 건국클래식점 → 매운향솥,"음식점, 전시, 카페",,
course-00630,신도림이도식당 → 구캔갤러리 → 그린머그 코스,/assets/naver-courses/a8ccf0e0206741a330b5b0bb.jpg,신도림이도식당 → 구캔갤러리 → 그린머그,"음식점, 전시, 카페",신도림이도식당,https://ldb-phinf.pstatic.net/20230727_2/1690463868245HdBDv_JPEG/DSC_7923.JPG
course-00631,노란돼지 → 아트팩토리체험공방 코스,,노란돼지 → 아트팩토리체험공방,"음식점, 체험",,
course-00632,문화역서울284 → 희락갈치 → 덕수궁돌담길 코스,/assets/naver-courses/a50ddfc0d3e10299c7f31d76.jpg,문화역서울284 → 희락갈치 → 덕수궁돌담길,"관광, 음식점, 전시",문화역서울284,http://imgnews.naver.net/image/5002/2022/10/04/0002188958_002_20221004110402960.jpg
course-00633,잠실지하광장 쇼핑센터 → 송파나루공원 삼전도비 → 뮤지엄209 코스,,잠실지하광장 쇼핑센터 → 송파나루공원 삼전도비 → 뮤지엄209,"관광, 쇼핑, 전시",,
course-00634,잠실지하광장 쇼핑센터 → 한정선 잠실롯데월드몰점 → 피제리아라고 코스,,잠실지하광장 쇼핑센터 → 한정선 잠실롯데월드몰점 → 피제리아라고,"쇼핑, 음식점, 카페",,
course-00635,잠실지하광장 쇼핑센터 → 커넥트투 → 방이동먹자골목 코스,,잠실지하광장 쇼핑센터 → 커넥트투 → 방이동먹자골목,"관광, 쇼핑, 전시",,
course-00636,잠실지하광장 쇼핑센터 → 롯데갤러리아트홀 → 방이동먹자골목 코스,,잠실지하광장 쇼핑센터 → 롯데갤러리아트홀 → 방이동먹자골목,"관광, 쇼핑, 전시",,
course-00637,정동전망대 → 덕수정 → 담다닷컴 코스,/assets/naver-courses/26cc012a15f63c83f32eed9c.jpg,정동전망대 → 덕수정 → 담다닷컴,"관광, 쇼핑, 음식점",정동전망대,https://i.ytimg.com/vi/d2d4tJGIVEA/oar2.jpg?sqp=-oaymwEdCJwEENAFSFWQAgHyq4qpAwwIARUAAIhCcAHAAQY=&rs=AOn4CLBTcV7D3gYBZfFh87824RvRWfZjAw
course-00638,일편등심 강남 → 무신사 스토어 강남 → 논현가구거리 코스,/assets/naver-courses/07776e235d7d8dc996e658e4.jpg,일편등심 강남 → 무신사 스토어 강남 → 논현가구거리,"관광, 쇼핑, 음식점",일편등심 강남점,https://ldb-phinf.pstatic.net/20191104_65/1572851084340qfCuM_JPEG/mmxa6paXCcYmf-YcUrI7XpDS.JPG.jpg
course-00639,문화역서울284 → 농민백암순대 시청직영점 → 덕수궁 코스,/assets/naver-courses/9005beffc975202ae2115385.jpg,문화역서울284 → 농민백암순대 시청직영점 → 덕수궁,"관광, 음식점, 전시",문화역서울284,https://storage.doopedia.co.kr/upload/_upload/image5/travel/editor/2024/06/30/20240630081919172_thumb.jpeg
course-00640,신도림이도식당 → 카페1953위드오드리 → 스페이스엑스엑스 코스,/assets/naver-courses/8d43d9fb18391e960af79794.jpg,신도림이도식당 → 카페1953위드오드리 → 스페이스엑스엑스,"음식점, 전시, 카페",신도림이도식당,https://ldb-phinf.pstatic.net/20250708_32/1751953207984cRRPC_JPEG/DSC_6262.JPG
course-00641,구씨네부엌 → 농협경제지주 온라인사업부 → 독수리다방 코스,,구씨네부엌 → 농협경제지주 온라인사업부 → 독수리다방,"쇼핑, 음식점, 카페",,
course-00642,로얄마카롱 → 스머프매직포레스트 → 해몽 코스,/assets/naver-courses/56ee9c21bc2d67e60ec203bd.jpg,로얄마카롱 → 스머프매직포레스트 → 해몽,"관광, 음식점, 카페",로얄마카롱,https://ldb-phinf.pstatic.net/20241109_216/1731147264266Rpxsv_JPEG/%B7%CE%BE%E2%B8%B6%C4%AB%B7%D5_%B7%CE%BE%E2%B8%B6%C4%AB%B7%D5_16_%285%29.JPG
course-00643,잠실지하광장 쇼핑센터 → 롯데갤러리아트홀 → 방이돈가 코스,,잠실지하광장 쇼핑센터 → 롯데갤러리아트홀 → 방이돈가,"쇼핑, 음식점, 전시",,
course-00644,정동전망대 → 희락갈치 → 그라운드시소 센트럴 코스,/assets/naver-courses/f7658800cb7efe994d2e7c38.jpg,정동전망대 → 희락갈치 → 그라운드시소 센트럴,"관광, 음식점, 전시",정동전망대,http://imgnews.naver.net/image/277/2022/11/27/0005183400_001_20221127131901346.jpg
course-00645,잠실지하광장 쇼핑센터 → 에비뉴엘아트홀 → 하우피 코스,,잠실지하광장 쇼핑센터 → 에비뉴엘아트홀 → 하우피,"쇼핑, 전시, 카페",,
course-00646,문화역서울284 → 숭례문 → 전광수커피하우스 정동점 코스,,문화역서울284 → 숭례문 → 전광수커피하우스 정동점,"관광, 전시, 카페",,
course-00647,신도림이도식당 → 카페솔트 → 스페이스엑스엑스 코스,/assets/naver-courses/3441d77b8d03636c18e4a0e7.jpg,신도림이도식당 → 카페솔트 → 스페이스엑스엑스,"음식점, 전시, 카페",신도림이도식당,https://ldb-phinf.pstatic.net/20230621_168/1687350874112nTIH7_JPEG/KakaoTalk_20230621_182417844_01.jpg
course-00648,정동전망대 → 전광수커피하우스 정동점 → 담다닷컴 코스,/assets/naver-courses/8a4f2bf45f8ad4add8dab7c4.jpg,정동전망대 → 전광수커피하우스 정동점 → 담다닷컴,"관광, 쇼핑, 카페",정동전망대,http://imgnews.naver.net/image/421/2013/04/14/434110_article_59_20130414124305.jpg
course-00649,구씨네부엌 → 덕스(DUEX) → 홍대축제거리 코스,,구씨네부엌 → 덕스(DUEX) → 홍대축제거리,"관광, 음식점, 전시",,
course-00650,잠실지하광장 쇼핑센터 → 서울스카이 → 하우피 코스,,잠실지하광장 쇼핑센터 → 서울스카이 → 하우피,"관광, 쇼핑, 카페",,
course-00651,문화역서울284 → 쌍대포 본점 → 때가이르매 숙대점 코스,/assets/naver-courses/e9c7deeab99201b0955986cd.jpg,문화역서울284 → 쌍대포 본점 → 때가이르매 숙대점,"음식점, 전시, 카페",문화역서울284,http://imgnews.naver.net/image/001/2020/07/25/PYH2020072502260001300_P4_20200725125408494.jpg
course-00652,잠실지하광장 쇼핑센터 → 넥스트뮤지엄 → 방이돈가 코스,,잠실지하광장 쇼핑센터 → 넥스트뮤지엄 → 방이돈가,"쇼핑, 음식점, 전시",,
course-00653,일편등심 강남 → 스머프매직포레스트 → 슬로우커피 코스,,일편등심 강남 → 스머프매직포레스트 → 슬로우커피,"관광, 음식점, 카페",,
course-00654,만동제과 → 던던 동대문점 코스,,만동제과 → 던던 동대문점,"쇼핑, 음식점",,
course-00655,로얄마카롱 → 무신사 스토어 강남 → 해몽 코스,/assets/naver-courses/ee9b9118693773431b12024b.jpg,로얄마카롱 → 무신사 스토어 강남 → 해몽,"쇼핑, 음식점, 카페",로얄마카롱,https://ldb-phinf.pstatic.net/20241109_161/1731147252857VLkOC_JPEG/%B7%CE%BE%E2%B8%B6%C4%AB%B7%D5_16_%281%29.JPG
course-00656,일편등심 강남 → 서리풀푸드트럭존 → 더샵스앳센터필드 코스,/assets/naver-courses/875b7e4950ff22406e156ec9.jpg,일편등심 강남 → 서리풀푸드트럭존 → 더샵스앳센터필드,"관광, 쇼핑, 음식점",일편등심 강남점,https://ldb-phinf.pstatic.net/20191104_105/1572851275075s5Upp_JPEG/5o7pmxQFVyloMljES2RnIIXG.JPG.jpg
course-00657,잠실지하광장 쇼핑센터 → 그림제작소 → 방이돈가 코스,,잠실지하광장 쇼핑센터 → 그림제작소 → 방이돈가,"쇼핑, 음식점, 카페",,
course-00658,신도림이도식당 → 도림천 → 그녀만의쇼핑 코스,/assets/naver-courses/a041005d7361e51698ae454a.jpg,신도림이도식당 → 도림천 → 그녀만의쇼핑,"관광, 쇼핑, 음식점",신도림이도식당,https://ldb-phinf.pstatic.net/20241016_112/1729044152890HveqQ_JPEG/DSC_2990.JPG
course-00659,일편등심 강남 → 서리풀푸드트럭존 → 갤러리라보 코스,/assets/naver-courses/3638605416cf8d3d5ca13049.jpg,일편등심 강남 → 서리풀푸드트럭존 → 갤러리라보,"관광, 음식점, 전시",일편등심 강남점,https://ldb-phinf.pstatic.net/20191104_225/1572851273809ELAb9_JPEG/QqYuKr_YrhShkBFH0URplH4b.JPG.jpg
course-00660,잠실지하광장 쇼핑센터 → 롯데갤러리아트홀 → 아키비스트 송파점 코스,,잠실지하광장 쇼핑센터 → 롯데갤러리아트홀 → 아키비스트 송파점,"쇼핑, 전시, 카페",,
course-00661,일편등심 강남 → 블루보틀 역삼카페 → 논현가구거리 코스,/assets/naver-courses/061f345f2c5ab696a01e62f5.jpg,일편등심 강남 → 블루보틀 역삼카페 → 논현가구거리,"관광, 음식점, 카페",일편등심 강남점,https://ldb-phinf.pstatic.net/20191104_40/1572851274614unaA6_JPEG/-1UEpJqM3jwMRnEk88OhSZuj.JPG.jpg
course-00662,구씨네부엌 → 홍대갤러리 키르큐펠 → 홍대축제거리 코스,,구씨네부엌 → 홍대갤러리 키르큐펠 → 홍대축제거리,"관광, 음식점, 전시",,
course-00663,구씨네부엌 → 덕스(DUEX) → 홍대클럽거리 코스,,구씨네부엌 → 덕스(DUEX) → 홍대클럽거리,"관광, 음식점, 전시",,
course-00664,문화역서울284 → 정동전망대 → 덕수정 코스,/assets/naver-courses/1ca85831b449b1213667f9ed.jpg,문화역서울284 → 정동전망대 → 덕수정,"관광, 음식점, 전시",문화역서울284,http://imgnews.naver.net/image/5090/2020/07/23/0001913575_001_20200723085205978.jpg
course-00665,잠실지하광장 쇼핑센터 → 뮤지엄209 → 그림제작소 코스,,잠실지하광장 쇼핑센터 → 뮤지엄209 → 그림제작소,"쇼핑, 전시, 카페",,
course-00666,잠실지하광장 쇼핑센터 → BGN갤러리 롯데타워점 → 스타벅스 석촌호수점 코스,,잠실지하광장 쇼핑센터 → BGN갤러리 롯데타워점 → 스타벅스 석촌호수점,"쇼핑, 전시, 카페",,
course-00667,잠실지하광장 쇼핑센터 → BGN갤러리 롯데타워점 → 방이돈가 코스,,잠실지하광장 쇼핑센터 → BGN갤러리 롯데타워점 → 방이돈가,"쇼핑, 음식점, 전시",,
course-00668,잠실지하광장 쇼핑센터 → 송파나루공원 삼전도비 → 하우피 코스,,잠실지하광장 쇼핑센터 → 송파나루공원 삼전도비 → 하우피,"관광, 쇼핑, 카페",,
course-00669,갓잇 문래점 → 조양관 코스,/assets/naver-courses/9baaf498d49b8d85f201e4e9.jpg,갓잇 문래점 → 조양관,음식점,갓잇 문래점,http://imgnews.naver.net/image/5415/2024/02/27/0000208369_002_20240227150802030.jpg
course-00670,태양커피 서울사당점 → 사당1동먹자골목상점가 → 파스텔시티 코스,/assets/naver-courses/b7c1fb0c6ba903830ba31bfb.jpg,태양커피 서울사당점 → 사당1동먹자골목상점가 → 파스텔시티,"관광, 쇼핑, 카페",태양커피 사당점,https://i.pinimg.com/736x/76/36/fb/7636fb6d1172c3127e720b93d6b59958.jpg
course-00671,브이스퀘어 → 훈춘양꼬치 1호점 → 카페드라이 코스,,브이스퀘어 → 훈춘양꼬치 1호점 → 카페드라이,"음식점, 전시, 카페",,
course-00672,타이파 → 현대수산 코스,/assets/naver-courses/f49fe95a16f7f21ad4c0151b.jpg,타이파 → 현대수산,"음식점, 카페",왕십리 타이파,https://pup-post-phinf.pstatic.net/MjAyNjA3MTVfMjQ1/MDAxNzg0MTIyNjg2MTk1.xKecg9biGKEm6jS4-tvM3k3JRJKNHlIKU6Ezi1DHausg.v9Tm-wdCRnfgOyKCHyVLkxoibBYFcE4nqnSnySIDZJog.JPEG/PostEncodingTask.0358B130-B11B-472D-965C-32A6524506D3.jpg
course-00673,잠실지하광장 쇼핑센터 → 롯데갤러리아트홀 → 석촌호수 서호 코스,,잠실지하광장 쇼핑센터 → 롯데갤러리아트홀 → 석촌호수 서호,"관광, 쇼핑, 전시",,
course-00674,갓잇 문래점 → 카페솔트 → 스페이스엑스엑스 코스,/assets/naver-courses/0b5fcc4329874d78dde485c6.jpg,갓잇 문래점 → 카페솔트 → 스페이스엑스엑스,"음식점, 전시, 카페",갓잇 문래점,https://pup-post-phinf.pstatic.net/MjAyNTEyMTJfMTU5/MDAxNzY1NTMyNzMxODI3.Lgw_0vueVXEwXeUhihXegYFfKOyuXRUcA-tiE33ilFAg.OuNqRC598eRgu8wP1um4U0fK85JpXEknQwOj0u15GN8g.JPEG/50D38DC1-961C-4052-A4B3-B50AA9603486.jpg
course-00675,커넥트투 → 롯데월드타워&롯데월드몰 → 송파나루공원 삼전도비 코스,/assets/naver-courses/83d7eca48e809ca961c07422.jpg,커넥트투 → 롯데월드타워&롯데월드몰 → 송파나루공원 삼전도비,"관광, 쇼핑, 전시",커넥트투,https://cdn.autodaily.co.kr/news/photo/201707/336381_19747_124.PNG
course-00676,로얄마카롱 → 이바인체험샵 → 열 코스,,로얄마카롱 → 이바인체험샵 → 열,"쇼핑, 음식점, 카페",,
course-00677,로얄마카롱 → 서리풀푸드트럭존 → 조양관 코스,/assets/naver-courses/5e1cfcbdb6d142c2a51688cb.jpg,로얄마카롱 → 서리풀푸드트럭존 → 조양관,"관광, 음식점, 카페",로얄마카롱,https://ldb-phinf.pstatic.net/20241109_147/17311479395641FAPn_JPEG/%B7%CE%BE%E2%B8%B6%C4%AB%B7%D5_12_%283%29.JPG
course-00678,그라운드시소 센트럴 → 숭례문 → 텐스퀘어 오슬로 회현 코스,,그라운드시소 센트럴 → 숭례문 → 텐스퀘어 오슬로 회현,"관광, 전시, 카페",,
course-00679,잠실지하광장 쇼핑센터 → 커넥트투 → 그림제작소 코스,,잠실지하광장 쇼핑센터 → 커넥트투 → 그림제작소,"쇼핑, 전시, 카페",,
course-00680,신도림이도식당 → 아도 티하우스 → 스페이스엑스엑스 코스,/assets/naver-courses/e2e3a8520405fda2c2e030b9.jpg,신도림이도식당 → 아도 티하우스 → 스페이스엑스엑스,"음식점, 전시, 카페",신도림이도식당,https://ldb-phinf.pstatic.net/20230621_223/1687350870423Rlm2x_JPEG/KakaoTalk_20230621_182417844.jpg
course-00681,노란돼지 → 카페 미토 → 이수역꼬치거리 코스,,노란돼지 → 카페 미토 → 이수역꼬치거리,"관광, 음식점, 카페",,
course-00682,문화역서울284 → 희락갈치 → 백범광장 코스,/assets/naver-courses/3fcf29963fecf1e878e206b5.jpg,문화역서울284 → 희락갈치 → 백범광장,"관광, 음식점, 전시",문화역서울284,http://imgnews.naver.net/image/421/2023/01/18/0006583487_001_20230118110417804.jpg
course-00683,그라운드시소 센트럴 → 남대문갈치조림골목 → 애성회관 코스,/assets/naver-courses/ee175d7ad5599b32b42bb019.jpg,그라운드시소 센트럴 → 남대문갈치조림골목 → 애성회관,"관광, 음식점, 전시",그라운드시소 센트럴,https://pup-post-phinf.pstatic.net/MjAyNjA4MTRfMzMg/MDAxNzg2Njk5OTc2OTI0.jTkf58rMXWWNzV3fbnn-1WZN_v0LM_jmRIicXcmt0t4g.UWQir-CIMcLDvrEOHiiL40eSMJ8mzKwU1GF3Qhd3JB8g.JPEG/POST_IMAGE_ENC_20260814_183025_996.jpg
course-00684,문화역서울284 → 정동전망대 → 전광수커피하우스 정동점 코스,/assets/naver-courses/27616fd961063dddc7065d5b.jpg,문화역서울284 → 정동전망대 → 전광수커피하우스 정동점,"관광, 전시, 카페",문화역서울284,https://storage.doopedia.co.kr/upload/_upload/image5/travel/editor/2023/09/21/20230921082900483_thumb.jpeg
course-00685,문화역서울284 → 비에이글 → 한옥집김치찜 서대문본점 코스,/assets/naver-courses/e8d1a963ec4ca4267c72067f.jpg,문화역서울284 → 비에이글 → 한옥집김치찜 서대문본점,"음식점, 전시, 카페",문화역서울284,https://i.pinimg.com/originals/34/f4/a8/34f4a8d69e3e3f03ebfc9b00e4e79e20.jpg
course-00686,구씨네부엌 → 홍대걷고싶은거리 → 더마틴 코스,,구씨네부엌 → 홍대걷고싶은거리 → 더마틴,"관광, 음식점, 카페",,
course-00687,만동제과 → WP → 고원 연희 코스,/assets/naver-courses/97b38664b1c4a1f8f79a035c.jpg,만동제과 → WP → 고원 연희,"음식점, 전시, 카페",만동제과 연남점,https://pup-post-phinf.pstatic.net/MjAyNjA1MTBfMjc4/MDAxNzc4NDE4NzE3MTc3.CDBczY6vGK-wA4gik2UDjWU0ynex5dyq-uPtJ1dIQWUg.Ab3JIA0EDQFLprqG9LgpK-k3u3_TJGZKu-QY8MAsdh0g.JPEG/POST_IMAGE_ENCODING_20260510_221154_304.jpg
course-00688,잠실지하광장 쇼핑센터 → 뮤지엄209 → 방이돈가 코스,,잠실지하광장 쇼핑센터 → 뮤지엄209 → 방이돈가,"쇼핑, 음식점, 전시",,
course-00689,일편등심 강남 → 스머프매직포레스트 → 더샵스앳센터필드 코스,/assets/naver-courses/434747cdb7364e7586a35782.jpg,일편등심 강남 → 스머프매직포레스트 → 더샵스앳센터필드,"관광, 쇼핑, 음식점",일편등심 강남점,https://ldb-phinf.pstatic.net/20191104_289/1572851274342TsL7k_JPEG/di7ssp2Pv6MtmN9r8YPed-un.JPG.jpg
course-00690,일편등심 강남 → 이바인체험샵 → 아펜즈커피 서초교대역점 코스,,일편등심 강남 → 이바인체험샵 → 아펜즈커피 서초교대역점,"쇼핑, 음식점, 카페",,
course-00691,그라운드시소 센트럴 → 남대문칼국수골목 → 금성관 코스,,그라운드시소 센트럴 → 남대문칼국수골목 → 금성관,"관광, 음식점, 전시",,
course-00692,아트팩토리체험공방 → 성수동갈비골목 → 성수베이킹스튜디오 코스,,아트팩토리체험공방 → 성수동갈비골목 → 성수베이킹스튜디오,"관광, 음식점, 체험",,
course-00693,그라운드시소 센트럴 → 이이네 → 쇼핑하는사람들 코스,,그라운드시소 센트럴 → 이이네 → 쇼핑하는사람들,"쇼핑, 음식점, 전시",,
course-00694,노란돼지 → 머치커피 → 이수역꼬치거리 코스,,노란돼지 → 머치커피 → 이수역꼬치거리,"관광, 음식점, 카페",,
course-00695,문화역서울284 → 덕수정 → 덕수궁돌담길 코스,/assets/naver-courses/6ec520f0606e5e540c559d41.jpg,문화역서울284 → 덕수정 → 덕수궁돌담길,"관광, 음식점, 전시",문화역서울284,https://d2uja84sd90jmv.cloudfront.net/posts/vaUxENHzC4cnvunNEQDY0A/ms.jpg?updated=-62167392000
course-00696,잠실지하광장 쇼핑센터 → 넥스트뮤지엄 → 아키비스트 송파점 코스,,잠실지하광장 쇼핑센터 → 넥스트뮤지엄 → 아키비스트 송파점,"쇼핑, 전시, 카페",,
course-00697,아트팩토리체험공방 → 서울숲카페거리 → 성수베이킹스튜디오 코스,,아트팩토리체험공방 → 서울숲카페거리 → 성수베이킹스튜디오,"음식점, 체험, 카페",,
course-00698,문화역서울284 → 백범광장 → 목멱산방 남산타워점 코스,/assets/naver-courses/260e4978e012e39e09445467.jpg,문화역서울284 → 백범광장 → 목멱산방 남산타워점,"관광, 음식점, 전시",문화역서울284,https://pup-post-phinf.pstatic.net/MjAyNTExMTBfNDQg/MDAxNzYyNzgwMzQ5MDE2.Fu21mz95Z0o0bDXqCuOklDHexBiv5XHbRFhewY8gl38g.6fQeaV4Wy1PFAjHwRzZaWO6dDrjlqEAIu49gYXChR3Eg.JPEG/POST_IMAGE_ENCODING_20251110_221215_907.jpg
course-00699,문화역서울284 → 스타벅스 충정로역점 → 한옥집김치찜 서대문본점 코스,/assets/naver-courses/b2d0623793673bdcb4efe887.jpg,문화역서울284 → 스타벅스 충정로역점 → 한옥집김치찜 서대문본점,"음식점, 전시, 카페",문화역서울284,http://imgnews.naver.net/image/5090/2012/11/15/20121115000266_0_59_20121115160407.jpg
course-00700,노란돼지 → 그루타 → 이수역꼬치거리 코스,,노란돼지 → 그루타 → 이수역꼬치거리,"관광, 음식점, 카페",,
course-00701,신도림이도식당 → 콘피 → MKSHOPPING(엠케이쇼핑) 코스,/assets/naver-courses/0dea99fbb8674e3adde3fcbc.jpg,신도림이도식당 → 콘피 → MKSHOPPING(엠케이쇼핑),"쇼핑, 음식점, 카페",신도림이도식당,https://d12zq4w4guyljn.cloudfront.net/20260302074549165_photo_sdTm1I1minMx.webp
course-00702,아트팩토리체험공방 → 정동전망대 코스,,아트팩토리체험공방 → 정동전망대,"관광, 체험",,
course-00703,브이스퀘어 → 육일관 본점 → 앤시넌 코스,,브이스퀘어 → 육일관 본점 → 앤시넌,"음식점, 전시, 카페",,
course-00704,일편등심 강남 → 루프808 → 캐논갤러리 코스,/assets/naver-courses/43126c55a2aa31ca74017e46.jpg,일편등심 강남 → 루프808 → 캐논갤러리,"음식점, 전시, 카페",일편등심 강남점,https://ldb-phinf.pstatic.net/20231011_88/1697008512965DPIOL_PNG/20231011_161351.png
course-00705,로얄마카롱 → 성동 AI미래기술체험센터 코스,/assets/naver-courses/256c8280dcc65bcb509484f8.jpg,로얄마카롱 → 성동 AI미래기술체험센터,"체험, 카페",로얄마카롱,https://ldb-phinf.pstatic.net/20241109_141/1731147980235CBCnx_JPEG/%B7%CE%BE%E2%B8%B6%C4%AB%B7%D5_8.JPG
course-00706,잠실지하광장 쇼핑센터 → 석촌호수 서호 → 청와옥 석촌호수점 코스,,잠실지하광장 쇼핑센터 → 석촌호수 서호 → 청와옥 석촌호수점,"관광, 쇼핑, 음식점",,
course-00707,일편등심 강남 → 스머프매직포레스트 → 수목금토카페 코스,/assets/naver-courses/1aa3baa6acff2bdf42394306.jpg,일편등심 강남 → 스머프매직포레스트 → 수목금토카페,"관광, 음식점, 카페",일편등심 강남점,https://ldb-phinf.pstatic.net/20210228_13/1614497615198F1afp_JPEG/%B3%BB%BA%CE2.jpg
course-00708,문화역서울284 → 전광수커피하우스 정동점 → 덕수궁돌담길 코스,,문화역서울284 → 전광수커피하우스 정동점 → 덕수궁돌담길,"관광, 전시, 카페",,
course-00709,커넥트투 → 한정선 잠실롯데월드몰점 → 송파나루공원 삼전도비 코스,/assets/naver-courses/dd2f26385220dc8ba297ccb9.jpg,커넥트투 → 한정선 잠실롯데월드몰점 → 송파나루공원 삼전도비,"관광, 전시, 카페",커넥트투,http://imgnews.naver.net/image/144/2024/06/10/0000967311_006_20240610171911237.jpg
course-00710,커넥트투 → 화반 방이점 → 아키비스트 송파점 코스,/assets/naver-courses/9f3d757ec44ab5c507f940d9.jpg,커넥트투 → 화반 방이점 → 아키비스트 송파점,"음식점, 전시, 카페",커넥트투,https://pup-post-phinf.pstatic.net/MjAyNjA5MTNfMjg1/MDAxNzg5Mjk0MDg5MDI3.Fqfi_LYmyphpqRDnfhrdJA8dT_UkfdH32YGgqaVH5lwg.JalfktIC0aRWM3bnQ_aBbppUgAXt9zg_hy8-oz32f0cg.JPEG/POST_IMAGE_ENC_20260913_190749_938.jpg
course-00711,구씨네부엌 → 토로스쇼핑타워 → 윤형근의 집 코스,,구씨네부엌 → 토로스쇼핑타워 → 윤형근의 집,"쇼핑, 음식점, 전시",,
course-00712,구씨네부엌 → 홍대갤러리 키르큐펠 → 모멘트커피 코스,,구씨네부엌 → 홍대갤러리 키르큐펠 → 모멘트커피,"음식점, 전시, 카페",,
course-00713,일편등심 강남 → 창업쇼핑 → 캐논갤러리 코스,,일편등심 강남 → 창업쇼핑 → 캐논갤러리,"쇼핑, 음식점, 전시",,
course-00714,정동전망대 → 희락갈치 → 피크닉 코스,/assets/naver-courses/1122f9838354430b099114aa.jpg,정동전망대 → 희락갈치 → 피크닉,"관광, 음식점, 전시",정동전망대,http://imgnews.naver.net/image/5510/2024/04/01/0000144672_001_20240401173002850.jpg
course-00715,갓잇 문래점 → 카페1953위드오드리 → 도림천 코스,/assets/naver-courses/74f4aadf94620c370f458c44.jpg,갓잇 문래점 → 카페1953위드오드리 → 도림천,"관광, 음식점, 카페",갓잇 문래점,https://pup-post-phinf.pstatic.net/MjAyNTExMjlfMTIg/MDAxNzY0MzgxODQ3MDE0.hFibCjNOeSZ-FfCopi-T9JN4EqTHBwIavomKT_RO8p0g.szWPUHqGtCy8E_vhkyQuO5Q8rMCdI8naTdaF1mMSLr0g.JPEG/44242248-16B6-4B27-850D-7DBC125893A0.jpg
course-00716,노란돼지 → 윤남아트스페이스 → 이수역꼬치거리 코스,,노란돼지 → 윤남아트스페이스 → 이수역꼬치거리,"관광, 음식점, 전시",,
course-00717,노란돼지 → 엔지니어링역사관 → 카페 미토 코스,,노란돼지 → 엔지니어링역사관 → 카페 미토,"음식점, 전시, 카페",,
course-00718,만동제과 → 고원 연희 → 104고지전적비 코스,/assets/naver-courses/2b509a6aa49d4479380df4f3.jpg,만동제과 → 고원 연희 → 104고지전적비,"관광, 음식점, 전시",만동제과 연남점,https://pup-post-phinf.pstatic.net/MjAyNjA5MDlfMjY5/MDAxNzg4OTMxNzU2NzU1.z-dJKaqYHderHEQYJAe92iL5EIUgiyTV0bglEAPfEmQg.q1RwS6Xz01tAJumQ_KfmzJ8h_7np7vFr4Pb61r5kBRAg.JPEG/PostEncodingTask.C8A1D8AC-4BF8-4E04-8961-18DB7D5672B1.jpg
course-00719,구씨네부엌 → 토로스쇼핑타워 → 굽네 플레이타운 코스,,구씨네부엌 → 토로스쇼핑타워 → 굽네 플레이타운,"쇼핑, 음식점, 전시",,
course-00720,아트팩토리체험공방 → 성수베이킹스튜디오 → 5TO7 코스,,아트팩토리체험공방 → 성수베이킹스튜디오 → 5TO7,"음식점, 체험, 카페",,
course-00721,일편등심 강남 → 논현가구거리 → 수목금토카페 코스,,일편등심 강남 → 논현가구거리 → 수목금토카페,"관광, 음식점, 카페",,
course-00722,브이스퀘어 → 건대맛의거리 → 매운향솥 코스,/assets/naver-courses/7c803e513bd522ec60f74820.jpg,브이스퀘어 → 건대맛의거리 → 매운향솥,"관광, 음식점, 전시",브이스퀘어 건대,https://pup-post-phinf.pstatic.net/MjAyNTEwMDhfMjY2/MDAxNzU5OTAwODYyMDIz.eFt5_E8bLC0ZRY01coiv4H5TRKVNNVP716tqySwRcqQg.UKv_k3QMdixN5IxY54LBQaQArgC3Yzt5MMs3nx_DRlYg.JPEG/POST_IMAGE_ENCODING_20251008_142058_933.jpg
course-00723,문화역서울284 → 가메골손왕만두 남대문본점 → 남산둘레길 코스,/assets/naver-courses/a0ac62ccd8cf8852173cd63e.jpg,문화역서울284 → 가메골손왕만두 남대문본점 → 남산둘레길,"관광, 음식점, 전시",문화역서울284,http://imgnews.naver.net/image/016/2014/11/11/20141111000029_0_99_20141111113402.jpg
course-00724,구씨네부엌 → 레드로드 → 띠아트뮤지엄 홍대 코스,,구씨네부엌 → 레드로드 → 띠아트뮤지엄 홍대,"관광, 음식점, 전시",,
course-00725,로얄마카롱 → 고래불 강남역삼본점 → 이바인체험샵 코스,,로얄마카롱 → 고래불 강남역삼본점 → 이바인체험샵,"쇼핑, 음식점, 카페",,
course-00726,그라운드시소 센트럴 → 애성회관 → 커피스니퍼 코스,/assets/naver-courses/2c55b7152e64294301742d54.jpg,그라운드시소 센트럴 → 애성회관 → 커피스니퍼,"음식점, 전시, 카페",그라운드시소 센트럴,https://pup-post-phinf.pstatic.net/MjAyNjA1MTFfMjkz/MDAxNzc4NDc1OTU1MjM2.BEm4kW_XOljy_Clew12JAj2flQJSzesFRhoHhLgTXhUg.de-mW24piWJeb8wESDgnDbrtpuq8-_Igj6GOlcpySkcg.JPEG/PostEncodingTask.9F954079-B3C3-443E-8B46-FD9EEC81E8C7.jpg
course-00727,태양커피 서울사당점 → 파스텔시티 → 남해안횟집 코스,/assets/naver-courses/4e459d0f4397a7521f574c92.jpg,태양커피 서울사당점 → 파스텔시티 → 남해안횟집,"쇼핑, 음식점, 카페",태양커피 사당점,https://pup-post-phinf.pstatic.net/MjAyNjAzMTZfOTgg/MDAxNzczNjUzNzExNzg0.nRru4bzgSAm0JwdkqPADphJtoteuqFU0Lr-Ru-mTUssg.ohAVIBnXksHxlE2nluqTFOf5JyQ4_6aUvpN-3FP0HJ4g.JPEG/BFD0D0D1-1F32-47E8-9A01-06990DDE3E0E.jpg
course-00728,신도림이도식당 → 패스드 → 예빛갤러리 코스,/assets/naver-courses/cb24feae01a45339e46f023e.jpg,신도림이도식당 → 패스드 → 예빛갤러리,"음식점, 전시, 카페",신도림이도식당,https://ldb-phinf.pstatic.net/20171017_151/1508237659140uj0JW_JPEG/esT1o_idFmxsSA2Yk-4iZ7h8.jpg
course-00729,구씨네부엌 → 스페이스갤러리아 서울홍대 → 스타광장 코스,,구씨네부엌 → 스페이스갤러리아 서울홍대 → 스타광장,"관광, 음식점, 전시",,
course-00730,잠실지하광장 쇼핑센터 → 한정선 잠실롯데월드몰점 → 롯데월드 어드벤처 코스,,잠실지하광장 쇼핑센터 → 한정선 잠실롯데월드몰점 → 롯데월드 어드벤처,"관광, 쇼핑, 카페",,
course-00731,신도림이도식당 → 백야 → 스페이스엑스엑스 코스,/assets/naver-courses/0c75edc5f183334013047418.jpg,신도림이도식당 → 백야 → 스페이스엑스엑스,"음식점, 전시, 카페",신도림이도식당,https://ldb-phinf.pstatic.net/20260422_196/1776811178852OUMdd_PNG/KakaoTalk_20260421_204341957_02.png
course-00732,노란돼지 → 카페 미토 → 쇼핑그라운드 코스,,노란돼지 → 카페 미토 → 쇼핑그라운드,"쇼핑, 음식점, 카페",,
course-00733,구씨네부엌 → WP → 소녀전선2망명갤러리 코스,,구씨네부엌 → WP → 소녀전선2망명갤러리,"음식점, 전시, 카페",,
course-00734,신도림이도식당 → 패스드 → 스페이스엑스엑스 코스,/assets/naver-courses/654fad394c718996321d582b.jpg,신도림이도식당 → 패스드 → 스페이스엑스엑스,"음식점, 전시, 카페",신도림이도식당,https://ldb-phinf.pstatic.net/20260422_263/1776811105899glqWl_PNG/KakaoTalk_20260421_204341957.png
course-00735,구씨네부엌 → AC'SCENT(악센트) → 문베어 코스,,구씨네부엌 → AC'SCENT(악센트) → 문베어,"음식점, 전시, 카페",,
course-00736,꿈동산 동심쇼핑센터 → 롯데월드 어드벤처 코스,/assets/naver-courses/063533dc3f01ebf2211e5ec2.jpg,꿈동산 동심쇼핑센터 → 롯데월드 어드벤처,"관광, 쇼핑",꿈동산 동심쇼핑센터,https://pup-post-phinf.pstatic.net/MjAyNjA0MjBfNjYg/MDAxNzc2Njk1MzQzNDA1.7Ibn3vIXp7k2QovUoEeDCfxJqBAK9xENqhhLW3fjkewg.lxM1Zn8gt41tw__MtMH9a_QY7xmfoklIYOatEc64ptsg.JPEG/POST_IMAGE_ENCODING_20260420_232903_310.jpg
course-00737,문화역서울284 → 현대수산 → 숭례문 코스,/assets/naver-courses/ad12cc303557fc499b60591b.jpg,문화역서울284 → 현대수산 → 숭례문,"관광, 음식점, 전시",문화역서울284,http://imgnews.naver.net/image/5268/2025/01/15/0002035481_001_20250115160220268.jpg
course-00738,문화역서울284 → 남대문칼국수골목 → 엘카페커피로스터스 코스,/assets/naver-courses/6ea460c3e9a16e77229635e3.jpg,문화역서울284 → 남대문칼국수골목 → 엘카페커피로스터스,"관광, 전시, 카페",문화역서울284,http://imgnews.naver.net/image/003/2021/07/30/NISI20210730_0000799005_web_20210730135521_20210730140807486.jpg
course-00739,만동제과 → 아이아이 연희 → 104고지전적비 코스,,만동제과 → 아이아이 연희 → 104고지전적비,"관광, 음식점, 전시",,
course-00740,갓잇 문래점 → 아도 티하우스 → 스페이스엑스엑스 코스,/assets/naver-courses/48e3c6aad7aa19780109739e.jpg,갓잇 문래점 → 아도 티하우스 → 스페이스엑스엑스,"음식점, 전시, 카페",갓잇 문래점,https://d12zq4w4guyljn.cloudfront.net/20260215063711224_photo_3d914743d1e1.webp
course-00741,구씨네부엌 → 모멘트커피 → 트릭아이뮤지엄 코스,,구씨네부엌 → 모멘트커피 → 트릭아이뮤지엄,"관광, 음식점, 카페",,
course-00742,커넥트투 → 방이돈가 → 아키비스트 송파점 코스,,커넥트투 → 방이돈가 → 아키비스트 송파점,"음식점, 전시, 카페",,
course-00743,문화역서울284 → 덕수궁돌담길 → 커피스니퍼 코스,/assets/naver-courses/bea39dea1592f50b2809b5b3.jpg,문화역서울284 → 덕수궁돌담길 → 커피스니퍼,"관광, 전시, 카페",문화역서울284,https://pup-post-phinf.pstatic.net/MjAyNjA2MjNfNTEg/MDAxNzgyMTY5OTkxMTQ1.YBE-wNYbCS6LscdfSTM8ae8DKsRUxS_XcrJXXNRHxtAg.iGdVapHX7SXyu_5ww7M8-JhyAN0fq1wyQUNYAWhH2Scg.JPEG/POST_IMAGE_ENC_20260623_081120_885.jpg
course-00744,일편등심 강남 → 블루보틀 역삼카페 → 갤러리라보 코스,/assets/naver-courses/00a0fdc5b7f7f3dce33a9b28.jpg,일편등심 강남 → 블루보틀 역삼카페 → 갤러리라보,"음식점, 전시, 카페",일편등심 강남점,https://ldb-phinf.pstatic.net/20191104_185/1572850855886NBeFa_JPEG/TKUusJu79o8TFMt3pCRuyoY4.JPG.jpg
course-00745,잠실지하광장 쇼핑센터 → 서울스카이 → 오레노라멘 송파점 코스,,잠실지하광장 쇼핑센터 → 서울스카이 → 오레노라멘 송파점,"관광, 쇼핑, 음식점",,
course-00746,일편등심 강남 → 슬로우커피 → 더샵스앳센터필드 코스,/assets/naver-courses/e1e2aeb67726451587753cb1.jpg,일편등심 강남 → 슬로우커피 → 더샵스앳센터필드,"쇼핑, 음식점, 카페",일편등심 강남점,https://ldb-phinf.pstatic.net/20260104_251/1767520094801wgoXi_JPEG/_DSC5902-%C6%ED%C1%FD.jpg
course-00747,문화역서울284 → 가메골손왕만두 남대문본점 → 정동전망대 코스,/assets/naver-courses/91f251b4195071844f85bc7d.jpg,문화역서울284 → 가메골손왕만두 남대문본점 → 정동전망대,"관광, 음식점, 전시",문화역서울284,http://imgnews.naver.net/image/5090/2020/06/23/0001899473_001_20200623173003578.jpg
course-00748,노란돼지 → 머치커피 → 사당알뜰쇼핑 코스,,노란돼지 → 머치커피 → 사당알뜰쇼핑,"쇼핑, 음식점, 카페",,
course-00749,태양커피 서울사당점 → 소담촌 사당직영점 → 사당1동먹자골목상점가 코스,/assets/naver-courses/631a66aff0df14f2ad45f814.jpg,태양커피 서울사당점 → 소담촌 사당직영점 → 사당1동먹자골목상점가,"관광, 음식점, 카페",태양커피 사당점,https://d2uja84sd90jmv.cloudfront.net/posts/SBTWALDmHE7nAmsvfVbCcw/s.jpg
course-00750,그라운드시소 센트럴 → 희락갈치 → 커피스니퍼 코스,,그라운드시소 센트럴 → 희락갈치 → 커피스니퍼,"음식점, 전시, 카페",,
course-00751,구씨네부엌 → 4233 마음센터 연남점 → 트릭아이뮤지엄 코스,,구씨네부엌 → 4233 마음센터 연남점 → 트릭아이뮤지엄,"관광, 음식점, 전시",,
course-00752,문화역서울284 → 엘카페커피로스터스 → 두루와쇼핑 코스,/assets/naver-courses/7b4ae2e95c3b27bab074cc52.jpg,문화역서울284 → 엘카페커피로스터스 → 두루와쇼핑,"쇼핑, 전시, 카페",문화역서울284,https://pup-post-phinf.pstatic.net/MjAyNTEwMjJfMjA4/MDAxNzYxMTEyNjU3MjQ3.RHqaq_qrSJ30ars4vfQDT_rJquiVpOT1wIm-MPY4uGog.hQ9cSkTZpANmOj8fEue9Jw2Wtg4qy_EPrqe4qg3LTowg.JPEG/POST_IMAGE_ENCODING_20251022_145736_932.jpg
course-00753,구씨네부엌 → 토로스쇼핑타워 → 홍대축제거리 코스,,구씨네부엌 → 토로스쇼핑타워 → 홍대축제거리,"관광, 쇼핑, 음식점",,
course-00754,일편등심 강남 → 창업쇼핑 → 수목금토카페 코스,,일편등심 강남 → 창업쇼핑 → 수목금토카페,"쇼핑, 음식점, 카페",,
course-00755,구씨네부엌 → 스페이스갤러리아 서울홍대 → 독수리다방 코스,,구씨네부엌 → 스페이스갤러리아 서울홍대 → 독수리다방,"음식점, 전시, 카페",,
course-00756,일편등심 강남 → 캐논갤러리 → 더샵스앳센터필드 코스,,일편등심 강남 → 캐논갤러리 → 더샵스앳센터필드,"쇼핑, 음식점, 전시",,
course-00757,구씨네부엌 → 홍대갤러리 키르큐펠 → 농협경제지주 온라인사업부 코스,,구씨네부엌 → 홍대갤러리 키르큐펠 → 농협경제지주 온라인사업부,"쇼핑, 음식점, 전시",,
course-00758,일편등심 강남 → 이바인체험샵 → 미니말레 뢰스터리&커피바 서초교대점 코스,/assets/naver-courses/7f095b6e28d0b3f61312c54e.jpg,일편등심 강남 → 이바인체험샵 → 미니말레 뢰스터리&커피바 서초교대점,"쇼핑, 음식점, 카페",일편등심 강남점,https://d12zq4w4guyljn.cloudfront.net/20240808122127582_photo_f1ea2e035470.webp
course-00759,구씨네부엌 → 고원 연희 → 104고지전적비 코스,,구씨네부엌 → 고원 연희 → 104고지전적비,"관광, 음식점, 전시",,
course-00760,구씨네부엌 → WP → 뉴스뮤지엄 연희점 코스,,구씨네부엌 → WP → 뉴스뮤지엄 연희점,"음식점, 전시, 카페",,
course-00761,동대문디자인플라자 디자인전시관 → 던던 동대문점 → 버터스카치 코스,/assets/naver-courses/175296a66b1765b0fd5ed1b4.jpg,동대문디자인플라자 디자인전시관 → 던던 동대문점 → 버터스카치,"쇼핑, 전시, 카페",DDP 디자인전시관,http://imgnews.naver.net/image/5551/2017/11/03/0000001576_020_20171103080343843.jpg
course-00762,브이스퀘어 → 스타벅스 건국클래식점 → 요비 코스,/assets/naver-courses/c95cba1d78215f9ed06b21b7.jpg,브이스퀘어 → 스타벅스 건국클래식점 → 요비,"음식점, 전시, 카페",브이스퀘어 건대,https://pup-post-phinf.pstatic.net/MjAyNTEwMDhfMjQ3/MDAxNzU5OTAwODU5NDc2.vMwfzq4iTrmYpSGY9_l5oTD6nOKva_9ctznXhO_PiP4g.NgpAshrRfy8njLNnRUmnmyWYvLb7NCbYycEtBnqkKiAg.JPEG/POST_IMAGE_ENCODING_20251008_142058_038.jpg
course-00763,브이스퀘어 → 카페호이 건대점 → 요비 코스,,브이스퀘어 → 카페호이 건대점 → 요비,"음식점, 전시, 카페",,
course-00764,그라운드시소 센트럴 → 남대문갈치조림골목 → 커피스니퍼 코스,,그라운드시소 센트럴 → 남대문갈치조림골목 → 커피스니퍼,"관광, 전시, 카페",,
course-00765,태양커피 서울사당점 → 참치마니아 → 윤남아트스페이스 코스,,태양커피 서울사당점 → 참치마니아 → 윤남아트스페이스,"음식점, 전시, 카페",,
course-00766,아트팩토리체험공방 → 성수동갈비골목 → 서울숲카페거리 코스,,아트팩토리체험공방 → 성수동갈비골목 → 서울숲카페거리,"관광, 체험, 카페",,
course-00767,만동제과 → 스페이스갤러리아 서울홍대 → 홍대걷고싶은거리 코스,/assets/naver-courses/1e89d111e31a7da5ccae06c1.jpg,만동제과 → 스페이스갤러리아 서울홍대 → 홍대걷고싶은거리,"관광, 음식점, 전시",만동제과 연남점,https://pup-post-phinf.pstatic.net/MjAyNjA5MTVfMjA1/MDAxNzg5NDQzMzIxMzky.3vJUEw0Za0EjMjtCeIpgfWa86PXBUYOAPQbQqvqglE4g.WX8xtp1Zwt2uHsqASYLsiRCJqRnKjFiIx4mN-BTrsK8g.JPEG/POST_IMAGE_ENC_20260915_123320_917.jpg
course-00768,신도림이도식당 → 도림천 → 공간사일삼 코스,/assets/naver-courses/36cf7d1d8d9f96917e32e322.jpg,신도림이도식당 → 도림천 → 공간사일삼,"관광, 음식점, 전시",신도림이도식당,https://ldb-phinf.pstatic.net/20251026_20/17614794923981uVkJ_PNG/1759396206523.png
course-00769,신도림이도식당 → 더세인트41 → MKSHOPPING(엠케이쇼핑) 코스,/assets/naver-courses/9131461a794f8ae2e27a67ed.jpg,신도림이도식당 → 더세인트41 → MKSHOPPING(엠케이쇼핑),"쇼핑, 음식점, 카페",신도림이도식당,https://ldb-phinf.pstatic.net/20171017_182/1508237659110xbYOY_JPEG/Ur8OPgfOH_HAadw1_0da84Ub.jpg
course-00770,노란돼지 → 카페 미토 → 사당알뜰쇼핑 코스,,노란돼지 → 카페 미토 → 사당알뜰쇼핑,"쇼핑, 음식점, 카페",,
course-00771,타이파 → 홍대걷고싶은거리 코스,,타이파 → 홍대걷고싶은거리,"관광, 카페",,
course-00772,브이스퀘어 → 카페드라이 → 매운향솥 코스,/assets/naver-courses/706899c1edc48f7fe52bdefc.jpg,브이스퀘어 → 카페드라이 → 매운향솥,"음식점, 전시, 카페",브이스퀘어 건대,https://pup-post-phinf.pstatic.net/MjAyNTEwMDhfMTE3/MDAxNzU5OTAwODYwNjQx.DEP58LYLpVZcnNpuzMHhbaesq1Itt7FuxjrmzHI6Xngg.myffET8a7Y7vIrBhl999l-eVr73zfzAIl_89J4my2lsg.JPEG/POST_IMAGE_ENCODING_20251008_142058_478.jpg
course-00773,구씨네부엌 → 버터앤쉘터 연남점 → 뉴스뮤지엄 연희점 코스,,구씨네부엌 → 버터앤쉘터 연남점 → 뉴스뮤지엄 연희점,"음식점, 전시, 카페",,
course-00774,브이스퀘어 → 요비 → 카페드라이 코스,/assets/naver-courses/bfc913e954f6023aaffeab73.jpg,브이스퀘어 → 요비 → 카페드라이,"음식점, 전시, 카페",브이스퀘어 건대,https://pup-post-phinf.pstatic.net/MjAyNTEwMDhfMTc3/MDAxNzU5OTAwODYxMDkz.7kNkvpCWegbSvFJRfasHU6az5ogHRYfWFcqVW4zfm0Yg.goRpN7gvh2uX0QKEseZGc5lzBCMdZ5b5nMH0nmDYRVUg.JPEG/POST_IMAGE_ENCODING_20251008_142058_634.jpg
course-00775,브이스퀘어 → 스타벅스 건국대점 → 훈춘양꼬치 1호점 코스,/assets/naver-courses/460bb699630c819877f68fec.jpg,브이스퀘어 → 스타벅스 건국대점 → 훈춘양꼬치 1호점,"음식점, 전시, 카페",브이스퀘어 건대,https://pup-post-phinf.pstatic.net/MjAyNTEwMDhfMjQw/MDAxNzU5OTAwODYyNTQz.UQK2da8gH0h6A-BYfNrV8Gha3UgYaoTfPNn5BHVwUFwg.yrihQtbJGQTOwXbOhRJl-dxk8rKZoS5rdtcNSsH1ci4g.JPEG/POST_IMAGE_ENCODING_20251008_142059_083.jpg
course-00776,잠실지하광장 쇼핑센터 → 넥스트뮤지엄 → 피제리아라고 코스,,잠실지하광장 쇼핑센터 → 넥스트뮤지엄 → 피제리아라고,"쇼핑, 음식점, 전시",,
course-00777,잠실지하광장 쇼핑센터 → 한정선 잠실롯데월드몰점 → 이머시브플랫폼딥 코스,,잠실지하광장 쇼핑센터 → 한정선 잠실롯데월드몰점 → 이머시브플랫폼딥,"쇼핑, 전시, 카페",,
course-00778,잠실지하광장 쇼핑센터 → BGN갤러리 롯데타워점 → 아키비스트 송파점 코스,,잠실지하광장 쇼핑센터 → BGN갤러리 롯데타워점 → 아키비스트 송파점,"쇼핑, 전시, 카페",,
course-00779,문화역서울284 → 가메골손왕만두 남대문본점 → 엘카페커피로스터스 코스,/assets/naver-courses/23c4b0291d6ed2484b24ce48.jpg,문화역서울284 → 가메골손왕만두 남대문본점 → 엘카페커피로스터스,"음식점, 전시, 카페",문화역서울284,https://pup-post-phinf.pstatic.net/MjAyNjA2MjdfMTEy/MDAxNzgyNTU2MTM4ODI3.Mzc5Bz-iaisM4KvioYR-xq7Vg1Nw1hZi7amxjJBwetwg.1BrMTGW42aMWDcC4XIct8_YTr9FGzU9Q4v2SBwFDrCog.JPEG/POST_IMAGE_ENC_20260627_192653_278.jpg
course-00780,노란돼지 → 이수역꼬치거리 → 사당알뜰쇼핑 코스,,노란돼지 → 이수역꼬치거리 → 사당알뜰쇼핑,"관광, 쇼핑, 음식점",,
course-00781,일편등심 강남 → 서리풀푸드트럭존 → 서울아트나우갤러리 코스,,일편등심 강남 → 서리풀푸드트럭존 → 서울아트나우갤러리,"관광, 음식점, 전시",,
course-00782,신도림이도식당 → 구로스마트라운지 → 스멜팅커피 코스,/assets/naver-courses/5100bf2dddf6fa0c51bf7fd1.jpg,신도림이도식당 → 구로스마트라운지 → 스멜팅커피,"음식점, 전시, 카페",신도림이도식당,https://ldb-phinf.pstatic.net/20250428_189/1745798366031Vw94N_JPEG/1000013004.jpg
course-00783,신도림이도식당 → 더세인트41 → 스페이스엑스엑스 코스,/assets/naver-courses/bd9b944eafd588c864c71ac8.jpg,신도림이도식당 → 더세인트41 → 스페이스엑스엑스,"음식점, 전시, 카페",신도림이도식당,https://ldb-phinf.pstatic.net/20240630_215/1719718381121t3WtO_JPEG/20240328_111955_012.jpg
course-00784,신도림이도식당 → 백야 → 유니온아트페어 코스,/assets/naver-courses/bcc6c1a090be55c198cc8998.jpg,신도림이도식당 → 백야 → 유니온아트페어,"음식점, 전시, 카페",신도림이도식당,https://ldb-phinf.pstatic.net/20250428_9/17457984203797t0KB_JPEG/1000013013.jpg
course-00785,문화역서울284 → 쇼핑하는사람들 → 남대문갈치조림골목 코스,/assets/naver-courses/6b6d33bb7d2cd025019e76f3.jpg,문화역서울284 → 쇼핑하는사람들 → 남대문갈치조림골목,"관광, 쇼핑, 전시",문화역서울284,http://imgnews.naver.net/image/042/2011/08/17/news53201108171732130.jpg
course-00786,일편등심 강남 → 아펜즈커피 서초교대역점 → 서울아트나우갤러리 코스,,일편등심 강남 → 아펜즈커피 서초교대역점 → 서울아트나우갤러리,"음식점, 전시, 카페",,
course-00787,정동전망대 → 서울도시건축전시관 → 무교동북어국집 코스,/assets/naver-courses/ba85d7e7521d184e89993692.jpg,정동전망대 → 서울도시건축전시관 → 무교동북어국집,"관광, 음식점, 전시",정동전망대,http://imgnews.naver.net/image/277/2019/09/02/0004529115_001_20190902134926263.jpg
course-00788,신도림이도식당 → 아도 티하우스 → 유니온아트페어 코스,/assets/naver-courses/df9a7362e23f0d6465b4bcf2.jpg,신도림이도식당 → 아도 티하우스 → 유니온아트페어,"음식점, 전시, 카페",신도림이도식당,https://ldb-phinf.pstatic.net/20241212_285/1733986799903s39A8_JPEG/KakaoTalk_20241203_212150947.jpg
course-00789,일편등심 강남 → 무신사 스토어 강남 → 수목금토카페 코스,/assets/naver-courses/9e10d505a8715ff266097aac.jpg,일편등심 강남 → 무신사 스토어 강남 → 수목금토카페,"쇼핑, 음식점, 카페",일편등심 강남점,https://pup-post-phinf.pstatic.net/MjAyNTExMDVfMTk4/MDAxNzYyMzQ0MTMwNjg5._Al9cE9TejwIbSyQShrBCjrcRnQHJqhwmC5YVTbhiGgg.Vc3V8nJ4aDgWCZL1cJhyDYn2Fz9pkTVVf7iKLBngH2sg.JPEG/POST_IMAGE_ENCODING_20251105_210206_708.jpg
course-00790,문화역서울284 → 애성회관 → 덕수궁 대한문 코스,,문화역서울284 → 애성회관 → 덕수궁 대한문,"관광, 음식점, 전시",,
course-00791,잠실지하광장 쇼핑센터 → 석촌호수 동호 → 오레노라멘 송파점 코스,,잠실지하광장 쇼핑센터 → 석촌호수 동호 → 오레노라멘 송파점,"관광, 쇼핑, 음식점",,
course-00792,신도림이도식당 → 패스드 → 유니온아트페어 코스,/assets/naver-courses/75925b33ebf89a4905c543cd.jpg,신도림이도식당 → 패스드 → 유니온아트페어,"음식점, 전시, 카페",신도림이도식당,https://ldb-phinf.pstatic.net/20171017_170/15082376590428Fly5_JPEG/cmz0fHNiz6Vk6_RQnmFQMb8C.jpg
course-00793,문화역서울284 → 숭례문 → 쇼핑하는사람들 코스,/assets/naver-courses/3d36d14fe9634c9541bda6cb.jpg,문화역서울284 → 숭례문 → 쇼핑하는사람들,"관광, 쇼핑, 전시",문화역서울284,https://korean.visitseoul.net/comm/getImage?srvcId=MEDIA&parentSn=77113&fileTy=MEDIA&fileNo=1
course-00794,일편등심 강남 → 무신사 스토어 강남 → 아펜즈커피 서초교대역점 코스,/assets/naver-courses/c3a047f246879e15556f3f61.jpg,일편등심 강남 → 무신사 스토어 강남 → 아펜즈커피 서초교대역점,"쇼핑, 음식점, 카페",일편등심 강남점,https://ldb-phinf.pstatic.net/20260104_35/1767519925848Ucwvh_JPEG/_DSC6047-%C6%ED%C1%FD.jpg
course-00795,문화역서울284 → 텐스퀘어 오슬로 회현 → 애성회관 코스,,문화역서울284 → 텐스퀘어 오슬로 회현 → 애성회관,"음식점, 전시, 카페",,
course-00796,일편등심 강남 → 블루보틀 역삼카페 → 서울선릉과정릉 코스,/assets/naver-courses/6cf5c82b0a6ac1a7f62199eb.jpg,일편등심 강남 → 블루보틀 역삼카페 → 서울선릉과정릉,"관광, 음식점, 카페",일편등심 강남점,https://ldb-phinf.pstatic.net/20191104_96/1572851274742Om7pH_JPEG/iedRO5CcbtM12SbdcOk5kYEq.JPG.jpg
course-00797,동대문디자인플라자 디자인전시관 → 던던 동대문점 → 수잔나의앞치마 코스,/assets/naver-courses/fb927c366afbde199a6b49f0.jpg,동대문디자인플라자 디자인전시관 → 던던 동대문점 → 수잔나의앞치마,"쇼핑, 전시, 카페",DDP 디자인전시관,http://imgnews.naver.net/image/5551/2017/11/03/0000001576_004_20171103080343516.jpg
course-00798,브이스퀘어 → 스타벅스 건국클래식점 → 코노하 건대점 코스,,브이스퀘어 → 스타벅스 건국클래식점 → 코노하 건대점,"음식점, 전시, 카페",,
course-00799,문화역서울284 → 희락갈치 → 덕수궁 코스,/assets/naver-courses/2c1690804aa4e02f3b50d7cb.jpg,문화역서울284 → 희락갈치 → 덕수궁,"관광, 음식점, 전시",문화역서울284,https://pup-post-phinf.pstatic.net/MjAyNTExMzBfMTM4/MDAxNzY0NDg1NzY0MTIw.dI8U9GvurxwLc6C1lRF--TUqDqRj18zLdOh07Qdk1Dgg.gsDjjwM9MCRMHmTP0c-wN68mKdrlHb-ptVIJ4bBETsQg.JPEG/9D49F0BD-6518-4A46-AAD9-8743C8822E7B.jpg
course-00800,잠실지하광장 쇼핑센터 → 에비뉴엘아트홀 → 오레노라멘 송파점 코스,,잠실지하광장 쇼핑센터 → 에비뉴엘아트홀 → 오레노라멘 송파점,"쇼핑, 음식점, 전시",,
course-00801,신도림이도식당 → 카페1953위드오드리 → 유니온아트페어 코스,/assets/naver-courses/505f7d5d069b88206c1150e0.jpg,신도림이도식당 → 카페1953위드오드리 → 유니온아트페어,"음식점, 전시, 카페",신도림이도식당,https://d12zq4w4guyljn.cloudfront.net/20260302074548809_photo_sdTm1I1minMx.webp
course-00802,노란돼지 → 그루타 → 사당알뜰쇼핑 코스,,노란돼지 → 그루타 → 사당알뜰쇼핑,"쇼핑, 음식점, 카페",,
course-00803,잠실지하광장 쇼핑센터 → 그림제작소 → 화반 방이점 코스,,잠실지하광장 쇼핑센터 → 그림제작소 → 화반 방이점,"쇼핑, 음식점, 카페",,
course-00804,신도림이도식당 → 카페1953위드오드리 → 예빛갤러리 코스,/assets/naver-courses/b1ff7ff62c8a18e2098a5cd5.jpg,신도림이도식당 → 카페1953위드오드리 → 예빛갤러리,"음식점, 전시, 카페",신도림이도식당,https://naverbooking-phinf.pstatic.net/20251202_272/17646469449117Iv9l_JPEG/KakaoTalk_20251117_171248168_04.jpg
course-00805,태양커피 서울사당점 → 참치마니아 → 파스텔시티 코스,/assets/naver-courses/794a8d32a58c72733356080f.jpg,태양커피 서울사당점 → 참치마니아 → 파스텔시티,"쇼핑, 음식점, 카페",태양커피 사당점,https://d2uja84sd90jmv.cloudfront.net/posts/lQVj6FycR1Oz3_m0tOzb5g/ms.jpg
course-00806,구씨네부엌 → 버터앤쉘터 연남점 → 류아트센터 코스,,구씨네부엌 → 버터앤쉘터 연남점 → 류아트센터,"음식점, 전시, 카페",,
course-00807,일편등심 강남 → 미니말레 뢰스터리&커피바 서초교대점 → 서울아트나우갤러리 코스,/assets/naver-courses/31d03b16d8586b20c02cc233.jpg,일편등심 강남 → 미니말레 뢰스터리&커피바 서초교대점 → 서울아트나우갤러리,"음식점, 전시, 카페",일편등심 강남점,https://ldb-phinf.pstatic.net/20250101_193/1735720522501UG0VM_JPEG/KakaoTalk_20241217_225629954_07.jpg
course-00808,신도림이도식당 → 패스드 → 공간사일삼 코스,/assets/naver-courses/53d9aa0af9cdac3f5a99ec0a.jpg,신도림이도식당 → 패스드 → 공간사일삼,"음식점, 전시, 카페",신도림이도식당,https://ldb-phinf.pstatic.net/20250226_189/1740532296328sUuIW_JPEG/KakaoTalk_20250226_100921975_12.jpg
course-00809,신도림이도식당 → 백야 → 대안예술공간이포 코스,/assets/naver-courses/eb6361fdc0024fca7bd01d5f.jpg,신도림이도식당 → 백야 → 대안예술공간이포,"음식점, 전시, 카페",신도림이도식당,https://ldb-phinf.pstatic.net/20250428_118/1745797987243d9ILs_JPEG/1000012992.jpg
course-00810,브이스퀘어 → 스타벅스 건국클래식점 → 계탄집 코스,,브이스퀘어 → 스타벅스 건국클래식점 → 계탄집,"음식점, 전시, 카페",,
course-00811,일편등심 강남 → 크리에잇쿠키 역삼점 → 논현가구거리 코스,/assets/naver-courses/0a14ac36f8eeb48224e59e30.jpg,일편등심 강남 → 크리에잇쿠키 역삼점 → 논현가구거리,"관광, 음식점, 카페",일편등심 강남점,https://ldb-phinf.pstatic.net/20250101_167/1735720872608e1hot_JPEG/KakaoTalk_20241217_225629954_18.jpg
course-00812,구씨네부엌 → 뉴스뮤지엄 연희점 → 104고지전적비 코스,,구씨네부엌 → 뉴스뮤지엄 연희점 → 104고지전적비,"관광, 음식점, 전시",,
course-00813,신도림이도식당 → 구캔갤러리 → MKSHOPPING(엠케이쇼핑) 코스,,신도림이도식당 → 구캔갤러리 → MKSHOPPING(엠케이쇼핑),"쇼핑, 음식점, 전시",,
course-00814,노란돼지 → 스타벅스 사당역점 → 이수역꼬치거리 코스,,노란돼지 → 스타벅스 사당역점 → 이수역꼬치거리,"관광, 음식점, 카페",,
course-00815,일편등심 강남 → 더샵스앳센터필드 → 서울선릉과정릉 코스,/assets/naver-courses/7a34604aa0f5e16a345f36f5.jpg,일편등심 강남 → 더샵스앳센터필드 → 서울선릉과정릉,"관광, 쇼핑, 음식점",일편등심 강남점,https://ldb-phinf.pstatic.net/20251006_10/17597321630966hSHM_GIF/%BF%F2%C2%A91.gif
course-00816,잠실지하광장 쇼핑센터 → 그림제작소 → 오레노라멘 송파점 코스,,잠실지하광장 쇼핑센터 → 그림제작소 → 오레노라멘 송파점,"쇼핑, 음식점, 카페",,
course-00817,신도림이도식당 → 아도 티하우스 → 대안예술공간이포 코스,/assets/naver-courses/481c13248dd3d345c51c3639.jpg,신도림이도식당 → 아도 티하우스 → 대안예술공간이포,"음식점, 전시, 카페",신도림이도식당,https://d12zq4w4guyljn.cloudfront.net/20251230034617729_photo_2a7574972e83.webp
course-00818,서울특별시청 하늘광장갤러리 → 무교동북어국집 → 알레그리아 광화문케이스퀘어시티점 코스,,서울특별시청 하늘광장갤러리 → 무교동북어국집 → 알레그리아 광화문케이스퀘어시티점,"음식점, 전시, 카페",,
course-00819,브이스퀘어 → 요비 → 앤시넌 코스,,브이스퀘어 → 요비 → 앤시넌,"음식점, 전시, 카페",,
course-00820,노란돼지 → 윤남아트스페이스 → 사당알뜰쇼핑 코스,,노란돼지 → 윤남아트스페이스 → 사당알뜰쇼핑,"쇼핑, 음식점, 전시",,
course-00821,일편등심 강남 → 크리에잇쿠키 역삼점 → 서울선릉과정릉 코스,/assets/naver-courses/825ab8fe0bdbb827d258d410.jpg,일편등심 강남 → 크리에잇쿠키 역삼점 → 서울선릉과정릉,"관광, 음식점, 카페",일편등심 강남점,https://ldb-phinf.pstatic.net/20250101_222/1735721837474asBLF_JPEG/KakaoTalk_20241217_225629954_21.jpg
course-00822,문화역서울284 → 정동전망대 → 애성회관 코스,/assets/naver-courses/353a7636f5f50529bd9d7a24.jpg,문화역서울284 → 정동전망대 → 애성회관,"관광, 음식점, 전시",문화역서울284,https://pup-post-phinf.pstatic.net/MjAyNTEwMTVfOSAg/MDAxNzYwNTM0MDcwMTM0.KVHNrQAKDcRj1wjxnXGfhqbb8AOOVLY2QvyhX10uM7Mg.kmg8UvOiWQIqEuHGd9ITD2kdhhOsd_rKKP4PzrGiMeUg.JPEG/POST_IMAGE_ENCODING_20251015_221429_184.jpg
course-00823,구씨네부엌 → 덕스(DUEX) → 스타광장 코스,,구씨네부엌 → 덕스(DUEX) → 스타광장,"관광, 음식점, 전시",,
course-00824,건국대학교 일감호 → 엔지니어링역사관 코스,/assets/naver-courses/c6a0b120656578b5cd60c918.jpg,건국대학교 일감호 → 엔지니어링역사관,"관광, 전시",건국대학교 일감호,https://i.pinimg.com/736x/00/3b/00/003b00ff47a9aaf6e11a6267c12bd9c2.jpg
course-00825,신도림이도식당 → 패스드 → 대안예술공간이포 코스,/assets/naver-courses/a8470d7170cd176ec51b0178.jpg,신도림이도식당 → 패스드 → 대안예술공간이포,"음식점, 전시, 카페",신도림이도식당,https://d12zq4w4guyljn.cloudfront.net/20251230034618189_photo_2a7574972e83.webp
course-00826,노란돼지 → 사당1동먹자골목상점가 → 쇼핑그라운드 코스,,노란돼지 → 사당1동먹자골목상점가 → 쇼핑그라운드,"관광, 쇼핑, 음식점",,
course-00827,정동전망대 → 커피스니퍼 → 희락갈치 코스,/assets/naver-courses/b7c802e31abbb32751402824.jpg,정동전망대 → 커피스니퍼 → 희락갈치,"관광, 음식점, 카페",정동전망대,http://imgnews.naver.net/image/003/2013/04/12/NISI20130412_0008017435_web_59_20130412164723.jpg
course-00828,신도림이도식당 → 카페1953위드오드리 → 대안예술공간이포 코스,/assets/naver-courses/c4cf9042bb1dd29c03aeb44b.jpg,신도림이도식당 → 카페1953위드오드리 → 대안예술공간이포,"음식점, 전시, 카페",신도림이도식당,https://ldb-phinf.pstatic.net/20250428_126/1745798436163eKCj9_JPEG/1000013138.jpg
course-00829,일편등심 강남 → 이바인체험샵 → 서울아트나우갤러리 코스,/assets/naver-courses/b4676fcac280d5f8bc1ac76f.jpg,일편등심 강남 → 이바인체험샵 → 서울아트나우갤러리,"쇼핑, 음식점, 전시",일편등심 강남점,https://ldb-phinf.pstatic.net/20231011_143/1697008513123HsVFj_PNG/20231011_161413.png
course-00830,동대문디자인플라자 디자인전시관 → 문화역서울284 코스,/assets/naver-courses/8137a9ce152439181abbbc4d.jpg,동대문디자인플라자 디자인전시관 → 문화역서울284,전시,DDP 디자인전시관,http://imgnews.naver.net/image/5551/2017/11/03/0000001576_006_20171103080343555.jpg
course-00831,노란돼지 → 리요리요커피 → 이수역꼬치거리 코스,,노란돼지 → 리요리요커피 → 이수역꼬치거리,"관광, 음식점, 카페",,
course-00832,노란돼지 → 사당1동먹자골목상점가 → 사당알뜰쇼핑 코스,,노란돼지 → 사당1동먹자골목상점가 → 사당알뜰쇼핑,"관광, 쇼핑, 음식점",,
course-00833,일편등심 강남 → 서리풀푸드트럭존 → 카몽 코스,/assets/naver-courses/b920df14c9bf56ec570255da.jpg,일편등심 강남 → 서리풀푸드트럭존 → 카몽,"관광, 음식점, 카페",일편등심 강남점,https://pup-post-phinf.pstatic.net/MjAyNTA5MTBfMzQg/MDAxNzU3NDc2NTcxODQy.3QIUUYySm4rcw64hAyRCTyhNktjd0iDmsyobFcAcvCog.32Z8bg2pVQvj6kpsF4oG7KRVg-jEKIffWub0Vit62NQg.JPEG/C53C0A98-080B-499B-919D-8A71A0423F06.jpg
course-00834,노란돼지 → 태양커피 서울사당점 → 이수역꼬치거리 코스,,노란돼지 → 태양커피 서울사당점 → 이수역꼬치거리,"관광, 음식점, 카페",,
course-00835,건국대학교 일감호 → 앤시넌 → 요비 코스,,건국대학교 일감호 → 앤시넌 → 요비,"관광, 음식점, 카페",,
course-00836,커넥트투 → 화반 방이점 → 그림제작소 코스,/assets/naver-courses/d736e9280c1185c7a39fe60f.jpg,커넥트투 → 화반 방이점 → 그림제작소,"음식점, 전시, 카페",커넥트투,http://imgnews.naver.net/image/421/2024/10/21/0007856358_001_20241021091115795.jpg
course-00837,일편등심 강남 → 이바인체험샵 → 캐논갤러리 코스,/assets/naver-courses/7e619d7b7aa1bfc6c93ddfc5.jpg,일편등심 강남 → 이바인체험샵 → 캐논갤러리,"쇼핑, 음식점, 전시",일편등심 강남점,https://pup-post-phinf.pstatic.net/MjAyNTA5MTBfNTYg/MDAxNzU3NDc2NTcyNTUw.40jmrhDqbbfS9irQAp_l3phzfA2l7PoKvxdo-bpZPpkg.dpNEH5Am3R1KnNTDCofHUqcL8z756FHdl4uexYfZgmgg.JPEG/16E424C8-D55D-4C12-A5E4-1C01CF5F899B.jpg
course-00838,잠실지하광장 쇼핑센터 → 커넥트투 → 방이돈가 코스,,잠실지하광장 쇼핑센터 → 커넥트투 → 방이돈가,"쇼핑, 음식점, 전시",,
course-00839,일편등심 강남 → 서리풀푸드트럭존 → 스티머스팩토리샵 서초 코스,,일편등심 강남 → 서리풀푸드트럭존 → 스티머스팩토리샵 서초,"관광, 음식점, 카페",,
course-00840,브이스퀘어 → 스타벅스 건국클래식점 → 건국대학교 일감호 코스,/assets/naver-courses/144ebca1e0504de77daa574e.jpg,브이스퀘어 → 스타벅스 건국클래식점 → 건국대학교 일감호,"관광, 전시, 카페",브이스퀘어 건대,https://pup-post-phinf.pstatic.net/MjAyNTEyMDlfODUg/MDAxNzY1MjU4ODc2NDc3.eYj6-wSRngvuQD4fLMpnQJFch7uOwwrmX5NX0pDjrXgg.Vwyldxz_O93Cq_8zlJ7R0h_wTM2lmk9QzmKl2GcN9dYg.JPEG/POST_IMAGE_ENCODING_20251209_144111_401.jpg
course-00841,서울특별시청 하늘광장갤러리 → 초류향 → 알레그리아 광화문케이스퀘어시티점 코스,/assets/naver-courses/2157f67311de7923df2cd08c.jpg,서울특별시청 하늘광장갤러리 → 초류향 → 알레그리아 광화문케이스퀘어시티점,"음식점, 전시, 카페",서울시청 하늘광장 갤러리,https://pup-post-phinf.pstatic.net/MjAyNjAyMTNfMTI4/MDAxNzcwOTU2MDc2OTMx.-khZe5hUNw5JHRmbpnGDlMyTWMQZLzMEnfPtg6VqI9kg.bNWy40iQWy4-4FnTHlX0qrHxgSLBecmP1p6YhqhT64cg.JPEG/DCF068F9-EA1C-44E8-9EEE-ED2895DE4E1C.jpg
course-00842,신도림이도식당 → 도림천 → 스페이스엑스엑스 코스,/assets/naver-courses/d734b22e423b79fe5408fc7d.jpg,신도림이도식당 → 도림천 → 스페이스엑스엑스,"관광, 음식점, 전시",신도림이도식당,https://ldb-phinf.pstatic.net/20240921_148/1726875450217KBEjb_PNG/%C4%B8%C3%B3.PNG
course-00843,일편등심 강남 → 가배도 신논현점 → 더샵스앳센터필드 코스,,일편등심 강남 → 가배도 신논현점 → 더샵스앳센터필드,"쇼핑, 음식점, 카페",,
course-00844,잠실지하광장 쇼핑센터 → 아키비스트 송파점 → 방이돈가 코스,,잠실지하광장 쇼핑센터 → 아키비스트 송파점 → 방이돈가,"쇼핑, 음식점, 카페",,
course-00845,노란돼지 → 스타벅스 사당역점 → 사당알뜰쇼핑 코스,,노란돼지 → 스타벅스 사당역점 → 사당알뜰쇼핑,"쇼핑, 음식점, 카페",,
course-00846,잠실지하광장 쇼핑센터 → 송파나루공원 삼전도비 → 워커스커피로스터스 코스,,잠실지하광장 쇼핑센터 → 송파나루공원 삼전도비 → 워커스커피로스터스,"관광, 쇼핑, 카페",,
course-00847,잠실지하광장 쇼핑센터 → 화반 방이점 → 방이동먹자골목 코스,,잠실지하광장 쇼핑센터 → 화반 방이점 → 방이동먹자골목,"관광, 쇼핑, 음식점",,
course-00848,문화역서울284 → 엘카페커피로스터스 → 일미집 코스,/assets/naver-courses/6775beefbed5b5f16b77cd59.jpg,문화역서울284 → 엘카페커피로스터스 → 일미집,"음식점, 전시, 카페",문화역서울284,http://imgnews.naver.net/image/5617/2020/08/05/0000104346_002_20200805194253096.jpg
course-00849,일편등심 강남 → 무신사 스토어 강남 → 미니말레 뢰스터리&커피바 서초교대점 코스,,일편등심 강남 → 무신사 스토어 강남 → 미니말레 뢰스터리&커피바 서초교대점,"쇼핑, 음식점, 카페",,
course-00850,문화역서울284 → 쇼핑하는사람들 → 남산케이블카 코스,/assets/naver-courses/b908b5c26f56dd0199162d76.jpg,문화역서울284 → 쇼핑하는사람들 → 남산케이블카,"관광, 쇼핑, 전시",문화역서울284,https://www.k-heritage.tv/editor/2011/10/05/1110517271143.JPG
course-00851,잠실지하광장 쇼핑센터 → 석촌호수 동호 → 하우피 코스,,잠실지하광장 쇼핑센터 → 석촌호수 동호 → 하우피,"관광, 쇼핑, 카페",,
course-00852,구씨네부엌 → 아이아이 연희 → 104고지전적비 코스,,구씨네부엌 → 아이아이 연희 → 104고지전적비,"관광, 음식점, 전시",,
course-00853,로얄마카롱 → 일편등심 강남 → 이바인체험샵 코스,,로얄마카롱 → 일편등심 강남 → 이바인체험샵,"쇼핑, 음식점, 카페",,
course-00854,노란돼지 → 엔지니어링역사관 → 태양커피 서울사당점 코스,,노란돼지 → 엔지니어링역사관 → 태양커피 서울사당점,"음식점, 전시, 카페",,
course-00855,노란돼지 → 스타벅스 사당역점 → 쇼핑그라운드 코스,,노란돼지 → 스타벅스 사당역점 → 쇼핑그라운드,"쇼핑, 음식점, 카페",,
course-00856,커넥트투 → 석촌호수 동호 → 스타벅스 석촌호수점 코스,/assets/naver-courses/89a8d843e9cdbd9eab9337e3.jpg,커넥트투 → 석촌호수 동호 → 스타벅스 석촌호수점,"관광, 전시, 카페",커넥트투,http://file1.bobaedream.co.kr/multi_image/dica/2017/02/05/21/CAQ58971555255ff.jpg
course-00857,문화역서울284 → 남산케이블카 → 목멱산방 남산타워점 코스,,문화역서울284 → 남산케이블카 → 목멱산방 남산타워점,"관광, 음식점, 전시",,
course-00858,브이스퀘어 → 스타벅스 건국대점 → 건국대학교 일감호 코스,/assets/naver-courses/28c2c404b1d6c199d2d364e3.jpg,브이스퀘어 → 스타벅스 건국대점 → 건국대학교 일감호,"관광, 전시, 카페",브이스퀘어 건대,https://pup-post-phinf.pstatic.net/MjAyNjA3MDdfMjQx/MDAxNzgzNDMxODQzNzAy.n-uZNLWcpjKIqrca7RC_jSVUCaXqhGPydjNsuzit7YYg.lMjqCc7DlaOyL1zcrsNImEL6PowuVIv63VsawRGktVIg.JPEG/POST_IMAGE_ENC_20260707_224237_911.jpg
course-00859,문화역서울284 → 베르시 → 숭례문 코스,/assets/naver-courses/2459d0c87ac5a79bf512bbff.jpg,문화역서울284 → 베르시 → 숭례문,"관광, 전시, 카페",문화역서울284,http://imgnews.naver.net/image/5097/2022/07/19/0000295406_003_20220719125801327.jpg
course-00860,구씨네부엌 → AC'SCENT(악센트) → 호밀밭 코스,,구씨네부엌 → AC'SCENT(악센트) → 호밀밭,"음식점, 전시, 카페",,
course-00861,문화역서울284 → 쇼핑하는사람들 → 희락갈치 코스,/assets/naver-courses/f326bfebc99789910a7fac47.jpg,문화역서울284 → 쇼핑하는사람들 → 희락갈치,"쇼핑, 음식점, 전시",문화역서울284,https://img1.daumcdn.net/thumb/R1280x0.fwebp/?fname=http://t1.daumcdn.net/brunch/service/guest/image/mw7jvfqm6A6qxHKEvBFUJfIbZeY.JPG
course-00862,브이스퀘어 → 스타벅스 건국대점 → 매운향솥 코스,,브이스퀘어 → 스타벅스 건국대점 → 매운향솥,"음식점, 전시, 카페",,
course-00863,신도림이도식당 → 카페솔트 → 유니온아트페어 코스,/assets/naver-courses/a6aeb0e1b4f90e5b41da6d76.jpg,신도림이도식당 → 카페솔트 → 유니온아트페어,"음식점, 전시, 카페",신도림이도식당,https://ldb-phinf.pstatic.net/20230310_213/1678410321850cNcqe_JPEG/DSC_7952.JPG
course-00864,잠실지하광장 쇼핑센터 → 그림제작소 → 피제리아라고 코스,,잠실지하광장 쇼핑센터 → 그림제작소 → 피제리아라고,"쇼핑, 음식점, 카페",,
course-00865,잠실지하광장 쇼핑센터 → BGN갤러리 롯데타워점 → 피제리아라고 코스,,잠실지하광장 쇼핑센터 → BGN갤러리 롯데타워점 → 피제리아라고,"쇼핑, 음식점, 전시",,
course-00866,구씨네부엌 → 스페이스갤러리아 서울홍대 → WP 코스,,구씨네부엌 → 스페이스갤러리아 서울홍대 → WP,"음식점, 전시, 카페",,
course-00867,그라운드시소 센트럴 → 덕수정 → 전광수커피하우스 정동점 코스,,그라운드시소 센트럴 → 덕수정 → 전광수커피하우스 정동점,"음식점, 전시, 카페",,
course-00868,구씨네부엌 → 서울명예도로 끼리끼리5길 → 서당개2년로스터스 코스,,구씨네부엌 → 서울명예도로 끼리끼리5길 → 서당개2년로스터스,"관광, 음식점, 카페",,
course-00869,건국대학교 일감호 → 앤시넌 → 육일관 본점 코스,,건국대학교 일감호 → 앤시넌 → 육일관 본점,"관광, 음식점, 카페",,
course-00870,문화역서울284 → 남대문갈치조림골목 → 가무 코스,/assets/naver-courses/38b1d2ffc4d0b480cbfa8066.jpg,문화역서울284 → 남대문갈치조림골목 → 가무,"관광, 전시, 카페",문화역서울284,http://imgnews.naver.net/image/009/2011/08/09/0090002518652_0.jpg
course-00871,정동전망대 → 그라운드시소 센트럴 → 가메골손왕만두 남대문본점 코스,/assets/naver-courses/a2f159d424cda97f000a674a.jpg,정동전망대 → 그라운드시소 센트럴 → 가메골손왕만두 남대문본점,"관광, 음식점, 전시",정동전망대,https://img1.daumcdn.net/thumb/R1280x0/?fname=http://t1.daumcdn.net/brunch/service/user/rt0/image/qjDO361jIG5sBnU2-lBxUCtnjBk.jpg
course-00872,일편등심 강남 → 셀렉티드닉스 → 갤러리라보 코스,/assets/naver-courses/7fce0ca6e7374b4f8381d560.jpg,일편등심 강남 → 셀렉티드닉스 → 갤러리라보,"음식점, 전시, 카페",일편등심 강남점,https://ldb-phinf.pstatic.net/20250101_154/1735720751252s1oo9_JPEG/KakaoTalk_20241217_225629954_03.jpg
course-00873,잠실지하광장 쇼핑센터 → 롯데갤러리아트홀 → 하우피 코스,,잠실지하광장 쇼핑센터 → 롯데갤러리아트홀 → 하우피,"쇼핑, 전시, 카페",,
course-00874,만동제과 → 덕스(DUEX) → 홍대걷고싶은거리 코스,/assets/naver-courses/0a9879b098fb42076f63231f.jpg,만동제과 → 덕스(DUEX) → 홍대걷고싶은거리,"관광, 음식점, 전시",만동제과 연남점,https://pup-post-phinf.pstatic.net/MjAyNjAyMDFfMjkx/MDAxNzY5OTE1ODQyNDM2.W8QinMHShxrBzKexHPHmXjI2--nb0veGQvznCoH_gMsg.QpOfZzMDWTZzonqLt9xowgK3yHkzXqJwASg0skivl7Qg.JPEG/POST_IMAGE_ENCODING_20260201_121720_718.jpg
course-00875,동대문디자인플라자 디자인전시관 → 던던 동대문점 → 은주정 코스,/assets/naver-courses/4a2c8a44fd8a685e2a872e7f.jpg,동대문디자인플라자 디자인전시관 → 던던 동대문점 → 은주정,"쇼핑, 음식점, 전시",DDP 디자인전시관,http://imgnews.naver.net/image/5551/2017/11/03/0000001576_028_20171103080344008.jpg
course-00876,잠실지하광장 쇼핑센터 → 롯데월드 어드벤처 → 넥스트뮤지엄 코스,,잠실지하광장 쇼핑센터 → 롯데월드 어드벤처 → 넥스트뮤지엄,"관광, 쇼핑, 전시",,
course-00877,정동전망대 → 커피스니퍼 → 서울도시건축전시관 코스,/assets/naver-courses/00b92f913bbf9eca4a71b0fc.jpg,정동전망대 → 커피스니퍼 → 서울도시건축전시관,"관광, 전시, 카페",정동전망대,http://imgnews.naver.net/image/5291/2025/10/19/0002368549_001_20251019133819109.jpg
course-00878,신도림이도식당 → 카페1953위드오드리 → 빈칸 문래 코스,,신도림이도식당 → 카페1953위드오드리 → 빈칸 문래,"음식점, 전시, 카페",,
course-00879,만동제과 → 엘씨오 코스,/assets/naver-courses/e194f54184e602b9460b9160.jpg,만동제과 → 엘씨오,"음식점, 전시",만동제과 연남점,https://pup-post-phinf.pstatic.net/MjAyNTExMTNfMTU0/MDAxNzYyOTk3NjI1MjU0.BDCJ0GwHmSqnkY6zuC1G4ej672JXtYFMV3TGL1czyr8g.1-OCCVHkc1oFLrg2Jq4DWX8WVcl3Oaw2KOSiyrst6pUg.JPEG/4C802792-D1D9-442E-A1EF-DCC64E7B7B09.jpg
course-00880,문화역서울284 → 희락갈치 → 가무 코스,,문화역서울284 → 희락갈치 → 가무,"음식점, 전시, 카페",,
course-00881,신도림이도식당 → 아도 티하우스 → 빈칸 문래 코스,/assets/naver-courses/4b40486eeb030b5199685357.jpg,신도림이도식당 → 아도 티하우스 → 빈칸 문래,"음식점, 전시, 카페",신도림이도식당,https://naverbooking-phinf.pstatic.net/20251202_50/1764646945223xm5K3_JPEG/KakaoTalk_20251117_171248168_15.jpg
course-00882,노란돼지 → 리요리요커피 → 사당알뜰쇼핑 코스,,노란돼지 → 리요리요커피 → 사당알뜰쇼핑,"쇼핑, 음식점, 카페",,
course-00883,노란돼지 → 파스텔시티 → 이수역꼬치거리 코스,,노란돼지 → 파스텔시티 → 이수역꼬치거리,"관광, 쇼핑, 음식점",,
course-00884,문화역서울284 → 가메골손왕만두 남대문본점 → 덕수궁 대한문 코스,,문화역서울284 → 가메골손왕만두 남대문본점 → 덕수궁 대한문,"관광, 음식점, 전시",,
course-00885,문화역서울284 → 가메골손왕만두 남대문본점 → 덕수궁돌담길 코스,/assets/naver-courses/88059775fea081592bacc9b8.jpg,문화역서울284 → 가메골손왕만두 남대문본점 → 덕수궁돌담길,"관광, 음식점, 전시",문화역서울284,http://imgnews.naver.net/image/001/2022/03/15/PYH2022031512890001300_P4_20220315151011850.jpg
course-00886,로얄마카롱 → 자매수산 → 창업쇼핑 코스,,로얄마카롱 → 자매수산 → 창업쇼핑,"쇼핑, 음식점, 카페",,
course-00887,정동전망대 → 서울특별시청 하늘광장갤러리 → 알레그리아 광화문케이스퀘어시티점 코스,/assets/naver-courses/a9ec7a3e16ccd0305a0f7099.jpg,정동전망대 → 서울특별시청 하늘광장갤러리 → 알레그리아 광화문케이스퀘어시티점,"관광, 전시, 카페",정동전망대,https://cdn.visitkorea.or.kr/img/call?cmd=VIEW&id=c50fc54a-aa4f-415d-877e-e390cb566c7b
course-00888,문화역서울284 → 금성관 → 덕수궁 대한문 코스,/assets/naver-courses/f02fef021ce87771e94181e1.jpg,문화역서울284 → 금성관 → 덕수궁 대한문,"관광, 음식점, 전시",문화역서울284,"https://media.triple.guide/triple-cms/c_limit,f_auto,h_1024,w_1024/87be18bf-dec7-4a72-afa9-bc9046479f56.jpeg"
course-00889,만동제과 → 소녀전선2망명갤러리 → 104고지전적비 코스,/assets/naver-courses/395b4c2ac10a1bfb66cc8ff4.jpg,만동제과 → 소녀전선2망명갤러리 → 104고지전적비,"관광, 음식점, 전시",만동제과 연남점,https://d2uja84sd90jmv.cloudfront.net/posts/mtOSbPqFhKBG7ZSskhng2g/ms.jpg?updated=-62167392000
course-00890,잠실지하광장 쇼핑센터 → 뮤지엄209 → 아키비스트 송파점 코스,,잠실지하광장 쇼핑센터 → 뮤지엄209 → 아키비스트 송파점,"쇼핑, 전시, 카페",,
course-00891,구씨네부엌 → 띠아트뮤지엄 홍대 → 홍대축제거리 코스,,구씨네부엌 → 띠아트뮤지엄 홍대 → 홍대축제거리,"관광, 음식점, 전시",,
course-00892,태양커피 서울사당점 → 미소네 → 파스텔시티 코스,/assets/naver-courses/3384193a1d9a3e21840352be.jpg,태양커피 서울사당점 → 미소네 → 파스텔시티,"쇼핑, 음식점, 카페",태양커피 사당점,https://ldb-phinf.pstatic.net/20260327_11/1774598696944BU3Ji_JPEG/IMG_3361.jpeg
course-00893,노란돼지 → 태양커피 서울사당점 → 사당알뜰쇼핑 코스,,노란돼지 → 태양커피 서울사당점 → 사당알뜰쇼핑,"쇼핑, 음식점, 카페",,
course-00894,일편등심 강남 → 셀렉티드닉스 → 서울아트나우갤러리 코스,,일편등심 강남 → 셀렉티드닉스 → 서울아트나우갤러리,"음식점, 전시, 카페",,
course-00895,일편등심 강남 → 슬로우커피 → 창업쇼핑 코스,/assets/naver-courses/86bbdd469fea04f450955a41.jpg,일편등심 강남 → 슬로우커피 → 창업쇼핑,"쇼핑, 음식점, 카페",일편등심 강남점,https://ldb-phinf.pstatic.net/20191104_28/1572851084406CIs10_JPEG/7rOayssuB4wufFfu8VnQ4LmY.JPG.jpg
course-00896,구씨네부엌 → 토로스쇼핑타워 → 비뮤티커피 코스,,구씨네부엌 → 토로스쇼핑타워 → 비뮤티커피,"쇼핑, 음식점, 카페",,
course-00897,그라운드시소 센트럴 → 금성관 → 커피스니퍼 코스,,그라운드시소 센트럴 → 금성관 → 커피스니퍼,"음식점, 전시, 카페",,
course-00898,문화역서울284 → 금성관 → 정동전망대 코스,,문화역서울284 → 금성관 → 정동전망대,"관광, 음식점, 전시",,
course-00899,구씨네부엌 → 홍대걷고싶은거리 → 비뮤티커피 코스,,구씨네부엌 → 홍대걷고싶은거리 → 비뮤티커피,"관광, 음식점, 카페",,
course-00900,노란돼지 → 스타벅스 사당점 → 이수역꼬치거리 코스,,노란돼지 → 스타벅스 사당점 → 이수역꼬치거리,"관광, 음식점, 카페",,
course-00901,갓잇 문래점 → 백야 → 스페이스엑스엑스 코스,/assets/naver-courses/356b0e672dbcedeaf3cbaaf8.jpg,갓잇 문래점 → 백야 → 스페이스엑스엑스,"음식점, 전시, 카페",갓잇 문래점,https://img.siksinhot.com/place/1788485731287007.jpg
course-00902,일편등심 강남 → 서리풀푸드트럭존 → 수목금토카페 코스,/assets/naver-courses/49f8d0e587060f8265544027.jpg,일편등심 강남 → 서리풀푸드트럭존 → 수목금토카페,"관광, 음식점, 카페",일편등심 강남점,https://ldb-phinf.pstatic.net/20250101_162/1735720771324exwX1_JPEG/KakaoTalk_20241217_225629954_05.jpg
course-00903,신도림이도식당 → 카페솔트 → 대안예술공간이포 코스,/assets/naver-courses/4a80af940883f14b116e3645.jpg,신도림이도식당 → 카페솔트 → 대안예술공간이포,"음식점, 전시, 카페",신도림이도식당,https://pup-post-phinf.pstatic.net/MjAyNjA1MjVfOTMg/MDAxNzc5NjY0MDU4Nzg2.E1el0RYFJRFB3bewmff8Th8pA8Dxq3rqmYTKDZIoSb0g.PlCxV9jTpWUEGVOw9Ycag0NLgRHK_7pu4eGJDkt6APcg.JPEG/POST_IMAGE_ENC_20260525_080623_065.jpg
course-00904,만동제과 → 현대수산 코스,/assets/naver-courses/a59b27f53640f2b753e84ae8.jpg,만동제과 → 현대수산,음식점,만동제과 연남점,https://d2uja84sd90jmv.cloudfront.net/posts/wRwSQWia_R7ZgNWrMKImag/ms.jpg
course-00905,구씨네부엌 → 소녀전선2망명갤러리 → 금옥당 연희점 코스,,구씨네부엌 → 소녀전선2망명갤러리 → 금옥당 연희점,"음식점, 전시, 카페",,
course-00906,노란돼지 → 스타벅스 사당점 → 쇼핑그라운드 코스,,노란돼지 → 스타벅스 사당점 → 쇼핑그라운드,"쇼핑, 음식점, 카페",,
course-00907,구씨네부엌 → 테이블에이 → 토로스쇼핑타워 코스,,구씨네부엌 → 테이블에이 → 토로스쇼핑타워,"관광, 쇼핑, 음식점",,
course-00908,정동전망대 → 서울도시건축전시관 → 초류향 코스,,정동전망대 → 서울도시건축전시관 → 초류향,"관광, 음식점, 전시",,
course-00909,노란돼지 → 엔지니어링역사관 → 쇼핑그라운드 코스,,노란돼지 → 엔지니어링역사관 → 쇼핑그라운드,"쇼핑, 음식점, 전시",,
course-00910,신도림이도식당 → 도림천 → 스멜팅커피 코스,/assets/naver-courses/62f09df5520835b2e6ee97c4.jpg,신도림이도식당 → 도림천 → 스멜팅커피,"관광, 음식점, 카페",신도림이도식당,https://pup-post-phinf.pstatic.net/MjAyNjA1MjVfMjg5/MDAxNzc5NjY0MDU3MTIz.4rfR4bDO0ptd9T3BcYOwlzPifLOCM1J4gZmnp2SVFFcg.rJyX7R8zbic4ppCAMaIXI8oPD55z36KMac-7AOXoL38g.JPEG/POST_IMAGE_ENC_20260525_080622_929.jpg
course-00911,브이스퀘어 → 우주로캣 → 건국대학교 일감호 코스,,브이스퀘어 → 우주로캣 → 건국대학교 일감호,"관광, 전시, 카페",,
course-00912,아트팩토리체험공방 → 마일스톤커피 성수 → 서울숲아트센터 코스,,아트팩토리체험공방 → 마일스톤커피 성수 → 서울숲아트센터,"전시, 체험, 카페",,
course-00913,신도림이도식당 → 카페솔트 → 빈칸 문래 코스,/assets/naver-courses/f0dc91b0bc1c599ca7fb5b8c.jpg,신도림이도식당 → 카페솔트 → 빈칸 문래,"음식점, 전시, 카페",신도림이도식당,https://pup-post-phinf.pstatic.net/MjAyNTEyMDVfMTg5/MDAxNzY0ODg5MTcwMzQ1.xruy5FVBuy36ODc_hMj51eB2kmr4hPM2CMx8PQg9tfsg.ZYwpf5fYTpaUdoWIYobO3uv57gmTj6iFOit2pxy2l7Yg.JPEG/66426CAA-BFC4-4C57-BEB7-B2E90581F79F.jpg
course-00914,동대문디자인플라자 디자인전시관 → 던던 동대문점 → 신당동떡볶이타운 코스,/assets/naver-courses/965db5fd4d454a2fda1c0c6a.jpg,동대문디자인플라자 디자인전시관 → 던던 동대문점 → 신당동떡볶이타운,"관광, 쇼핑, 전시",DDP 디자인전시관,http://imgnews.naver.net/image/5551/2017/11/03/0000001576_018_20171103080343798.jpg
course-00915,만동제과 → 농협경제지주 온라인사업부 → 스타광장 코스,/assets/naver-courses/d31f7e638cc1e50141c99a23.jpg,만동제과 → 농협경제지주 온라인사업부 → 스타광장,"관광, 쇼핑, 음식점",만동제과 연남점,https://d2uja84sd90jmv.cloudfront.net/posts/hPmbmV3HGxuQ54r79y3YGQ/ms.jpg?updated=-62167392000
course-00916,문화역서울284 → 금성관 → 가무 코스,/assets/naver-courses/658fdf9f7ff82ab040091516.jpg,문화역서울284 → 금성관 → 가무,"음식점, 전시, 카페",문화역서울284,http://imgnews.naver.net/image/014/2011/08/09/110809_140909306.jpg
course-00917,동대문디자인플라자 디자인전시관 → 던던 동대문점 → 아베베베이커리 서울 코스,/assets/naver-courses/4754211f6fa1b40ec8cb2f23.jpg,동대문디자인플라자 디자인전시관 → 던던 동대문점 → 아베베베이커리 서울,"쇼핑, 음식점, 전시",DDP 디자인전시관,http://imgnews.naver.net/image/5551/2017/11/03/0000001576_032_20171103080344081.jpg
course-00918,동대문디자인플라자 디자인전시관 → 동대문지하쇼핑센터 → 버터스카치 코스,/assets/naver-courses/2b8cd5f263d549fba94e4e03.jpg,동대문디자인플라자 디자인전시관 → 동대문지하쇼핑센터 → 버터스카치,"쇼핑, 전시, 카페",DDP 디자인전시관,http://imgnews.naver.net/image/5551/2017/11/03/0000001576_009_20171103080343610.jpg
course-00919,만동제과 → WP → 104고지전적비 코스,/assets/naver-courses/1ac05e6e947dda35ff107d72.jpg,만동제과 → WP → 104고지전적비,"관광, 음식점, 카페",만동제과 연남점,https://d2uja84sd90jmv.cloudfront.net/posts/W6ptl1_j_9MOfvyUpStLJw/ms.jpg?updated=-62167392000
course-00920,태양커피 서울사당점 → 소담촌 사당직영점 → 파스텔시티 코스,/assets/naver-courses/c6cd484f8dd43728d46759f7.jpg,태양커피 서울사당점 → 소담촌 사당직영점 → 파스텔시티,"쇼핑, 음식점, 카페",태양커피 사당점,https://d2uja84sd90jmv.cloudfront.net/posts/taLB0yqNdiy9z5FqebM_wg/ms.jpg
course-00921,일편등심 강남 → 셀렉티드닉스 → 논현가구거리 코스,/assets/naver-courses/8476ea5639d1e61c987ff8e0.jpg,일편등심 강남 → 셀렉티드닉스 → 논현가구거리,"관광, 음식점, 카페",일편등심 강남점,https://ldb-phinf.pstatic.net/20250101_173/1735721836628HE5Pp_JPEG/KakaoTalk_20241217_225629954_24.jpg
course-00922,노란돼지 → 엔지니어링역사관 → 스타벅스 낙성대역점 코스,,노란돼지 → 엔지니어링역사관 → 스타벅스 낙성대역점,"음식점, 전시, 카페",,
course-00923,브이스퀘어 → 카페호이 건대점 → 코노하 건대점 코스,/assets/naver-courses/37ff1d7e8d4b12fbeb7483f2.jpg,브이스퀘어 → 카페호이 건대점 → 코노하 건대점,"음식점, 전시, 카페",브이스퀘어 건대,https://pup-post-phinf.pstatic.net/MjAyNjA3MDdfMTcg/MDAxNzgzNDMxODQxODUy.CaGlcsrYTH26g187ZvbyJ1G1ymDQD1jraRjf77gq7xQg.V28WbQ2azP-Z8_DAkX4Rf060YnKWMOknHb3ZF66qkiEg.JPEG/POST_IMAGE_ENC_20260707_224237_744.jpg
course-00924,문화역서울284 → 덕수정 → 덕수궁 대한문 코스,/assets/naver-courses/8731fe3137d7e053c9840f41.jpg,문화역서울284 → 덕수정 → 덕수궁 대한문,"관광, 음식점, 전시",문화역서울284,https://mediahub.seoul.go.kr/uploads/mediahub/2024/03/qQjtDxqHmEtdiwwCBNcLxeUKWorFVFhY.jpg
course-00925,갓잇 문래점 → 패스드 → 도림천 코스,,갓잇 문래점 → 패스드 → 도림천,"관광, 음식점, 카페",,
course-00926,잠실지하광장 쇼핑센터 → 스타벅스 석촌호수점 → 오레노라멘 송파점 코스,,잠실지하광장 쇼핑센터 → 스타벅스 석촌호수점 → 오레노라멘 송파점,"쇼핑, 음식점, 카페",,
course-00927,일편등심 강남 → 슬로우커피 → 캐논갤러리 코스,,일편등심 강남 → 슬로우커피 → 캐논갤러리,"음식점, 전시, 카페",,
course-00928,커넥트투 → 방이동먹자골목 → 방이돈가 코스,/assets/naver-courses/fb83d710c9dcdd4b7bac6b35.jpg,커넥트투 → 방이동먹자골목 → 방이돈가,"관광, 음식점, 전시",커넥트투,http://imgnews.naver.net/image/5824/2024/03/28/0000034614_009_20240328155203843.jpg
course-00929,문화역서울284 → 남산둘레길 → 목멱산방 남산타워점 코스,/assets/naver-courses/a7cb922b209341ee3ea70424.jpg,문화역서울284 → 남산둘레길 → 목멱산방 남산타워점,"관광, 음식점, 전시",문화역서울284,https://img1.daumcdn.net/thumb/R1280x0.fpng/?fname=http://t1.daumcdn.net/brunch/service/user/fhpW/image/oktTcCD6XJLD70VDDi8IeSMGiTg.png
course-00930,문화역서울284 → 숭례문 → 가무 코스,,문화역서울284 → 숭례문 → 가무,"관광, 전시, 카페",,
course-00931,구씨네부엌 → 버터앤쉘터 연남점 → 104고지전적비 코스,,구씨네부엌 → 버터앤쉘터 연남점 → 104고지전적비,"관광, 음식점, 카페",,
course-00932,노란돼지 → 윤남아트스페이스 → 쇼핑그라운드 코스,,노란돼지 → 윤남아트스페이스 → 쇼핑그라운드,"쇼핑, 음식점, 전시",,
course-00933,브이스퀘어 → 코노하 건대점 → 모서리에커피집 코스,/assets/naver-courses/66ac21e8a55d34fef0eff287.jpg,브이스퀘어 → 코노하 건대점 → 모서리에커피집,"음식점, 전시, 카페",브이스퀘어 건대,https://pup-post-phinf.pstatic.net/MjAyNjA3MDdfMjI0/MDAxNzgzNDMxODQwOTM0.uppC-eyg2f5AM2xP9GoAN2CR8bRlMXP3CuHRUwtXeqog.VrB1okAeHYyCMPL4oIEAn6czx-tvvnBks80Ism34BOsg.JPEG/POST_IMAGE_ENC_20260707_224237_661.jpg
course-00934,노란돼지 → 스타벅스 사당점 → 사당알뜰쇼핑 코스,,노란돼지 → 스타벅스 사당점 → 사당알뜰쇼핑,"쇼핑, 음식점, 카페",,
course-00935,노란돼지 → 태양커피 서울사당점 → 쇼핑그라운드 코스,,노란돼지 → 태양커피 서울사당점 → 쇼핑그라운드,"쇼핑, 음식점, 카페",,
course-00936,문화역서울284 → 이이네 → 두루와쇼핑 코스,/assets/naver-courses/a3c265c470d18e9e676f3070.jpg,문화역서울284 → 이이네 → 두루와쇼핑,"쇼핑, 음식점, 전시",문화역서울284,https://pup-post-phinf.pstatic.net/MjAyNjAxMDZfMjUw/MDAxNzY3NzAzNDkxMTcx.BDTbeYt0LuGALUA-T4z9uWFARgTfZayL-ZlHzUN611wg.43FzeaOsL7cJ3_btSC7OekRfcKgx75SeuNdwmVejdEYg.JPEG/0BF6EC7D-27EF-4154-867D-D1CDD5B088D1.jpg
course-00937,구씨네부엌 → 버터앤쉘터 연남점 → 아이아이 연희 코스,,구씨네부엌 → 버터앤쉘터 연남점 → 아이아이 연희,"음식점, 전시, 카페",,
course-00938,잠실지하광장 쇼핑센터 → 송파나루공원 삼전도비 → 청와옥 석촌호수점 코스,,잠실지하광장 쇼핑센터 → 송파나루공원 삼전도비 → 청와옥 석촌호수점,"관광, 쇼핑, 음식점",,
course-00939,신도림이도식당 → 백야 → 빈칸 문래 코스,/assets/naver-courses/e4669f609f4fce10fd12d645.jpg,신도림이도식당 → 백야 → 빈칸 문래,"음식점, 전시, 카페",신도림이도식당,https://pup-post-phinf.pstatic.net/MjAyNjA1MjVfMjE2/MDAxNzc5NjY0MDYwMTIy.erJz9fmA1g7-dkLnWA3RsKMnEfbPKsJfMhCHfIImliog.XDNCHhR02LK7Lz1-uy8eDU2EStQO7_DjZZuYC_1HAakg.JPEG/POST_IMAGE_ENC_20260525_080623_248.jpg
course-00940,문화역서울284 → 전광수커피하우스 정동점 → 덕수궁 대한문 코스,/assets/naver-courses/b41595a6c6eaf6639a77a8c3.jpg,문화역서울284 → 전광수커피하우스 정동점 → 덕수궁 대한문,"관광, 전시, 카페",문화역서울284,http://imgnews.naver.net/image/001/2011/07/14/PYH2011071403710099000_P2.jpg
course-00941,아트팩토리체험공방 → 서울숲카페거리 → 서울숲아트센터 코스,,아트팩토리체험공방 → 서울숲카페거리 → 서울숲아트센터,"전시, 체험, 카페",,
course-00942,로얄마카롱 → 서리풀푸드트럭존 → 이바인체험샵 코스,/assets/naver-courses/a6637228ae278c95694f64a4.jpg,로얄마카롱 → 서리풀푸드트럭존 → 이바인체험샵,"관광, 쇼핑, 카페",로얄마카롱,https://ldb-phinf.pstatic.net/20241109_51/1731153579214e5h6O_JPEG/IMG_5851.JPG
course-00943,갓잇 문래점 → 카페1953위드오드리 → 구로스마트라운지 코스,/assets/naver-courses/24615b9e48049164937cfca0.jpg,갓잇 문래점 → 카페1953위드오드리 → 구로스마트라운지,"음식점, 전시, 카페",갓잇 문래점,https://pup-post-phinf.pstatic.net/MjAyNTEyMjlfODIg/MDAxNzY2OTc1MjI4NjUz.3omxatA7KkQIL7l8uvJXRnvTBSJdghLjMW4GSROubvsg.DsvCptMStSeUFxCBkPvq4r9U93_SkYb-0QBDfzK_t6sg.JPEG/POST_IMAGE_ENCODING_20251229_112705_387.jpg
course-00944,만동제과 → 뉴스뮤지엄 연희점 → 금옥당 연희점 코스,/assets/naver-courses/ec71fcb4b72845f3436c05c8.jpg,만동제과 → 뉴스뮤지엄 연희점 → 금옥당 연희점,"음식점, 전시, 카페",만동제과 연남점,https://pup-post-phinf.pstatic.net/MjAyNjA5MjNfNyAg/MDAxNzkwMTYxOTMzMDE4.l-NtK7X27l9ZnUHFkFxeKnadgyxOoO0HKxrDUu9wJC8g.wEXFvHKbnjel6xBh9dDLBdUSJUv023_cv7Be72mfgGcg.JPEG/POST_IMAGE_ENC_20260923_201141_060.jpg
course-00945,브이스퀘어 → 코노하 건대점 → 카페드라이 코스,,브이스퀘어 → 코노하 건대점 → 카페드라이,"음식점, 전시, 카페",,
course-00946,신도림이도식당 → 패스드 → 빈칸 문래 코스,/assets/naver-courses/57552ac71bbf2e7dba5774ea.jpg,신도림이도식당 → 패스드 → 빈칸 문래,"음식점, 전시, 카페",신도림이도식당,https://pup-post-phinf.pstatic.net/MjAyNjA1MjVfMjE4/MDAxNzc5NjY0MDYxNzcz.B-JXixtLzaO7xlFeogDqs1lVYRNgR0a_FybT-xuZMaIg.EjICTmewn9YT1Gjnm6b5bqvXL-CINnc7qdq095UNx5Ug.JPEG/POST_IMAGE_ENC_20260525_080623_391.jpg
course-00947,건국대학교 일감호 → 브이스퀘어 → 스타벅스 건국클래식점 코스,,건국대학교 일감호 → 브이스퀘어 → 스타벅스 건국클래식점,"관광, 전시, 카페",,
course-00948,신도림이도식당 → 패스드 → 문래동창작촌 코스,,신도림이도식당 → 패스드 → 문래동창작촌,"관광, 음식점, 카페",,
course-00949,일편등심 강남 → 창업쇼핑 → 파운드로컬 코스,/assets/naver-courses/8a2e8c5744a98c36ccfcb538.jpg,일편등심 강남 → 창업쇼핑 → 파운드로컬,"쇼핑, 음식점, 카페",일편등심 강남점,https://ldb-phinf.pstatic.net/20251006_192/1759732168777FRCo3_GIF/%BF%F2%C2%A92.gif
course-00950,잠실지하광장 쇼핑센터 → 송파나루공원 삼전도비 → 아키비스트 송파점 코스,,잠실지하광장 쇼핑센터 → 송파나루공원 삼전도비 → 아키비스트 송파점,"관광, 쇼핑, 카페",,
course-00951,구씨네부엌 → 스타광장 → 문베어 코스,,구씨네부엌 → 스타광장 → 문베어,"관광, 음식점, 카페",,
course-00952,구씨네부엌 → 토로스쇼핑타워 → 홍대클럽거리 코스,,구씨네부엌 → 토로스쇼핑타워 → 홍대클럽거리,"관광, 쇼핑, 음식점",,
course-00953,잠실지하광장 쇼핑센터 → 롯데월드 어드벤처 → 청와옥 석촌호수점 코스,,잠실지하광장 쇼핑센터 → 롯데월드 어드벤처 → 청와옥 석촌호수점,"관광, 쇼핑, 음식점",,
course-00954,만동제과 → 덕스(DUEX) → 토로스쇼핑타워 코스,/assets/naver-courses/80a583814ec74b27530ac09f.jpg,만동제과 → 덕스(DUEX) → 토로스쇼핑타워,"쇼핑, 음식점, 전시",만동제과 연남점,https://d2uja84sd90jmv.cloudfront.net/posts/XOnllc37xhctWXhvr86y3w/ms.jpg
course-00955,문화역서울284 → 가메골손왕만두 남대문본점 → 가무 코스,,문화역서울284 → 가메골손왕만두 남대문본점 → 가무,"음식점, 전시, 카페",,
course-00956,노란돼지 → 엔지니어링역사관 → 안국사 코스,,노란돼지 → 엔지니어링역사관 → 안국사,"관광, 음식점, 전시",,
course-00957,정동전망대 → 무교동북어국집 → 알레그리아 광화문케이스퀘어시티점 코스,/assets/naver-courses/769392974703230b76894c00.jpg,정동전망대 → 무교동북어국집 → 알레그리아 광화문케이스퀘어시티점,"관광, 음식점, 카페",정동전망대,http://imgnews.naver.net/image/015/2024/04/01/0004967221_001_20240403164001035.jpg
course-00958,브이스퀘어 → 건대맛의거리 → 모서리에커피집 코스,/assets/naver-courses/4f3dbddee72db03d7985d6d9.jpg,브이스퀘어 → 건대맛의거리 → 모서리에커피집,"관광, 전시, 카페",브이스퀘어 롯데시네마,http://imgnews.naver.net/image/5366/2025/02/03/2025020317020907978c5fa75ef8610625224987_20250203175615215.jpg
course-00959,브이스퀘어 → 우주로캣 → 계탄집 코스,,브이스퀘어 → 우주로캣 → 계탄집,"음식점, 전시, 카페",,
course-00960,일편등심 강남 → 서울아트나우갤러리 → 카몽 코스,/assets/naver-courses/74511c4fadd08ded2bbb5f84.jpg,일편등심 강남 → 서울아트나우갤러리 → 카몽,"음식점, 전시, 카페",일편등심 강남점,https://pup-post-phinf.pstatic.net/MjAyNjA5MDZfMSAg/MDAxNzg4NjU5NjQ4NjYz.zlXR4DM6LL3Qdg6RAlsxBwIiegra1x8VsCzdfCsQvyYg.Egb-6uPf6O2sUj7m02KBA5S0g46z-DGE4MWqZkbQOU4g.JPEG/PostEncodingTask.51D43CC9-B8A3-48D9-9C39-59206B460543.jpg
course-00961,잠실지하광장 쇼핑센터 → 롯데갤러리아트홀 → 오레노라멘 송파점 코스,,잠실지하광장 쇼핑센터 → 롯데갤러리아트홀 → 오레노라멘 송파점,"쇼핑, 음식점, 전시",,
course-00962,일편등심 강남 → 스머프매직포레스트 → 파운드로컬 코스,,일편등심 강남 → 스머프매직포레스트 → 파운드로컬,"관광, 음식점, 카페",,
course-00963,신도림이도식당 → 백야 → 문래동창작촌 코스,/assets/naver-courses/8fd04b44697d91252c2bb8e4.jpg,신도림이도식당 → 백야 → 문래동창작촌,"관광, 음식점, 카페",신도림이도식당,https://pup-post-phinf.pstatic.net/MjAyNjA1MjVfNDcg/MDAxNzc5NjY0MDYyOTY2.7nc9qXOL3HSVaXGR-CfNzL1PDDMMkJRLJyHLU8FrTEEg.c8GaQXSutNO0B9FyHfuRcLLpH8ry_Pc11TMbBky8jpAg.JPEG/POST_IMAGE_ENC_20260525_080623_528.jpg
course-00964,정동전망대 → 농민백암순대 시청직영점 → 전광수커피하우스 정동점 코스,,정동전망대 → 농민백암순대 시청직영점 → 전광수커피하우스 정동점,"관광, 음식점, 카페",,
course-00965,일편등심 강남 → 갤러리라보 → 논현가구거리 코스,/assets/naver-courses/e836dd993afea9ae4967c416.jpg,일편등심 강남 → 갤러리라보 → 논현가구거리,"관광, 음식점, 전시",일편등심 강남점,https://ldb-phinf.pstatic.net/20231011_261/1697008513069zaCgT_PNG/20231011_161308.png
course-00966,일편등심 강남 → 무신사 스토어 강남 → 한가람아트갤러리 코스,,일편등심 강남 → 무신사 스토어 강남 → 한가람아트갤러리,"쇼핑, 음식점, 전시",,
course-00967,문화역서울284 → 남대문칼국수골목 → 가무 코스,/assets/naver-courses/f5b6563605ef03c170bccb7e.jpg,문화역서울284 → 남대문칼국수골목 → 가무,"관광, 전시, 카페",문화역서울284,https://pup-post-phinf.pstatic.net/MjAyNjA4MTFfMjM3/MDAxNzg2NDI4NzQ3MjQ4.eRTpoVswonZovrmPUVyrNR71RPfdcTPZeklRb99q1Eog.m7vajcyqf2mO-c0xl2s6PJ_OaBx8t46x0WmB4w7O5Zog.JPEG/POST_IMAGE_ENC_20260811_151128_036.jpg
course-00968,아트팩토리체험공방 → 성수동갈비골목 → 5TO7 코스,,아트팩토리체험공방 → 성수동갈비골목 → 5TO7,"관광, 체험, 카페",,
course-00969,구씨네부엌 → 굽네 플레이타운 → 홍대클럽거리 코스,,구씨네부엌 → 굽네 플레이타운 → 홍대클럽거리,"관광, 음식점, 전시",,
course-00970,일편등심 강남 → 캐논갤러리 → 논현가구거리 코스,/assets/naver-courses/11c65e070cd06655bbbab744.jpg,일편등심 강남 → 캐논갤러리 → 논현가구거리,"관광, 음식점, 전시",일편등심 강남점,https://ldb-phinf.pstatic.net/20200328_236/1585390228731Xl83X_JPEG/bSPbk18YjB8YaiRxd0PPg0uG.jpeg.jpg
course-00971,브이스퀘어 → 훈춘양꼬치 1호점 → 앤시넌 코스,,브이스퀘어 → 훈춘양꼬치 1호점 → 앤시넌,"음식점, 전시, 카페",,
course-00972,잠실지하광장 쇼핑센터 → 커넥트투 → 아키비스트 송파점 코스,,잠실지하광장 쇼핑센터 → 커넥트투 → 아키비스트 송파점,"쇼핑, 전시, 카페",,
course-00973,태양커피 서울사당점 → 현대수산 코스,/assets/naver-courses/05af630647a2833e12645064.jpg,태양커피 서울사당점 → 현대수산,"음식점, 카페",태양커피 사당점,https://d2uja84sd90jmv.cloudfront.net/posts/aZNEghs4PKJa6ZciCM07kQ/m.jpg
course-00974,잠실지하광장 쇼핑센터 → 롯데월드 어드벤처 → BGN갤러리 롯데타워점 코스,,잠실지하광장 쇼핑센터 → 롯데월드 어드벤처 → BGN갤러리 롯데타워점,"관광, 쇼핑, 전시",,
course-00975,구씨네부엌 → WP → 모모룸 코스,,구씨네부엌 → WP → 모모룸,"음식점, 전시, 카페",,
course-00976,구씨네부엌 → 4233 마음센터 연남점 → 서울명예도로 끼리끼리5길 코스,,구씨네부엌 → 4233 마음센터 연남점 → 서울명예도로 끼리끼리5길,"관광, 음식점, 전시",,
course-00977,잠실지하광장 쇼핑센터 → 한정선 잠실롯데월드몰점 → 오레노라멘 송파점 코스,,잠실지하광장 쇼핑센터 → 한정선 잠실롯데월드몰점 → 오레노라멘 송파점,"쇼핑, 음식점, 카페",,
course-00978,브이스퀘어 → 스타벅스 건국클래식점 → 뺑드램 코스,,브이스퀘어 → 스타벅스 건국클래식점 → 뺑드램,"음식점, 전시, 카페",,
course-00979,정동전망대 → 농민백암순대 시청직영점 → 텐스퀘어 오슬로 회현 코스,/assets/naver-courses/65f4ecd7b289f595dd581c05.jpg,정동전망대 → 농민백암순대 시청직영점 → 텐스퀘어 오슬로 회현,"관광, 음식점, 카페",정동전망대,https://pup-post-phinf.pstatic.net/MjAyNjA0MTdfMTcx/MDAxNzc2MzkxNDk4NjM0._LHr6LXxtadbdXgFGi-INX2ybrmGEmPeZ4hB_OpZ3Wkg.O4-NzGrgSLZHGRtuN3dvHOiCiJkzH7mmb5CfYYWdZ6Ag.JPEG/POST_IMAGE_ENCODING_20260417_110457_289.jpg
course-00980,일편등심 강남 → 무신사 스토어 강남 → 파운드로컬 코스,/assets/naver-courses/592697e48efac7220b3276c6.jpg,일편등심 강남 → 무신사 스토어 강남 → 파운드로컬,"쇼핑, 음식점, 카페",일편등심 강남점,https://pup-post-phinf.pstatic.net/MjAyNjA1MjNfMjM4/MDAxNzc5NTM1ODg2NzY0.m1LJxUEVn0a82vXOnohBnT7JvsxyM8nBFBFrPXxo-KYg.oLW97JbwN0NHf3wT9XXsvulYaG08riIQCG-G4VjTb7sg.JPEG/POST_IMAGE_ENC_20260523_203000_172.jpg
course-00981,일편등심 강남 → 이바인체험샵 → 카몽 코스,/assets/naver-courses/885c4fd7f7477ba55aed750c.jpg,일편등심 강남 → 이바인체험샵 → 카몽,"쇼핑, 음식점, 카페",일편등심 강남점,https://pup-post-phinf.pstatic.net/MjAyNjA5MDZfMjE3/MDAxNzg4NjU5NjQ5NDEz.Gj_M_u4W2Qn7KHHHz4ifq5QigVZfH0RyHV39l8gMJuUg.Bz8vOvm6kcYuU-wQKCerVIbbGtuiZFLBaN7x8ChLfmwg.JPEG/PostEncodingTask.9AC98217-2D8C-4553-A7DE-84318C6AE269.jpg
course-00982,잠실지하광장 쇼핑센터 → 오레노라멘 송파점 → 송리단길 코스,,잠실지하광장 쇼핑센터 → 오레노라멘 송파점 → 송리단길,"관광, 쇼핑, 음식점",,
course-00983,커넥트투 → 한정선 잠실롯데월드몰점 → 화반 방이점 코스,/assets/naver-courses/53e0cabb7b1d7e65e42b7f66.jpg,커넥트투 → 한정선 잠실롯데월드몰점 → 화반 방이점,"음식점, 전시, 카페",커넥트투,http://imgnews.naver.net/image/5337/2026/08/19/0000157372_002_20260819175218469.jpg
course-00984,문화역서울284 → 베르시 → 남대문칼국수골목 코스,,문화역서울284 → 베르시 → 남대문칼국수골목,"관광, 전시, 카페",,
course-00985,잠실지하광장 쇼핑센터 → 화반 방이점 → 아키비스트 송파점 코스,,잠실지하광장 쇼핑센터 → 화반 방이점 → 아키비스트 송파점,"쇼핑, 음식점, 카페",,
course-00986,건국대학교 일감호 → 스튜디오N갤러리 이리오다 → 롬곡 코스,/assets/naver-courses/7ce98f2741b40a54fe3a9e83.jpg,건국대학교 일감호 → 스튜디오N갤러리 이리오다 → 롬곡,"관광, 전시, 카페",건국대학교 일감호,http://imgnews.naver.net/image/5181/2014/09/18/20140918125055_99_20140918130616.jpg
course-00987,브이스퀘어 → 육일관 본점 → 모서리에커피집 코스,/assets/naver-courses/cabf1d5f9d2dba6b4205fed0.jpg,브이스퀘어 → 육일관 본점 → 모서리에커피집,"음식점, 전시, 카페",브이스퀘어 롯데시네마,https://pup-post-phinf.pstatic.net/MjAyNTEwMDhfNzAg/MDAxNzU5OTAwODYxNTkw.0Sl39mcKCsQKm4ttiNydO7P057kql74goEquYmt7PEUg.g0PV85zKnZl0aGy72bAELIaQaHuc5BGOgaU-cKl9U_8g.JPEG/POST_IMAGE_ENCODING_20251008_142058_782.jpg
course-00988,커넥트투 → 롯데월드타워&롯데월드몰 → 방이동먹자골목 코스,/assets/naver-courses/2c77f3355fa61878dd6c0389.jpg,커넥트투 → 롯데월드타워&롯데월드몰 → 방이동먹자골목,"관광, 쇼핑, 전시",커넥트투,http://imgnews.naver.net/image/5598/2024/11/06/0000042333_001_20241106182816056.jpg
course-00989,잠실지하광장 쇼핑센터 → 아키비스트 송파점 → 오레노라멘 송파점 코스,,잠실지하광장 쇼핑센터 → 아키비스트 송파점 → 오레노라멘 송파점,"쇼핑, 음식점, 카페",,
course-00990,신도림이도식당 → 아도 티하우스 → 문래동창작촌 코스,/assets/naver-courses/6ef5775ed8d9761d5d30c3ec.jpg,신도림이도식당 → 아도 티하우스 → 문래동창작촌,"관광, 음식점, 카페",신도림이도식당,https://pup-post-phinf.pstatic.net/MjAyNjA1MjVfMjgz/MDAxNzc5NjY0MDY1ODYz.jHkC1IwiEEsc4gTrZ0-cXx69FMZm7VfpUM8z2lhCWtIg.Aw0Wv7hd317WX9jBKIQEq4VIZEuAPYW4WK9axrIVKsUg.JPEG/POST_IMAGE_ENC_20260525_080623_788.jpg
course-00991,동대문디자인플라자 디자인전시관 → 버터스카치 → 효성주얼리시티쇼핑몰 코스,/assets/naver-courses/f6de7acba0d5cfa582293864.jpg,동대문디자인플라자 디자인전시관 → 버터스카치 → 효성주얼리시티쇼핑몰,"쇼핑, 전시, 카페",DDP 디자인전시관,http://imgnews.naver.net/image/5551/2017/11/03/0000001576_003_20171103080343494.jpg
course-00992,잠실지하광장 쇼핑센터 → 송파나루공원 삼전도비 → 화반 방이점 코스,,잠실지하광장 쇼핑센터 → 송파나루공원 삼전도비 → 화반 방이점,"관광, 쇼핑, 음식점",,
course-00993,신도림이도식당 → 더세인트41 → 유니온아트페어 코스,,신도림이도식당 → 더세인트41 → 유니온아트페어,"음식점, 전시, 카페",,
course-00994,브이스퀘어 → 육일관 본점 → 건국대학교 일감호 코스,,브이스퀘어 → 육일관 본점 → 건국대학교 일감호,"관광, 음식점, 전시",,
course-00995,동대문디자인플라자 디자인전시관 → 진옥화할매원조닭한마리 본점 → 효성주얼리시티쇼핑몰 코스,/assets/naver-courses/7cc1f147266e8ec7be81af88.jpg,동대문디자인플라자 디자인전시관 → 진옥화할매원조닭한마리 본점 → 효성주얼리시티쇼핑몰,"쇼핑, 음식점, 전시",DDP 디자인전시관,http://imgnews.naver.net/image/5551/2017/11/03/0000001576_025_20171103080343953.jpg
course-00996,커넥트투 → 롯데월드타워&롯데월드몰 → 스타벅스 석촌호수점 코스,/assets/naver-courses/7f089551bf8e8f1451bdf2e8.jpg,커넥트투 → 롯데월드타워&롯데월드몰 → 스타벅스 석촌호수점,"쇼핑, 전시, 카페",커넥트투,https://img1.kakaocdn.net/thumb/R1280x0.fpng/?fname=http://t1.daumcdn.net/brunch/service/user/6acs/image/gY_pC01-ZtwmFZqjF5ItTga1OGA.png
course-00997,구씨네부엌 → 테이블에이 → 윤형근의 집 코스,,구씨네부엌 → 테이블에이 → 윤형근의 집,"관광, 음식점, 전시",,
course-00998,문화역서울284 → 애성회관 → 덕수궁돌담길 코스,,문화역서울284 → 애성회관 → 덕수궁돌담길,"관광, 음식점, 전시",,
course-00999,문화역서울284 → 쇼핑하는사람들 → 일미집 코스,/assets/naver-courses/e0d28aefe65aae42f15438d1.jpg,문화역서울284 → 쇼핑하는사람들 → 일미집,"쇼핑, 음식점, 전시",문화역서울284,http://imgnews.naver.net/image/001/2011/07/14/PYH2011071403760099000_P2.jpg
course-moov-demo-20260923010114-001,서울특별시청 하늘광장갤러리 → 스타필드시티 부천 코스,/assets/naver-courses/13f6bd42cad0e161c0128e22.jpg,서울특별시청 하늘광장갤러리 → 스타필드시티 부천,"쇼핑, 전시",서울시청 하늘광장 갤러리,http://imgnews.naver.net/image/5268/2025/08/27/0002100924_001_20250827144014590.jpg
course-moov-demo-20260923010114-002,덕수궁 대한문 → 무교동북어국집 → 기형도문학관 코스,/assets/naver-courses/d1e45e1161f001fe51ff3169.jpg,덕수궁 대한문 → 무교동북어국집 → 기형도문학관,"관광, 음식점, 전시",덕수궁 대한문,http://imgnews.naver.net/image/023/2020/04/08/2020040802807_2_20200408144805693.jpg
course-moov-demo-20260923010114-003,초류향 → 덕수궁돌담길 → 알레그리아 광화문케이스퀘어시티점 → 나무전시장 코스,/assets/naver-courses/d999d75b0974920b5655585c.jpg,초류향 → 덕수궁돌담길 → 알레그리아 광화문케이스퀘어시티점 → 나무전시장,"관광, 음식점, 전시, 카페",초류향 다동,http://imgnews.naver.net/image/5515/2018/06/14/0000013973_001_20240408230428272.jpg
