course_id,코스명,첫_장소,주소,방문지,카테고리,추천_검색어,네이버_이미지_검색,image_url,상태
course-00000,태양커피 서울사당점 → 홍대걷고싶은거리 코스,태양커피 서울사당점,서울 서초구 방배천로 32,태양커피 서울사당점 → 홍대걷고싶은거리,"관광, 카페",태양커피 사당점 | 사당 태양커피 | 태양커피 방배천로 32 | 태양커피 사당점 서울 서초구 방배천로 32,https://search.naver.com/search.naver?where=image&query=%ED%83%9C%EC%96%91%EC%BB%A4%ED%94%BC%20%EC%82%AC%EB%8B%B9%EC%A0%90,/assets/naver-courses/daf9bb44a9e6f99a96486ac0.jpg,검수완료
course-00001,구씨네부엌 → 문화역서울284 코스,구씨네부엌,,구씨네부엌 → 문화역서울284,"음식점, 전시","구씨네부엌 | 홍대 구씨네 부엌 | 구씨네부엌 신촌 | 홍대 구씨네부엌 피자 | 구씨네부엌 파스타 | ""구씨네부엌""",https://search.naver.com/search.naver?where=image&query=%EA%B5%AC%EC%94%A8%EB%84%A4%EB%B6%80%EC%97%8C,/assets/naver-courses/ff24e0025b43e2f583d4f18d.jpg,검수완료
course-00002,신도림이도식당 → 구씨네부엌 코스,신도림이도식당,서울 구로구 경인로 661,신도림이도식당 → 구씨네부엌,음식점,신도림 이도식당 | 이도식당 신도림 | 이도식당 경인로 661 | 신도림 이도식당 서울 구로구 경인로 661,https://search.naver.com/search.naver?where=image&query=%EC%8B%A0%EB%8F%84%EB%A6%BC%20%EC%9D%B4%EB%8F%84%EC%8B%9D%EB%8B%B9,/assets/naver-courses/7bc73f1ea46b6b6615e2ad76.jpg,검수완료
course-00003,커넥트투 → 콘피 코스,커넥트투,서울 송파구 올림픽로 300,커넥트투 → 콘피,"전시, 카페",커넥트투 잠실 | 커넥트투 롯데월드몰 | CONNECT TO 잠실 | 커넥트투 잠실 서울 송파구 올림픽로 300,https://search.naver.com/search.naver?where=image&query=%EC%BB%A4%EB%84%A5%ED%8A%B8%ED%88%AC%20%EC%9E%A0%EC%8B%A4,/assets/naver-courses/80996bb8b73f9e52a74d0233.jpg,검수완료
course-00004,갓잇 문래점 → 홍대걷고싶은거리 코스,갓잇 문래점,서울 영등포구 경인로77길 14,갓잇 문래점 → 홍대걷고싶은거리,"관광, 음식점",갓잇 문래점 | 문래 갓잇 | 갓잇 경인로77길 14 | 갓잇 문래점 서울 영등포구 경인로77길 14,https://search.naver.com/search.naver?where=image&query=%EA%B0%93%EC%9E%87%20%EB%AC%B8%EB%9E%98%EC%A0%90,/assets/naver-courses/d9dbe0db3468f94258d987e6.jpg,검수완료
course-00005,구씨네부엌 → 신도림이도식당 코스,구씨네부엌,,구씨네부엌 → 신도림이도식당,음식점,"구씨네부엌 | 홍대 구씨네 부엌 | 구씨네부엌 신촌 | 홍대 구씨네부엌 피자 | 구씨네부엌 파스타 | ""구씨네부엌""",https://search.naver.com/search.naver?where=image&query=%EA%B5%AC%EC%94%A8%EB%84%A4%EB%B6%80%EC%97%8C,/assets/naver-courses/f6a365fd74c5c792e22a4bc1.jpg,검수완료
course-00006,서울특별시청 하늘광장갤러리 → 베르시 코스,서울특별시청 하늘광장갤러리,서울 중구 세종대로 110,서울특별시청 하늘광장갤러리 → 베르시,"전시, 카페",서울시청 하늘광장 갤러리 | 하늘광장갤러리 | 시청 하늘광장갤러리 전시 | 서울시청 하늘광장 갤러리 서울 중구 세종대로 110,https://search.naver.com/search.naver?where=image&query=%EC%84%9C%EC%9A%B8%EC%8B%9C%EC%B2%AD%20%ED%95%98%EB%8A%98%EA%B4%91%EC%9E%A5%20%EA%B0%A4%EB%9F%AC%EB%A6%AC,/assets/naver-courses/0e49d856a8742d5a4cff020d.jpg,검수완료
course-00007,신도림이도식당 → 잠실지하광장 쇼핑센터 코스,신도림이도식당,서울 구로구 경인로 661,신도림이도식당 → 잠실지하광장 쇼핑센터,"쇼핑, 음식점",신도림 이도식당 | 이도식당 신도림 | 이도식당 경인로 661 | 신도림 이도식당 서울 구로구 경인로 661,https://search.naver.com/search.naver?where=image&query=%EC%8B%A0%EB%8F%84%EB%A6%BC%20%EC%9D%B4%EB%8F%84%EC%8B%9D%EB%8B%B9,/assets/naver-courses/af30cce1472c2b4cf5e23183.jpg,검수완료
course-00008,신도림이도식당 → 더세인트41 → 구로스마트라운지 코스,신도림이도식당,서울 구로구 경인로 661,신도림이도식당 → 더세인트41 → 구로스마트라운지,"음식점, 전시, 카페",신도림 이도식당 | 이도식당 신도림 | 이도식당 경인로 661 | 신도림 이도식당 서울 구로구 경인로 661,https://search.naver.com/search.naver?where=image&query=%EC%8B%A0%EB%8F%84%EB%A6%BC%20%EC%9D%B4%EB%8F%84%EC%8B%9D%EB%8B%B9,/assets/naver-courses/3dd92f19c999c7e5fc4a9b45.jpg,검수완료
course-00009,문화역서울284 → 일편등심 강남 코스,문화역서울284,서울 중구 통일로 1,문화역서울284 → 일편등심 강남,"음식점, 전시",문화역서울284 | 문화역 서울 284 | 문화역서울 284 전시 | 문화역서울284 서울 중구 통일로 1,https://search.naver.com/search.naver?where=image&query=%EB%AC%B8%ED%99%94%EC%97%AD%EC%84%9C%EC%9A%B8284,/assets/naver-courses/a46d38e2c608050321f499c8.jpg,검수완료
course-00010,문화역서울284 → 동대문디자인플라자 디자인전시관 코스,문화역서울284,서울 중구 통일로 1,문화역서울284 → 동대문디자인플라자 디자인전시관,전시,문화역서울284 | 문화역 서울 284 | 문화역서울 284 전시 | 문화역서울284 서울 중구 통일로 1,https://search.naver.com/search.naver?where=image&query=%EB%AC%B8%ED%99%94%EC%97%AD%EC%84%9C%EC%9A%B8284,/assets/naver-courses/421ca55355c8e2e2548d4f36.jpg,검수완료
course-00011,신도림이도식당 → 구캔갤러리 → 콘피 코스,신도림이도식당,서울 구로구 경인로 661,신도림이도식당 → 구캔갤러리 → 콘피,"음식점, 전시, 카페",신도림 이도식당 | 이도식당 신도림 | 이도식당 경인로 661 | 신도림 이도식당 서울 구로구 경인로 661,https://search.naver.com/search.naver?where=image&query=%EC%8B%A0%EB%8F%84%EB%A6%BC%20%EC%9D%B4%EB%8F%84%EC%8B%9D%EB%8B%B9,/assets/naver-courses/7812ff0583b9553277c87e61.jpg,검수완료
course-00012,그라운드시소 센트럴 → 엔지니어링역사관 코스,그라운드시소 센트럴,서울 중구 세종대로 14,그라운드시소 센트럴 → 엔지니어링역사관,전시,그라운드시소 센트럴 | 센트럴 그라운드시소 | 그라운드시소 센트럴 전시 | 그라운드시소 센트럴 서울 중구 세종대로 14,https://search.naver.com/search.naver?where=image&query=%EA%B7%B8%EB%9D%BC%EC%9A%B4%EB%93%9C%EC%8B%9C%EC%86%8C%20%EC%84%BC%ED%8A%B8%EB%9F%B4,/assets/naver-courses/ab4a79e0bf60f52551f5745d.jpg,검수완료
course-00013,로얄마카롱 → 롯데월드 어드벤처 코스,로얄마카롱,,로얄마카롱 → 롯데월드 어드벤처,"관광, 카페",로얄마카롱 | 서울 로얄마카롱 | 로얄마카롱 매장,https://search.naver.com/search.naver?where=image&query=%EB%A1%9C%EC%96%84%EB%A7%88%EC%B9%B4%EB%A1%B1,/assets/naver-courses/3d160ca491dcde2307aadef0.jpg,검수완료
course-00014,신도림이도식당 → 구로스마트라운지 → 도림천 코스,신도림이도식당,서울 구로구 경인로 661,신도림이도식당 → 구로스마트라운지 → 도림천,"관광, 음식점, 전시",신도림 이도식당 | 이도식당 신도림 | 이도식당 경인로 661 | 신도림 이도식당 서울 구로구 경인로 661,https://search.naver.com/search.naver?where=image&query=%EC%8B%A0%EB%8F%84%EB%A6%BC%20%EC%9D%B4%EB%8F%84%EC%8B%9D%EB%8B%B9,/assets/naver-courses/22efb92becffbb7f337ad717.jpg,검수완료
course-00015,일편등심 강남 → 신도림이도식당 코스,일편등심 강남,서울 강남구 테헤란로1길 20,일편등심 강남 → 신도림이도식당,음식점,일편등심 강남점 | 강남 일편등심 | 일편등심 테헤란로1길 20 | 일편등심 강남점 서울 강남구 테헤란로1길 20,https://search.naver.com/search.naver?where=image&query=%EC%9D%BC%ED%8E%B8%EB%93%B1%EC%8B%AC%20%EA%B0%95%EB%82%A8%EC%A0%90,/assets/naver-courses/813ab17f5f83b86762cfddb1.jpg,검수완료
course-00016,문화역서울284 → 남대문칼국수골목 → 가메골손왕만두 남대문본점 코스,문화역서울284,서울 중구 통일로 1,문화역서울284 → 남대문칼국수골목 → 가메골손왕만두 남대문본점,"관광, 음식점, 전시",문화역서울284 | 문화역 서울 284 | 문화역서울 284 전시 | 문화역서울284 서울 중구 통일로 1,https://search.naver.com/search.naver?where=image&query=%EB%AC%B8%ED%99%94%EC%97%AD%EC%84%9C%EC%9A%B8284,/assets/naver-courses/fa7c6aaa2cddc3dc030ef1fd.jpg,검수완료
course-00017,구씨네부엌 → 노란돼지 코스,구씨네부엌,,구씨네부엌 → 노란돼지,음식점,"구씨네부엌 | 홍대 구씨네 부엌 | 구씨네부엌 신촌 | 홍대 구씨네부엌 피자 | 구씨네부엌 파스타 | ""구씨네부엌""",https://search.naver.com/search.naver?where=image&query=%EA%B5%AC%EC%94%A8%EB%84%A4%EB%B6%80%EC%97%8C,/assets/naver-courses/88a0957fa3874604232e47d5.jpg,검수완료
course-00018,일편등심 강남 → 구씨네부엌 코스,일편등심 강남,서울 강남구 테헤란로1길 20,일편등심 강남 → 구씨네부엌,음식점,일편등심 강남점 | 강남 일편등심 | 일편등심 테헤란로1길 20 | 일편등심 강남점 서울 강남구 테헤란로1길 20,https://search.naver.com/search.naver?where=image&query=%EC%9D%BC%ED%8E%B8%EB%93%B1%EC%8B%AC%20%EA%B0%95%EB%82%A8%EC%A0%90,/assets/naver-courses/2710ddc5fe7e6a0a562a2c1e.jpg,검수완료
course-00019,로얄마카롱 → 콘피 코스,로얄마카롱,,로얄마카롱 → 콘피,카페,로얄마카롱 | 서울 로얄마카롱 | 로얄마카롱 매장,https://search.naver.com/search.naver?where=image&query=%EB%A1%9C%EC%96%84%EB%A7%88%EC%B9%B4%EB%A1%B1,/assets/naver-courses/6083e1e4df3276652487cb21.jpg,검수완료
course-00020,그라운드시소 센트럴 → 남대문칼국수골목 → 가메골손왕만두 남대문본점 코스,그라운드시소 센트럴,서울 중구 세종대로 14,그라운드시소 센트럴 → 남대문칼국수골목 → 가메골손왕만두 남대문본점,"관광, 음식점, 전시",그라운드시소 센트럴 | 센트럴 그라운드시소 | 그라운드시소 센트럴 전시 | 그라운드시소 센트럴 서울 중구 세종대로 14,https://search.naver.com/search.naver?where=image&query=%EA%B7%B8%EB%9D%BC%EC%9A%B4%EB%93%9C%EC%8B%9C%EC%86%8C%20%EC%84%BC%ED%8A%B8%EB%9F%B4,/assets/naver-courses/fc23655480abf8f548b9b4e1.jpg,검수완료
course-00021,잠실지하광장 쇼핑센터 → 문화역서울284 코스,잠실지하광장 쇼핑센터,서울 송파구 잠실로 지하 156,잠실지하광장 쇼핑센터 → 문화역서울284,"쇼핑, 전시",잠실지하광장 쇼핑센터 | 잠실 지하광장 | 잠실지하광장 상가 | 잠실역 지하광장 | 잠실지하광장 쇼핑센터 서울 송파구 잠실로 지하 156,https://search.naver.com/search.naver?where=image&query=%EC%9E%A0%EC%8B%A4%EC%A7%80%ED%95%98%EA%B4%91%EC%9E%A5%20%EC%87%BC%ED%95%91%EC%84%BC%ED%84%B0,/assets/naver-courses/0d11654d99225c56c80e2fd1.jpg,검수완료
course-00022,문화역서울284 → 구씨네부엌 코스,문화역서울284,서울 중구 통일로 1,문화역서울284 → 구씨네부엌,"음식점, 전시",문화역서울284 | 문화역 서울 284 | 문화역서울 284 전시 | 문화역서울284 서울 중구 통일로 1,https://search.naver.com/search.naver?where=image&query=%EB%AC%B8%ED%99%94%EC%97%AD%EC%84%9C%EC%9A%B8284,/assets/naver-courses/5d230603b90220b70d42025a.jpg,검수완료
course-00023,문화역서울284 → 아트팩토리체험공방 코스,문화역서울284,서울 중구 통일로 1,문화역서울284 → 아트팩토리체험공방,"전시, 체험",문화역서울284 | 문화역 서울 284 | 문화역서울 284 전시 | 문화역서울284 서울 중구 통일로 1,https://search.naver.com/search.naver?where=image&query=%EB%AC%B8%ED%99%94%EC%97%AD%EC%84%9C%EC%9A%B8284,/assets/naver-courses/46a105e50d4a11829d2bcec0.jpg,검수완료
course-00024,일편등심 강남 → 썸띵어바웃커피 → 스머프매직포레스트 코스,일편등심 강남,서울 강남구 테헤란로1길 20,일편등심 강남 → 썸띵어바웃커피 → 스머프매직포레스트,"관광, 음식점, 카페",일편등심 강남점 | 강남 일편등심 | 일편등심 테헤란로1길 20 | 일편등심 강남점 서울 강남구 테헤란로1길 20,https://search.naver.com/search.naver?where=image&query=%EC%9D%BC%ED%8E%B8%EB%93%B1%EC%8B%AC%20%EA%B0%95%EB%82%A8%EC%A0%90,/assets/naver-courses/9ca2128a20653749f883b481.jpg,검수완료
course-00025,동대문디자인플라자 디자인전시관 → 잠실지하광장 쇼핑센터 코스,동대문디자인플라자 디자인전시관,서울 중구 을지로 281,동대문디자인플라자 디자인전시관 → 잠실지하광장 쇼핑센터,"쇼핑, 전시",DDP 디자인전시관 | 동대문디자인플라자 디자인전시관 | DDP 뮤지엄 디자인전시관 | DDP 디자인전시관 서울 중구 을지로 281,https://search.naver.com/search.naver?where=image&query=DDP%20%EB%94%94%EC%9E%90%EC%9D%B8%EC%A0%84%EC%8B%9C%EA%B4%80,/assets/naver-courses/499d369076688c59e9171c03.jpg,검수완료
course-00026,노란돼지 → 문화역서울284 코스,노란돼지,서울 동작구 동작대로7길 97,노란돼지 → 문화역서울284,"음식점, 전시",노란돼지 사당 | 노란돼지 방배 | 노란돼지 동작대로7길 97 | 노란돼지 사당 서울 동작구 동작대로7길 97,https://search.naver.com/search.naver?where=image&query=%EB%85%B8%EB%9E%80%EB%8F%BC%EC%A7%80%20%EC%82%AC%EB%8B%B9,/assets/naver-courses/3e5c18958e011666d1431643.jpg,검수완료
course-00027,일편등심 강남 → 잠실지하광장 쇼핑센터 코스,일편등심 강남,서울 강남구 테헤란로1길 20,일편등심 강남 → 잠실지하광장 쇼핑센터,"쇼핑, 음식점",일편등심 강남점 | 강남 일편등심 | 일편등심 테헤란로1길 20 | 일편등심 강남점 서울 강남구 테헤란로1길 20,https://search.naver.com/search.naver?where=image&query=%EC%9D%BC%ED%8E%B8%EB%93%B1%EC%8B%AC%20%EA%B0%95%EB%82%A8%EC%A0%90,/assets/naver-courses/e002ff9557f59599fe089ca3.jpg,검수완료
course-00028,동대문디자인플라자 디자인전시관 → 노란돼지 코스,동대문디자인플라자 디자인전시관,서울 중구 을지로 281,동대문디자인플라자 디자인전시관 → 노란돼지,"음식점, 전시",DDP 디자인전시관 | 동대문디자인플라자 디자인전시관 | DDP 뮤지엄 디자인전시관 | DDP 디자인전시관 서울 중구 을지로 281,https://search.naver.com/search.naver?where=image&query=DDP%20%EB%94%94%EC%9E%90%EC%9D%B8%EC%A0%84%EC%8B%9C%EA%B4%80,/assets/naver-courses/7696351ead7f5d6825a1344f.jpg,검수완료
course-00029,잠실지하광장 쇼핑센터 → 노란돼지 코스,잠실지하광장 쇼핑센터,서울 송파구 잠실로 지하 156,잠실지하광장 쇼핑센터 → 노란돼지,"쇼핑, 음식점",잠실지하광장 쇼핑센터 | 잠실 지하광장 | 잠실지하광장 상가 | 잠실역 지하광장 | 잠실지하광장 쇼핑센터 서울 송파구 잠실로 지하 156,https://search.naver.com/search.naver?where=image&query=%EC%9E%A0%EC%8B%A4%EC%A7%80%ED%95%98%EA%B4%91%EC%9E%A5%20%EC%87%BC%ED%95%91%EC%84%BC%ED%84%B0,/assets/naver-courses/26a1fb2c5c4e68c7ac41c929.jpg,검수완료
course-00030,아트팩토리체험공방 → 구씨네부엌 코스,아트팩토리체험공방,서울 성동구 왕십리로 241,아트팩토리체험공방 → 구씨네부엌,"음식점, 체험",아트팩토리 체험공방 | 아트팩토리 왕십리 | 아트팩토리 왕십리로 241 | 아트팩토리 체험공방 서울 성동구 왕십리로 241,https://search.naver.com/search.naver?where=image&query=%EC%95%84%ED%8A%B8%ED%8C%A9%ED%86%A0%EB%A6%AC%20%EC%B2%B4%ED%97%98%EA%B3%B5%EB%B0%A9,,사진 미완료 · 수동 검색 인계
course-00031,신도림이도식당 → 문화역서울284 코스,신도림이도식당,서울 구로구 경인로 661,신도림이도식당 → 문화역서울284,"음식점, 전시",신도림 이도식당 | 이도식당 신도림 | 이도식당 경인로 661 | 신도림 이도식당 서울 구로구 경인로 661,https://search.naver.com/search.naver?where=image&query=%EC%8B%A0%EB%8F%84%EB%A6%BC%20%EC%9D%B4%EB%8F%84%EC%8B%9D%EB%8B%B9,/assets/naver-courses/b001f0f3eb93e8cae83ccaaf.jpg,검수완료
course-00032,신도림이도식당 → 노란돼지 코스,신도림이도식당,서울 구로구 경인로 661,신도림이도식당 → 노란돼지,음식점,신도림 이도식당 | 이도식당 신도림 | 이도식당 경인로 661 | 신도림 이도식당 서울 구로구 경인로 661,https://search.naver.com/search.naver?where=image&query=%EC%8B%A0%EB%8F%84%EB%A6%BC%20%EC%9D%B4%EB%8F%84%EC%8B%9D%EB%8B%B9,/assets/naver-courses/2c2af93bffb316a212a33ab3.jpg,검수완료
course-00033,신도림이도식당 → 더세인트41 → 도림천 코스,신도림이도식당,서울 구로구 경인로 661,신도림이도식당 → 더세인트41 → 도림천,"관광, 음식점, 카페",신도림 이도식당 | 이도식당 신도림 | 이도식당 경인로 661 | 신도림 이도식당 서울 구로구 경인로 661,https://search.naver.com/search.naver?where=image&query=%EC%8B%A0%EB%8F%84%EB%A6%BC%20%EC%9D%B4%EB%8F%84%EC%8B%9D%EB%8B%B9,/assets/naver-courses/0e41c2d517262daa52f593cb.jpg,검수완료
course-00034,일편등심 강남 → 스머프매직포레스트 → 힉스커피 코스,일편등심 강남,서울 강남구 테헤란로1길 20,일편등심 강남 → 스머프매직포레스트 → 힉스커피,"관광, 음식점, 카페",일편등심 강남점 | 강남 일편등심 | 일편등심 테헤란로1길 20 | 일편등심 강남점 서울 강남구 테헤란로1길 20,https://search.naver.com/search.naver?where=image&query=%EC%9D%BC%ED%8E%B8%EB%93%B1%EC%8B%AC%20%EA%B0%95%EB%82%A8%EC%A0%90,/assets/naver-courses/bcea86d91f92868458dc0056.jpg,검수완료
course-00035,커넥트투 → 조양관 코스,커넥트투,서울 송파구 올림픽로 300,커넥트투 → 조양관,"음식점, 전시",커넥트투 잠실 | 커넥트투 롯데월드몰 | CONNECT TO 잠실 | 커넥트투 잠실 서울 송파구 올림픽로 300,https://search.naver.com/search.naver?where=image&query=%EC%BB%A4%EB%84%A5%ED%8A%B8%ED%88%AC%20%EC%9E%A0%EC%8B%A4,/assets/naver-courses/2a84082e8830c281c28ad669.jpg,검수완료
course-00036,태양커피 서울사당점 → 롯데월드 어드벤처 코스,태양커피 서울사당점,서울 서초구 방배천로 32,태양커피 서울사당점 → 롯데월드 어드벤처,"관광, 카페",태양커피 사당점 | 사당 태양커피 | 태양커피 방배천로 32 | 태양커피 사당점 서울 서초구 방배천로 32,https://search.naver.com/search.naver?where=image&query=%ED%83%9C%EC%96%91%EC%BB%A4%ED%94%BC%20%EC%82%AC%EB%8B%B9%EC%A0%90,/assets/naver-courses/39b591d2a4c8bffd18ad8530.jpg,검수완료
course-00037,신도림이도식당 → 구캔갤러리 → 더세인트41 코스,신도림이도식당,서울 구로구 경인로 661,신도림이도식당 → 구캔갤러리 → 더세인트41,"음식점, 전시, 카페",신도림 이도식당 | 이도식당 신도림 | 이도식당 경인로 661 | 신도림 이도식당 서울 구로구 경인로 661,https://search.naver.com/search.naver?where=image&query=%EC%8B%A0%EB%8F%84%EB%A6%BC%20%EC%9D%B4%EB%8F%84%EC%8B%9D%EB%8B%B9,/assets/naver-courses/6c282dd17ae61010b54c8066.jpg,검수완료
course-00038,정동전망대 → 잠실지하광장 쇼핑센터 코스,정동전망대,서울 중구 덕수궁길 15,정동전망대 → 잠실지하광장 쇼핑센터,"관광, 쇼핑",정동전망대 | 정동 전망대 | 정동전망대 덕수궁 | 정동전망대 서울 중구 덕수궁길 15,https://search.naver.com/search.naver?where=image&query=%EC%A0%95%EB%8F%99%EC%A0%84%EB%A7%9D%EB%8C%80,/assets/naver-courses/e8a02a8f9046471879ba0b11.jpg,검수완료
course-00039,구씨네부엌 → 잠실지하광장 쇼핑센터 코스,구씨네부엌,,구씨네부엌 → 잠실지하광장 쇼핑센터,"쇼핑, 음식점","구씨네부엌 | 홍대 구씨네 부엌 | 구씨네부엌 신촌 | 홍대 구씨네부엌 피자 | 구씨네부엌 파스타 | ""구씨네부엌""",https://search.naver.com/search.naver?where=image&query=%EA%B5%AC%EC%94%A8%EB%84%A4%EB%B6%80%EC%97%8C,/assets/naver-courses/0230ba176353f20cb37cc5d3.jpg,검수완료
course-00040,구씨네부엌 → 스페이스갤러리아 서울홍대 → 홍대걷고싶은거리 코스,구씨네부엌,,구씨네부엌 → 스페이스갤러리아 서울홍대 → 홍대걷고싶은거리,"관광, 음식점, 전시","구씨네부엌 | 홍대 구씨네 부엌 | 구씨네부엌 신촌 | 홍대 구씨네부엌 피자 | 구씨네부엌 파스타 | ""구씨네부엌""",https://search.naver.com/search.naver?where=image&query=%EA%B5%AC%EC%94%A8%EB%84%A4%EB%B6%80%EC%97%8C,/assets/naver-courses/4bcf5a043c36c43035490777.jpg,검수완료
course-00041,아트팩토리체험공방 → 타이파 → 띵똥와플 본점 코스,아트팩토리체험공방,서울 성동구 왕십리로 241,아트팩토리체험공방 → 타이파 → 띵똥와플 본점,"음식점, 체험, 카페",아트팩토리 체험공방 | 아트팩토리 왕십리 | 아트팩토리 왕십리로 241 | 아트팩토리 체험공방 서울 성동구 왕십리로 241,https://search.naver.com/search.naver?where=image&query=%EC%95%84%ED%8A%B8%ED%8C%A9%ED%86%A0%EB%A6%AC%20%EC%B2%B4%ED%97%98%EA%B3%B5%EB%B0%A9,,사진 미완료 · 수동 검색 인계
course-00042,일편등심 강남 → 문화역서울284 코스,일편등심 강남,서울 강남구 테헤란로1길 20,일편등심 강남 → 문화역서울284,"음식점, 전시",일편등심 강남점 | 강남 일편등심 | 일편등심 테헤란로1길 20 | 일편등심 강남점 서울 강남구 테헤란로1길 20,https://search.naver.com/search.naver?where=image&query=%EC%9D%BC%ED%8E%B8%EB%93%B1%EC%8B%AC%20%EA%B0%95%EB%82%A8%EC%A0%90,/assets/naver-courses/d0faec16d97a47cf291d6544.jpg,검수완료
course-00043,문화역서울284 → 노란돼지 코스,문화역서울284,서울 중구 통일로 1,문화역서울284 → 노란돼지,"음식점, 전시",문화역서울284 | 문화역 서울 284 | 문화역서울 284 전시 | 문화역서울284 서울 중구 통일로 1,https://search.naver.com/search.naver?where=image&query=%EB%AC%B8%ED%99%94%EC%97%AD%EC%84%9C%EC%9A%B8284,/assets/naver-courses/693b1cd9d8977be0798d4134.jpg,검수완료
course-00044,문화역서울284 → 이이네 → 쇼핑하는사람들 코스,문화역서울284,서울 중구 통일로 1,문화역서울284 → 이이네 → 쇼핑하는사람들,"쇼핑, 음식점, 전시",문화역서울284 | 문화역 서울 284 | 문화역서울 284 전시 | 문화역서울284 서울 중구 통일로 1,https://search.naver.com/search.naver?where=image&query=%EB%AC%B8%ED%99%94%EC%97%AD%EC%84%9C%EC%9A%B8284,/assets/naver-courses/a3382949d4aced92201eb4c5.jpg,검수완료
course-00045,일편등심 강남 → 무신사 스토어 강남 → 썸띵어바웃커피 코스,일편등심 강남,서울 강남구 테헤란로1길 20,일편등심 강남 → 무신사 스토어 강남 → 썸띵어바웃커피,"쇼핑, 음식점, 카페",일편등심 강남점 | 강남 일편등심 | 일편등심 테헤란로1길 20 | 일편등심 강남점 서울 강남구 테헤란로1길 20,https://search.naver.com/search.naver?where=image&query=%EC%9D%BC%ED%8E%B8%EB%93%B1%EC%8B%AC%20%EA%B0%95%EB%82%A8%EC%A0%90,/assets/naver-courses/5e4a3562dbe942db68f4e955.jpg,검수완료
course-00046,노란돼지 → 신도림이도식당 코스,노란돼지,서울 동작구 동작대로7길 97,노란돼지 → 신도림이도식당,음식점,노란돼지 사당 | 노란돼지 방배 | 노란돼지 동작대로7길 97 | 노란돼지 사당 서울 동작구 동작대로7길 97,https://search.naver.com/search.naver?where=image&query=%EB%85%B8%EB%9E%80%EB%8F%BC%EC%A7%80%20%EC%82%AC%EB%8B%B9,/assets/naver-courses/87b8ebf7f5c234911582d541.jpg,검수완료
course-00047,일편등심 강남 → 서리풀푸드트럭존 → 이바인체험샵 코스,일편등심 강남,서울 강남구 테헤란로1길 20,일편등심 강남 → 서리풀푸드트럭존 → 이바인체험샵,"관광, 쇼핑, 음식점",일편등심 강남점 | 강남 일편등심 | 일편등심 테헤란로1길 20 | 일편등심 강남점 서울 강남구 테헤란로1길 20,https://search.naver.com/search.naver?where=image&query=%EC%9D%BC%ED%8E%B8%EB%93%B1%EC%8B%AC%20%EA%B0%95%EB%82%A8%EC%A0%90,/assets/naver-courses/39eb750993a505bb668be673.jpg,검수완료
course-00048,일편등심 강남 → 무신사 스토어 강남 → 가배도 신논현점 코스,일편등심 강남,서울 강남구 테헤란로1길 20,일편등심 강남 → 무신사 스토어 강남 → 가배도 신논현점,"쇼핑, 음식점, 카페",일편등심 강남점 | 강남 일편등심 | 일편등심 테헤란로1길 20 | 일편등심 강남점 서울 강남구 테헤란로1길 20,https://search.naver.com/search.naver?where=image&query=%EC%9D%BC%ED%8E%B8%EB%93%B1%EC%8B%AC%20%EA%B0%95%EB%82%A8%EC%A0%90,/assets/naver-courses/92191d60eefaf95cf5635fd9.jpg,검수완료
course-00049,브이스퀘어 → 구씨네부엌 코스,브이스퀘어,서울 광진구 아차산로 272,브이스퀘어 → 구씨네부엌,"음식점, 전시",브이스퀘어 건대 | 브이스퀘어 롯데시네마 | V SQUARE 건대입구 | 브이스퀘어 건대 서울 광진구 아차산로 272,https://search.naver.com/search.naver?where=image&query=%EB%B8%8C%EC%9D%B4%EC%8A%A4%ED%80%98%EC%96%B4%20%EA%B1%B4%EB%8C%80,/assets/naver-courses/da58950eba3a60b5b10d3731.jpg,검수완료
course-00050,잠실지하광장 쇼핑센터 → 일편등심 강남 코스,잠실지하광장 쇼핑센터,서울 송파구 잠실로 지하 156,잠실지하광장 쇼핑센터 → 일편등심 강남,"쇼핑, 음식점",잠실지하광장 쇼핑센터 | 잠실 지하광장 | 잠실지하광장 상가 | 잠실역 지하광장 | 잠실지하광장 쇼핑센터 서울 송파구 잠실로 지하 156,https://search.naver.com/search.naver?where=image&query=%EC%9E%A0%EC%8B%A4%EC%A7%80%ED%95%98%EA%B4%91%EC%9E%A5%20%EC%87%BC%ED%95%91%EC%84%BC%ED%84%B0,/assets/naver-courses/e4c5c00955645c1bcc45ffea.jpg,검수완료
course-00051,문화역서울284 → 남대문갈치조림골목 → 희락갈치 코스,문화역서울284,서울 중구 통일로 1,문화역서울284 → 남대문갈치조림골목 → 희락갈치,"관광, 음식점, 전시",문화역서울284 | 문화역 서울 284 | 문화역서울 284 전시 | 문화역서울284 서울 중구 통일로 1,https://search.naver.com/search.naver?where=image&query=%EB%AC%B8%ED%99%94%EC%97%AD%EC%84%9C%EC%9A%B8284,/assets/naver-courses/f03c7489ed7cbe840b088cb3.jpg,검수완료
course-00052,문화역서울284 → 신도림이도식당 코스,문화역서울284,서울 중구 통일로 1,문화역서울284 → 신도림이도식당,"음식점, 전시",문화역서울284 | 문화역 서울 284 | 문화역서울 284 전시 | 문화역서울284 서울 중구 통일로 1,https://search.naver.com/search.naver?where=image&query=%EB%AC%B8%ED%99%94%EC%97%AD%EC%84%9C%EC%9A%B8284,/assets/naver-courses/18832f096b02ab61de00ed6f.jpg,검수완료
course-00053,노란돼지 → 잠실지하광장 쇼핑센터 코스,노란돼지,서울 동작구 동작대로7길 97,노란돼지 → 잠실지하광장 쇼핑센터,"쇼핑, 음식점",노란돼지 사당 | 노란돼지 방배 | 노란돼지 동작대로7길 97 | 노란돼지 사당 서울 동작구 동작대로7길 97,https://search.naver.com/search.naver?where=image&query=%EB%85%B8%EB%9E%80%EB%8F%BC%EC%A7%80%20%EC%82%AC%EB%8B%B9,/assets/naver-courses/7a0ebffa7545a8cb94ee52df.jpg,검수완료
course-00054,그라운드시소 센트럴 → 남대문갈치조림골목 → 희락갈치 코스,그라운드시소 센트럴,서울 중구 세종대로 14,그라운드시소 센트럴 → 남대문갈치조림골목 → 희락갈치,"관광, 음식점, 전시",그라운드시소 센트럴 | 센트럴 그라운드시소 | 그라운드시소 센트럴 전시 | 그라운드시소 센트럴 서울 중구 세종대로 14,https://search.naver.com/search.naver?where=image&query=%EA%B7%B8%EB%9D%BC%EC%9A%B4%EB%93%9C%EC%8B%9C%EC%86%8C%20%EC%84%BC%ED%8A%B8%EB%9F%B4,/assets/naver-courses/b78e44b3c87d1980902d76d0.jpg,검수완료
course-00055,구씨네부엌 → 덕스(DUEX) → 홍대걷고싶은거리 코스,구씨네부엌,,구씨네부엌 → 덕스(DUEX) → 홍대걷고싶은거리,"관광, 음식점, 전시","구씨네부엌 | 홍대 구씨네 부엌 | 구씨네부엌 신촌 | 홍대 구씨네부엌 피자 | 구씨네부엌 파스타 | ""구씨네부엌""",https://search.naver.com/search.naver?where=image&query=%EA%B5%AC%EC%94%A8%EB%84%A4%EB%B6%80%EC%97%8C,,사진 미완료 · 수동 검색 인계
course-00056,동대문디자인플라자 디자인전시관 → 브이스퀘어 코스,동대문디자인플라자 디자인전시관,서울 중구 을지로 281,동대문디자인플라자 디자인전시관 → 브이스퀘어,전시,DDP 디자인전시관 | 동대문디자인플라자 디자인전시관 | DDP 뮤지엄 디자인전시관 | DDP 디자인전시관 서울 중구 을지로 281,https://search.naver.com/search.naver?where=image&query=DDP%20%EB%94%94%EC%9E%90%EC%9D%B8%EC%A0%84%EC%8B%9C%EA%B4%80,/assets/naver-courses/cdd5abe9174b8d1237d5c33b.jpg,검수완료
course-00057,문화역서울284 → 브이스퀘어 코스,문화역서울284,서울 중구 통일로 1,문화역서울284 → 브이스퀘어,전시,문화역서울284 | 문화역 서울 284 | 문화역서울 284 전시 | 문화역서울284 서울 중구 통일로 1,https://search.naver.com/search.naver?where=image&query=%EB%AC%B8%ED%99%94%EC%97%AD%EC%84%9C%EC%9A%B8284,/assets/naver-courses/d8979e10ec50c4ef87cba8cc.jpg,검수완료
course-00058,일편등심 강남 → 서리풀푸드트럭존 → 셀렉티드닉스 코스,일편등심 강남,서울 강남구 테헤란로1길 20,일편등심 강남 → 서리풀푸드트럭존 → 셀렉티드닉스,"관광, 음식점, 카페",일편등심 강남점 | 강남 일편등심 | 일편등심 테헤란로1길 20 | 일편등심 강남점 서울 강남구 테헤란로1길 20,https://search.naver.com/search.naver?where=image&query=%EC%9D%BC%ED%8E%B8%EB%93%B1%EC%8B%AC%20%EA%B0%95%EB%82%A8%EC%A0%90,/assets/naver-courses/16371362a04a8090490deb93.jpg,검수완료
course-00059,문화역서울284 → 잠실지하광장 쇼핑센터 코스,문화역서울284,서울 중구 통일로 1,문화역서울284 → 잠실지하광장 쇼핑센터,"쇼핑, 전시",문화역서울284 | 문화역 서울 284 | 문화역서울 284 전시 | 문화역서울284 서울 중구 통일로 1,https://search.naver.com/search.naver?where=image&query=%EB%AC%B8%ED%99%94%EC%97%AD%EC%84%9C%EC%9A%B8284,/assets/naver-courses/17012138c2b01a85fd5a9461.jpg,검수완료
course-00060,구씨네부엌 → 덕스(DUEX) → 토로스쇼핑타워 코스,구씨네부엌,,구씨네부엌 → 덕스(DUEX) → 토로스쇼핑타워,"쇼핑, 음식점, 전시","구씨네부엌 | 홍대 구씨네 부엌 | 구씨네부엌 신촌 | 홍대 구씨네부엌 피자 | 구씨네부엌 파스타 | ""구씨네부엌""",https://search.naver.com/search.naver?where=image&query=%EA%B5%AC%EC%94%A8%EB%84%A4%EB%B6%80%EC%97%8C,/assets/naver-courses/a5ac52d0a0e7053a27eee04b.jpg,검수완료
course-00061,아트팩토리체험공방 → 잠실지하광장 쇼핑센터 코스,아트팩토리체험공방,서울 성동구 왕십리로 241,아트팩토리체험공방 → 잠실지하광장 쇼핑센터,"쇼핑, 체험",아트팩토리 체험공방 | 아트팩토리 왕십리 | 아트팩토리 왕십리로 241 | 아트팩토리 체험공방 서울 성동구 왕십리로 241,https://search.naver.com/search.naver?where=image&query=%EC%95%84%ED%8A%B8%ED%8C%A9%ED%86%A0%EB%A6%AC%20%EC%B2%B4%ED%97%98%EA%B3%B5%EB%B0%A9,,사진 미완료 · 수동 검색 인계
course-00062,신도림이도식당 → 동대문디자인플라자 디자인전시관 코스,신도림이도식당,서울 구로구 경인로 661,신도림이도식당 → 동대문디자인플라자 디자인전시관,"음식점, 전시",신도림 이도식당 | 이도식당 신도림 | 이도식당 경인로 661 | 신도림 이도식당 서울 구로구 경인로 661,https://search.naver.com/search.naver?where=image&query=%EC%8B%A0%EB%8F%84%EB%A6%BC%20%EC%9D%B4%EB%8F%84%EC%8B%9D%EB%8B%B9,/assets/naver-courses/619752546e9c42a4279dfa68.jpg,검수완료
course-00063,정동전망대 → 일편등심 강남 코스,정동전망대,서울 중구 덕수궁길 15,정동전망대 → 일편등심 강남,"관광, 음식점",정동전망대 | 정동 전망대 | 정동전망대 덕수궁 | 정동전망대 서울 중구 덕수궁길 15,https://search.naver.com/search.naver?where=image&query=%EC%A0%95%EB%8F%99%EC%A0%84%EB%A7%9D%EB%8C%80,/assets/naver-courses/d99491d520aadae1330624bb.jpg,검수완료
course-00064,문화역서울284 → 쇼핑하는사람들 → 엘카페커피로스터스 코스,문화역서울284,서울 중구 통일로 1,문화역서울284 → 쇼핑하는사람들 → 엘카페커피로스터스,"쇼핑, 전시, 카페",문화역서울284 | 문화역 서울 284 | 문화역서울 284 전시 | 문화역서울284 서울 중구 통일로 1,https://search.naver.com/search.naver?where=image&query=%EB%AC%B8%ED%99%94%EC%97%AD%EC%84%9C%EC%9A%B8284,,사진 미완료 · 수동 검색 인계
course-00065,일편등심 강남 → 스머프매직포레스트 → 가배도 신논현점 코스,일편등심 강남,서울 강남구 테헤란로1길 20,일편등심 강남 → 스머프매직포레스트 → 가배도 신논현점,"관광, 음식점, 카페",일편등심 강남점 | 강남 일편등심 | 일편등심 테헤란로1길 20 | 일편등심 강남점 서울 강남구 테헤란로1길 20,https://search.naver.com/search.naver?where=image&query=%EC%9D%BC%ED%8E%B8%EB%93%B1%EC%8B%AC%20%EA%B0%95%EB%82%A8%EC%A0%90,/assets/naver-courses/f66fe74175d2eceb058dff05.jpg,검수완료
course-00066,일편등심 강남 → 브이스퀘어 코스,일편등심 강남,서울 강남구 테헤란로1길 20,일편등심 강남 → 브이스퀘어,"음식점, 전시",일편등심 강남점 | 강남 일편등심 | 일편등심 테헤란로1길 20 | 일편등심 강남점 서울 강남구 테헤란로1길 20,https://search.naver.com/search.naver?where=image&query=%EC%9D%BC%ED%8E%B8%EB%93%B1%EC%8B%AC%20%EA%B0%95%EB%82%A8%EC%A0%90,/assets/naver-courses/4e6ca1b1471614d004cb638d.jpg,검수완료
course-00067,구씨네부엌 → 스페이스갤러리아 서울홍대 → 토로스쇼핑타워 코스,구씨네부엌,,구씨네부엌 → 스페이스갤러리아 서울홍대 → 토로스쇼핑타워,"쇼핑, 음식점, 전시","구씨네부엌 | 홍대 구씨네 부엌 | 구씨네부엌 신촌 | 홍대 구씨네부엌 피자 | 구씨네부엌 파스타 | ""구씨네부엌""",https://search.naver.com/search.naver?where=image&query=%EA%B5%AC%EC%94%A8%EB%84%A4%EB%B6%80%EC%97%8C,/assets/naver-courses/e55b5e6a408c101dbe50373d.jpg,검수완료
course-00068,만동제과 → 롯데월드 어드벤처 코스,만동제과,서울 서대문구 연희로 32,만동제과 → 롯데월드 어드벤처,"관광, 음식점",만동제과 연남점 | 만동제과 홍대 | 만동제과 연희로 32 | 만동제과 연남점 서울 서대문구 연희로 32,https://search.naver.com/search.naver?where=image&query=%EB%A7%8C%EB%8F%99%EC%A0%9C%EA%B3%BC%20%EC%97%B0%EB%82%A8%EC%A0%90,/assets/naver-courses/7315ae02cc5317f816d92bbb.jpg,검수완료
course-00069,노란돼지 → 사당1동먹자골목상점가 → 스타벅스 사당역점 코스,노란돼지,서울 동작구 동작대로7길 97,노란돼지 → 사당1동먹자골목상점가 → 스타벅스 사당역점,"관광, 음식점, 카페",노란돼지 사당 | 노란돼지 방배 | 노란돼지 동작대로7길 97 | 노란돼지 사당 서울 동작구 동작대로7길 97,https://search.naver.com/search.naver?where=image&query=%EB%85%B8%EB%9E%80%EB%8F%BC%EC%A7%80%20%EC%82%AC%EB%8B%B9,/assets/naver-courses/bf16d49f8d4a5e2af646364f.jpg,검수완료
course-00070,건국대학교 일감호 → 롯데월드 어드벤처 코스,건국대학교 일감호,서울 광진구 능동로 120,건국대학교 일감호 → 롯데월드 어드벤처,관광,건국대학교 일감호 | 건대 일감호 | 일감호 | 건국대학교 일감호 서울 광진구 능동로 120,https://search.naver.com/search.naver?where=image&query=%EA%B1%B4%EA%B5%AD%EB%8C%80%ED%95%99%EA%B5%90%20%EC%9D%BC%EA%B0%90%ED%98%B8,/assets/naver-courses/c0e7c64edf63a867a2625c46.jpg,검수완료
course-00071,태양커피 서울사당점 → 명인시골통닭 사당점 → 사당1동먹자골목상점가 코스,태양커피 서울사당점,서울 서초구 방배천로 32,태양커피 서울사당점 → 명인시골통닭 사당점 → 사당1동먹자골목상점가,"관광, 음식점, 카페",태양커피 사당점 | 사당 태양커피 | 태양커피 방배천로 32 | 태양커피 사당점 서울 서초구 방배천로 32,https://search.naver.com/search.naver?where=image&query=%ED%83%9C%EC%96%91%EC%BB%A4%ED%94%BC%20%EC%82%AC%EB%8B%B9%EC%A0%90,/assets/naver-courses/ce52b9a003b80b598845c8da.jpg,검수완료
course-00072,로얄마카롱 → 스머프매직포레스트 → 까사생갈비 코스,로얄마카롱,,로얄마카롱 → 스머프매직포레스트 → 까사생갈비,"관광, 음식점, 카페",로얄마카롱 | 서울 로얄마카롱 | 로얄마카롱 매장,https://search.naver.com/search.naver?where=image&query=%EB%A1%9C%EC%96%84%EB%A7%88%EC%B9%B4%EB%A1%B1,/assets/naver-courses/50d6bddd6c8cc68de9dfb8f0.jpg,검수완료
course-00073,브이스퀘어 → 아트팩토리체험공방 코스,브이스퀘어,서울 광진구 아차산로 272,브이스퀘어 → 아트팩토리체험공방,"전시, 체험",브이스퀘어 건대 | 브이스퀘어 롯데시네마 | V SQUARE 건대입구 | 브이스퀘어 건대 서울 광진구 아차산로 272,https://search.naver.com/search.naver?where=image&query=%EB%B8%8C%EC%9D%B4%EC%8A%A4%ED%80%98%EC%96%B4%20%EA%B1%B4%EB%8C%80,/assets/naver-courses/afdbb20f06add4b214abf32e.jpg,검수완료
course-00074,구씨네부엌 → 홍대걷고싶은거리 → 토로스쇼핑타워 코스,구씨네부엌,,구씨네부엌 → 홍대걷고싶은거리 → 토로스쇼핑타워,"관광, 쇼핑, 음식점","구씨네부엌 | 홍대 구씨네 부엌 | 구씨네부엌 신촌 | 홍대 구씨네부엌 피자 | 구씨네부엌 파스타 | ""구씨네부엌""",https://search.naver.com/search.naver?where=image&query=%EA%B5%AC%EC%94%A8%EB%84%A4%EB%B6%80%EC%97%8C,/assets/naver-courses/a1f0c388748e47e8fc7b8b29.jpg,검수완료
course-00075,잠실지하광장 쇼핑센터 → 구씨네부엌 코스,잠실지하광장 쇼핑센터,서울 송파구 잠실로 지하 156,잠실지하광장 쇼핑센터 → 구씨네부엌,"쇼핑, 음식점",잠실지하광장 쇼핑센터 | 잠실 지하광장 | 잠실지하광장 상가 | 잠실역 지하광장 | 잠실지하광장 쇼핑센터 서울 송파구 잠실로 지하 156,https://search.naver.com/search.naver?where=image&query=%EC%9E%A0%EC%8B%A4%EC%A7%80%ED%95%98%EA%B4%91%EC%9E%A5%20%EC%87%BC%ED%95%91%EC%84%BC%ED%84%B0,,사진 미완료 · 수동 검색 인계
course-00076,로얄마카롱 → 베르시 코스,로얄마카롱,,로얄마카롱 → 베르시,카페,로얄마카롱 | 서울 로얄마카롱 | 로얄마카롱 매장,https://search.naver.com/search.naver?where=image&query=%EB%A1%9C%EC%96%84%EB%A7%88%EC%B9%B4%EB%A1%B1,/assets/naver-courses/565df6314982b251e5ffcb88.jpg,검수완료
course-00077,잠실지하광장 쇼핑센터 → 신도림이도식당 코스,잠실지하광장 쇼핑센터,서울 송파구 잠실로 지하 156,잠실지하광장 쇼핑센터 → 신도림이도식당,"쇼핑, 음식점",잠실지하광장 쇼핑센터 | 잠실 지하광장 | 잠실지하광장 상가 | 잠실역 지하광장 | 잠실지하광장 쇼핑센터 서울 송파구 잠실로 지하 156,https://search.naver.com/search.naver?where=image&query=%EC%9E%A0%EC%8B%A4%EC%A7%80%ED%95%98%EA%B4%91%EC%9E%A5%20%EC%87%BC%ED%95%91%EC%84%BC%ED%84%B0,,사진 미완료 · 수동 검색 인계
course-00078,구씨네부엌 → 스페이스갤러리아 서울홍대 → 모멘트커피 코스,구씨네부엌,,구씨네부엌 → 스페이스갤러리아 서울홍대 → 모멘트커피,"음식점, 전시, 카페","구씨네부엌 | 홍대 구씨네 부엌 | 구씨네부엌 신촌 | 홍대 구씨네부엌 피자 | 구씨네부엌 파스타 | ""구씨네부엌""",https://search.naver.com/search.naver?where=image&query=%EA%B5%AC%EC%94%A8%EB%84%A4%EB%B6%80%EC%97%8C,/assets/naver-courses/4695f2a6b2e930e0eb9ae655.jpg,검수완료
course-00079,문화역서울284 → 가메골손왕만두 남대문본점 → 남대문갈치조림골목 코스,문화역서울284,서울 중구 통일로 1,문화역서울284 → 가메골손왕만두 남대문본점 → 남대문갈치조림골목,"관광, 음식점, 전시",문화역서울284 | 문화역 서울 284 | 문화역서울 284 전시 | 문화역서울284 서울 중구 통일로 1,https://search.naver.com/search.naver?where=image&query=%EB%AC%B8%ED%99%94%EC%97%AD%EC%84%9C%EC%9A%B8284,/assets/naver-courses/be4c7a2c763836427f0e6d17.jpg,검수완료
course-00080,잠실지하광장 쇼핑센터 → 에비뉴엘아트홀 → 서울스카이 코스,잠실지하광장 쇼핑센터,서울 송파구 잠실로 지하 156,잠실지하광장 쇼핑센터 → 에비뉴엘아트홀 → 서울스카이,"관광, 쇼핑, 전시",잠실지하광장 쇼핑센터 | 잠실 지하광장 | 잠실지하광장 상가 | 잠실역 지하광장 | 잠실지하광장 쇼핑센터 서울 송파구 잠실로 지하 156,https://search.naver.com/search.naver?where=image&query=%EC%9E%A0%EC%8B%A4%EC%A7%80%ED%95%98%EA%B4%91%EC%9E%A5%20%EC%87%BC%ED%95%91%EC%84%BC%ED%84%B0,,사진 미완료 · 수동 검색 인계
course-00081,만동제과 → 베르시 코스,만동제과,서울 서대문구 연희로 32,만동제과 → 베르시,"음식점, 카페",만동제과 연남점 | 만동제과 홍대 | 만동제과 연희로 32 | 만동제과 연남점 서울 서대문구 연희로 32,https://search.naver.com/search.naver?where=image&query=%EB%A7%8C%EB%8F%99%EC%A0%9C%EA%B3%BC%20%EC%97%B0%EB%82%A8%EC%A0%90,/assets/naver-courses/9be1cb91e7ff7c3462ff3220.jpg,검수완료
course-00082,잠실지하광장 쇼핑센터 → 서울스카이 → 롯데갤러리아트홀 코스,잠실지하광장 쇼핑센터,서울 송파구 잠실로 지하 156,잠실지하광장 쇼핑센터 → 서울스카이 → 롯데갤러리아트홀,"관광, 쇼핑, 전시",잠실지하광장 쇼핑센터 | 잠실 지하광장 | 잠실지하광장 상가 | 잠실역 지하광장 | 잠실지하광장 쇼핑센터 서울 송파구 잠실로 지하 156,https://search.naver.com/search.naver?where=image&query=%EC%9E%A0%EC%8B%A4%EC%A7%80%ED%95%98%EA%B4%91%EC%9E%A5%20%EC%87%BC%ED%95%91%EC%84%BC%ED%84%B0,/assets/naver-courses/5152a6a20827771f4fdd6e6e.jpg,검수완료
course-00083,문화역서울284 → 이이네 → 백범광장 코스,문화역서울284,서울 중구 통일로 1,문화역서울284 → 이이네 → 백범광장,"관광, 음식점, 전시",문화역서울284 | 문화역 서울 284 | 문화역서울 284 전시 | 문화역서울284 서울 중구 통일로 1,https://search.naver.com/search.naver?where=image&query=%EB%AC%B8%ED%99%94%EC%97%AD%EC%84%9C%EC%9A%B8284,/assets/naver-courses/b66f1bec86c12e3e8ef92708.jpg,검수완료
course-00084,문화역서울284 → 숭례문 → 희락갈치 코스,문화역서울284,서울 중구 통일로 1,문화역서울284 → 숭례문 → 희락갈치,"관광, 음식점, 전시",문화역서울284 | 문화역 서울 284 | 문화역서울 284 전시 | 문화역서울284 서울 중구 통일로 1,https://search.naver.com/search.naver?where=image&query=%EB%AC%B8%ED%99%94%EC%97%AD%EC%84%9C%EC%9A%B8284,/assets/naver-courses/cfbf56ba2a7750ba92e02bba.jpg,검수완료
course-00085,정동전망대 → 덕수정 → 전광수커피하우스 정동점 코스,정동전망대,서울 중구 덕수궁길 15,정동전망대 → 덕수정 → 전광수커피하우스 정동점,"관광, 음식점, 카페",정동전망대 | 정동 전망대 | 정동전망대 덕수궁 | 정동전망대 서울 중구 덕수궁길 15,https://search.naver.com/search.naver?where=image&query=%EC%A0%95%EB%8F%99%EC%A0%84%EB%A7%9D%EB%8C%80,/assets/naver-courses/0c824d3e381791620191f290.jpg,검수완료
course-00086,구씨네부엌 → 아트팩토리체험공방 코스,구씨네부엌,,구씨네부엌 → 아트팩토리체험공방,"음식점, 체험","구씨네부엌 | 홍대 구씨네 부엌 | 구씨네부엌 신촌 | 홍대 구씨네부엌 피자 | 구씨네부엌 파스타 | ""구씨네부엌""",https://search.naver.com/search.naver?where=image&query=%EA%B5%AC%EC%94%A8%EB%84%A4%EB%B6%80%EC%97%8C,/assets/naver-courses/0c1d23ef2192b300f5784f5a.jpg,검수완료
course-00087,만동제과 → 성동 AI미래기술체험센터 코스,만동제과,서울 서대문구 연희로 32,만동제과 → 성동 AI미래기술체험센터,"음식점, 체험",만동제과 연남점 | 만동제과 홍대 | 만동제과 연희로 32 | 만동제과 연남점 서울 서대문구 연희로 32,https://search.naver.com/search.naver?where=image&query=%EB%A7%8C%EB%8F%99%EC%A0%9C%EA%B3%BC%20%EC%97%B0%EB%82%A8%EC%A0%90,/assets/naver-courses/6bc6f51727c654c9042c7897.jpg,검수완료
course-00089,일편등심 강남 → 무신사 스토어 강남 → 루프808 코스,일편등심 강남,서울 강남구 테헤란로1길 20,일편등심 강남 → 무신사 스토어 강남 → 루프808,"쇼핑, 음식점, 카페",일편등심 강남점 | 강남 일편등심 | 일편등심 테헤란로1길 20 | 일편등심 강남점 서울 강남구 테헤란로1길 20,https://search.naver.com/search.naver?where=image&query=%EC%9D%BC%ED%8E%B8%EB%93%B1%EC%8B%AC%20%EA%B0%95%EB%82%A8%EC%A0%90,,사진 미완료 · 수동 검색 인계
course-00090,신도림이도식당 → 구캔갤러리 → 에스프리노블 코스,신도림이도식당,서울 구로구 경인로 661,신도림이도식당 → 구캔갤러리 → 에스프리노블,"음식점, 전시, 카페",신도림 이도식당 | 이도식당 신도림 | 이도식당 경인로 661 | 신도림 이도식당 서울 구로구 경인로 661,https://search.naver.com/search.naver?where=image&query=%EC%8B%A0%EB%8F%84%EB%A6%BC%20%EC%9D%B4%EB%8F%84%EC%8B%9D%EB%8B%B9,/assets/naver-courses/f977561f22e8c69a1b24a75f.jpg,검수완료
course-00091,그라운드시소 센트럴 → 홍대걷고싶은거리 코스,그라운드시소 센트럴,서울 중구 세종대로 14,그라운드시소 센트럴 → 홍대걷고싶은거리,"관광, 전시",그라운드시소 센트럴 | 센트럴 그라운드시소 | 그라운드시소 센트럴 전시 | 그라운드시소 센트럴 서울 중구 세종대로 14,https://search.naver.com/search.naver?where=image&query=%EA%B7%B8%EB%9D%BC%EC%9A%B4%EB%93%9C%EC%8B%9C%EC%86%8C%20%EC%84%BC%ED%8A%B8%EB%9F%B4,/assets/naver-courses/4e842b261d7227d7514da466.jpg,검수완료
course-00092,구씨네부엌 → 일편등심 강남 코스,구씨네부엌,,구씨네부엌 → 일편등심 강남,음식점,"구씨네부엌 | 홍대 구씨네 부엌 | 구씨네부엌 신촌 | 홍대 구씨네부엌 피자 | 구씨네부엌 파스타 | ""구씨네부엌""",https://search.naver.com/search.naver?where=image&query=%EA%B5%AC%EC%94%A8%EB%84%A4%EB%B6%80%EC%97%8C,/assets/naver-courses/6628c03f26c52c9b70b352a7.jpg,검수완료
course-00093,갓잇 문래점 → 롯데월드 어드벤처 코스,갓잇 문래점,서울 영등포구 경인로77길 14,갓잇 문래점 → 롯데월드 어드벤처,"관광, 음식점",갓잇 문래점 | 문래 갓잇 | 갓잇 경인로77길 14 | 갓잇 문래점 서울 영등포구 경인로77길 14,https://search.naver.com/search.naver?where=image&query=%EA%B0%93%EC%9E%87%20%EB%AC%B8%EB%9E%98%EC%A0%90,/assets/naver-courses/57eb7cd6bfa046f9bc80a8b8.jpg,검수완료
course-00095,문화역서울284 → 남대문칼국수골목 → 희락갈치 코스,문화역서울284,서울 중구 통일로 1,문화역서울284 → 남대문칼국수골목 → 희락갈치,"관광, 음식점, 전시",문화역서울284 | 문화역 서울 284 | 문화역서울 284 전시 | 문화역서울284 서울 중구 통일로 1,https://search.naver.com/search.naver?where=image&query=%EB%AC%B8%ED%99%94%EC%97%AD%EC%84%9C%EC%9A%B8284,/assets/naver-courses/b20f86be55e175f0f4eeaf1a.jpg,검수완료
course-00096,노란돼지 → 사당1동먹자골목상점가 → 파스텔시티 코스,노란돼지,서울 동작구 동작대로7길 97,노란돼지 → 사당1동먹자골목상점가 → 파스텔시티,"관광, 쇼핑, 음식점",노란돼지 사당 | 노란돼지 방배 | 노란돼지 동작대로7길 97 | 노란돼지 사당 서울 동작구 동작대로7길 97,https://search.naver.com/search.naver?where=image&query=%EB%85%B8%EB%9E%80%EB%8F%BC%EC%A7%80%20%EC%82%AC%EB%8B%B9,/assets/naver-courses/5f3dc3fe17c5b9e1f1efe30b.jpg,검수완료
course-00097,잠실지하광장 쇼핑센터 → 롯데월드 어드벤처 → 이머시브플랫폼딥 코스,잠실지하광장 쇼핑센터,서울 송파구 잠실로 지하 156,잠실지하광장 쇼핑센터 → 롯데월드 어드벤처 → 이머시브플랫폼딥,"관광, 쇼핑, 전시",잠실지하광장 쇼핑센터 | 잠실 지하광장 | 잠실지하광장 상가 | 잠실역 지하광장 | 잠실지하광장 쇼핑센터 서울 송파구 잠실로 지하 156,https://search.naver.com/search.naver?where=image&query=%EC%9E%A0%EC%8B%A4%EC%A7%80%ED%95%98%EA%B4%91%EC%9E%A5%20%EC%87%BC%ED%95%91%EC%84%BC%ED%84%B0,/assets/naver-courses/977a54c1746eac74514642e0.jpg,검수완료
course-00099,만동제과 → 버터앤쉘터 연남점 → 서울명예도로 끼리끼리5길 코스,만동제과,서울 서대문구 연희로 32,만동제과 → 버터앤쉘터 연남점 → 서울명예도로 끼리끼리5길,"관광, 음식점, 카페",만동제과 연남점 | 만동제과 홍대 | 만동제과 연희로 32 | 만동제과 연남점 서울 서대문구 연희로 32,https://search.naver.com/search.naver?where=image&query=%EB%A7%8C%EB%8F%99%EC%A0%9C%EA%B3%BC%20%EC%97%B0%EB%82%A8%EC%A0%90,/assets/naver-courses/3b9e69178cccd173e9cbee87.jpg,검수완료
course-00100,커넥트투 → 베르시 코스,커넥트투,서울 송파구 올림픽로 300,커넥트투 → 베르시,"전시, 카페",커넥트투 잠실 | 커넥트투 롯데월드몰 | CONNECT TO 잠실 | 커넥트투 잠실 서울 송파구 올림픽로 300,https://search.naver.com/search.naver?where=image&query=%EC%BB%A4%EB%84%A5%ED%8A%B8%ED%88%AC%20%EC%9E%A0%EC%8B%A4,/assets/naver-courses/e8e7f648e61914a40de0be8a.jpg,검수완료
course-00101,구씨네부엌 → 정동전망대 코스,구씨네부엌,,구씨네부엌 → 정동전망대,"관광, 음식점","구씨네부엌 | 홍대 구씨네 부엌 | 구씨네부엌 신촌 | 홍대 구씨네부엌 피자 | 구씨네부엌 파스타 | ""구씨네부엌""",https://search.naver.com/search.naver?where=image&query=%EA%B5%AC%EC%94%A8%EB%84%A4%EB%B6%80%EC%97%8C,/assets/naver-courses/1906cad07d7d784814a7e29e.jpg,검수완료
course-00102,구씨네부엌 → 덕스(DUEX) → 모멘트커피 코스,구씨네부엌,,구씨네부엌 → 덕스(DUEX) → 모멘트커피,"음식점, 전시, 카페","구씨네부엌 | 홍대 구씨네 부엌 | 구씨네부엌 신촌 | 홍대 구씨네부엌 피자 | 구씨네부엌 파스타 | ""구씨네부엌""",https://search.naver.com/search.naver?where=image&query=%EA%B5%AC%EC%94%A8%EB%84%A4%EB%B6%80%EC%97%8C,/assets/naver-courses/b72e0f0cf4c2095cdbe156e5.jpg,검수완료
course-00103,잠실지하광장 쇼핑센터 → 롯데갤러리아트홀 → 서울스카이 코스,잠실지하광장 쇼핑센터,서울 송파구 잠실로 지하 156,잠실지하광장 쇼핑센터 → 롯데갤러리아트홀 → 서울스카이,"관광, 쇼핑, 전시",잠실지하광장 쇼핑센터 | 잠실 지하광장 | 잠실지하광장 상가 | 잠실역 지하광장 | 잠실지하광장 쇼핑센터 서울 송파구 잠실로 지하 156,https://search.naver.com/search.naver?where=image&query=%EC%9E%A0%EC%8B%A4%EC%A7%80%ED%95%98%EA%B4%91%EC%9E%A5%20%EC%87%BC%ED%95%91%EC%84%BC%ED%84%B0,/assets/naver-courses/34bd334812af39f0004ae0b2.jpg,검수완료
course-00104,노란돼지 → 스타벅스 사당점 → 파스텔시티 코스,노란돼지,서울 동작구 동작대로7길 97,노란돼지 → 스타벅스 사당점 → 파스텔시티,"쇼핑, 음식점, 카페",노란돼지 사당 | 노란돼지 방배 | 노란돼지 동작대로7길 97 | 노란돼지 사당 서울 동작구 동작대로7길 97,https://search.naver.com/search.naver?where=image&query=%EB%85%B8%EB%9E%80%EB%8F%BC%EC%A7%80%20%EC%82%AC%EB%8B%B9,/assets/naver-courses/5b87c45946302491c58f65cf.jpg,검수완료
course-00105,정동전망대 → 신도림이도식당 코스,정동전망대,서울 중구 덕수궁길 15,정동전망대 → 신도림이도식당,"관광, 음식점",정동전망대 | 정동 전망대 | 정동전망대 덕수궁 | 정동전망대 서울 중구 덕수궁길 15,https://search.naver.com/search.naver?where=image&query=%EC%A0%95%EB%8F%99%EC%A0%84%EB%A7%9D%EB%8C%80,/assets/naver-courses/adb15c0be0fc56051287ef77.jpg,검수완료
course-00106,잠실지하광장 쇼핑센터 → 에비뉴엘아트홀 → 한정선 잠실롯데월드몰점 코스,잠실지하광장 쇼핑센터,서울 송파구 잠실로 지하 156,잠실지하광장 쇼핑센터 → 에비뉴엘아트홀 → 한정선 잠실롯데월드몰점,"쇼핑, 전시, 카페",잠실지하광장 쇼핑센터 | 잠실 지하광장 | 잠실지하광장 상가 | 잠실역 지하광장 | 잠실지하광장 쇼핑센터 서울 송파구 잠실로 지하 156,https://search.naver.com/search.naver?where=image&query=%EC%9E%A0%EC%8B%A4%EC%A7%80%ED%95%98%EA%B4%91%EC%9E%A5%20%EC%87%BC%ED%95%91%EC%84%BC%ED%84%B0,/assets/naver-courses/8730aad9201b01018cd2af76.jpg,검수완료
course-00107,구씨네부엌 → 4233 마음센터 연남점 → 모멘트커피 코스,구씨네부엌,,구씨네부엌 → 4233 마음센터 연남점 → 모멘트커피,"음식점, 전시, 카페","구씨네부엌 | 홍대 구씨네 부엌 | 구씨네부엌 신촌 | 홍대 구씨네부엌 피자 | 구씨네부엌 파스타 | ""구씨네부엌""",https://search.naver.com/search.naver?where=image&query=%EA%B5%AC%EC%94%A8%EB%84%A4%EB%B6%80%EC%97%8C,/assets/naver-courses/f36efff4865e23d2d434647e.jpg,검수완료
course-00108,문화역서울284 → 베르시 → 만리재 코스,문화역서울284,서울 중구 통일로 1,문화역서울284 → 베르시 → 만리재,"관광, 전시, 카페",문화역서울284 | 문화역 서울 284 | 문화역서울 284 전시 | 문화역서울284 서울 중구 통일로 1,https://search.naver.com/search.naver?where=image&query=%EB%AC%B8%ED%99%94%EC%97%AD%EC%84%9C%EC%9A%B8284,/assets/naver-courses/b8731d422b8489e9903ae6a5.jpg,검수완료
course-00109,잠실지하광장 쇼핑센터 → 서울스카이 → 한정선 잠실롯데월드몰점 코스,잠실지하광장 쇼핑센터,서울 송파구 잠실로 지하 156,잠실지하광장 쇼핑센터 → 서울스카이 → 한정선 잠실롯데월드몰점,"관광, 쇼핑, 카페",잠실지하광장 쇼핑센터 | 잠실 지하광장 | 잠실지하광장 상가 | 잠실역 지하광장 | 잠실지하광장 쇼핑센터 서울 송파구 잠실로 지하 156,https://search.naver.com/search.naver?where=image&query=%EC%9E%A0%EC%8B%A4%EC%A7%80%ED%95%98%EA%B4%91%EC%9E%A5%20%EC%87%BC%ED%95%91%EC%84%BC%ED%84%B0,,사진 미완료 · 수동 검색 인계
course-00110,문화역서울284 → 현대수산 → 비에이글 코스,문화역서울284,서울 중구 통일로 1,문화역서울284 → 현대수산 → 비에이글,"음식점, 전시, 카페",문화역서울284 | 문화역 서울 284 | 문화역서울 284 전시 | 문화역서울284 서울 중구 통일로 1,https://search.naver.com/search.naver?where=image&query=%EB%AC%B8%ED%99%94%EC%97%AD%EC%84%9C%EC%9A%B8284,/assets/naver-courses/46f402fcb97b9a0ad1f223ac.jpg,검수완료
course-00111,구씨네부엌 → 스페이스갤러리아 서울홍대 → 테이블에이 코스,구씨네부엌,,구씨네부엌 → 스페이스갤러리아 서울홍대 → 테이블에이,"관광, 음식점, 전시","구씨네부엌 | 홍대 구씨네 부엌 | 구씨네부엌 신촌 | 홍대 구씨네부엌 피자 | 구씨네부엌 파스타 | ""구씨네부엌""",https://search.naver.com/search.naver?where=image&query=%EA%B5%AC%EC%94%A8%EB%84%A4%EB%B6%80%EC%97%8C,/assets/naver-courses/c48ef095278de2bb84e6174a.jpg,검수완료
course-00112,그라운드시소 센트럴 → 롯데월드 어드벤처 코스,그라운드시소 센트럴,서울 중구 세종대로 14,그라운드시소 센트럴 → 롯데월드 어드벤처,"관광, 전시",그라운드시소 센트럴 | 센트럴 그라운드시소 | 그라운드시소 센트럴 전시 | 그라운드시소 센트럴 서울 중구 세종대로 14,https://search.naver.com/search.naver?where=image&query=%EA%B7%B8%EB%9D%BC%EC%9A%B4%EB%93%9C%EC%8B%9C%EC%86%8C%20%EC%84%BC%ED%8A%B8%EB%9F%B4,/assets/naver-courses/0fd360e4b1c57e414985c770.jpg,검수완료
course-00113,일편등심 강남 → 아트팩토리체험공방 코스,일편등심 강남,서울 강남구 테헤란로1길 20,일편등심 강남 → 아트팩토리체험공방,"음식점, 체험",일편등심 강남점 | 강남 일편등심 | 일편등심 테헤란로1길 20 | 일편등심 강남점 서울 강남구 테헤란로1길 20,https://search.naver.com/search.naver?where=image&query=%EC%9D%BC%ED%8E%B8%EB%93%B1%EC%8B%AC%20%EA%B0%95%EB%82%A8%EC%A0%90,,사진 미완료 · 수동 검색 인계
course-00114,문화역서울284 → 현대수산 → 스타벅스 충정로역점 코스,문화역서울284,서울 중구 통일로 1,문화역서울284 → 현대수산 → 스타벅스 충정로역점,"음식점, 전시, 카페",문화역서울284 | 문화역 서울 284 | 문화역서울 284 전시 | 문화역서울284 서울 중구 통일로 1,https://search.naver.com/search.naver?where=image&query=%EB%AC%B8%ED%99%94%EC%97%AD%EC%84%9C%EC%9A%B8284,,사진 미완료 · 수동 검색 인계
course-00115,로얄마카롱 → 현대수산 코스,로얄마카롱,,로얄마카롱 → 현대수산,"음식점, 카페",로얄마카롱 | 서울 로얄마카롱 | 로얄마카롱 매장,https://search.naver.com/search.naver?where=image&query=%EB%A1%9C%EC%96%84%EB%A7%88%EC%B9%B4%EB%A1%B1,/assets/naver-courses/1861348433cab9afd3c01db1.jpg,검수완료
course-00116,일편등심 강남 → 셀렉티드닉스 → 이바인체험샵 코스,일편등심 강남,서울 강남구 테헤란로1길 20,일편등심 강남 → 셀렉티드닉스 → 이바인체험샵,"쇼핑, 음식점, 카페",일편등심 강남점 | 강남 일편등심 | 일편등심 테헤란로1길 20 | 일편등심 강남점 서울 강남구 테헤란로1길 20,https://search.naver.com/search.naver?where=image&query=%EC%9D%BC%ED%8E%B8%EB%93%B1%EC%8B%AC%20%EA%B0%95%EB%82%A8%EC%A0%90,/assets/naver-courses/ef9886d74560503a5244f9ac.jpg,검수완료
course-00117,노란돼지 → 스타벅스 사당역점 → 파스텔시티 코스,노란돼지,서울 동작구 동작대로7길 97,노란돼지 → 스타벅스 사당역점 → 파스텔시티,"쇼핑, 음식점, 카페",노란돼지 사당 | 노란돼지 방배 | 노란돼지 동작대로7길 97 | 노란돼지 사당 서울 동작구 동작대로7길 97,https://search.naver.com/search.naver?where=image&query=%EB%85%B8%EB%9E%80%EB%8F%BC%EC%A7%80%20%EC%82%AC%EB%8B%B9,/assets/naver-courses/ca3ca979881ab082a5e06942.jpg,검수완료
course-00118,신도림이도식당 → 더세인트41 → 구캔갤러리 코스,신도림이도식당,서울 구로구 경인로 661,신도림이도식당 → 더세인트41 → 구캔갤러리,"음식점, 전시, 카페",신도림 이도식당 | 이도식당 신도림 | 이도식당 경인로 661 | 신도림 이도식당 서울 구로구 경인로 661,https://search.naver.com/search.naver?where=image&query=%EC%8B%A0%EB%8F%84%EB%A6%BC%20%EC%9D%B4%EB%8F%84%EC%8B%9D%EB%8B%B9,/assets/naver-courses/78cfd201d9d2c71e07e15604.jpg,검수완료
course-00119,아트팩토리체험공방 → 문화역서울284 코스,아트팩토리체험공방,서울 성동구 왕십리로 241,아트팩토리체험공방 → 문화역서울284,"전시, 체험",아트팩토리 체험공방 | 아트팩토리 왕십리 | 아트팩토리 왕십리로 241 | 아트팩토리 체험공방 서울 성동구 왕십리로 241,https://search.naver.com/search.naver?where=image&query=%EC%95%84%ED%8A%B8%ED%8C%A9%ED%86%A0%EB%A6%AC%20%EC%B2%B4%ED%97%98%EA%B3%B5%EB%B0%A9,,사진 미완료 · 수동 검색 인계
course-00120,커넥트투 → 롯데월드타워&롯데월드몰 → 한정선 잠실롯데월드몰점 코스,커넥트투,서울 송파구 올림픽로 300,커넥트투 → 롯데월드타워&롯데월드몰 → 한정선 잠실롯데월드몰점,"쇼핑, 전시, 카페",커넥트투 잠실 | 커넥트투 롯데월드몰 | CONNECT TO 잠실 | 커넥트투 잠실 서울 송파구 올림픽로 300,https://search.naver.com/search.naver?where=image&query=%EC%BB%A4%EB%84%A5%ED%8A%B8%ED%88%AC%20%EC%9E%A0%EC%8B%A4,/assets/naver-courses/cc71d1d41f3c577f58301149.jpg,검수완료
course-00121,정동전망대 → 농민백암순대 시청직영점 → 커피스니퍼 코스,정동전망대,서울 중구 덕수궁길 15,정동전망대 → 농민백암순대 시청직영점 → 커피스니퍼,"관광, 음식점, 카페",정동전망대 | 정동 전망대 | 정동전망대 덕수궁 | 정동전망대 서울 중구 덕수궁길 15,https://search.naver.com/search.naver?where=image&query=%EC%A0%95%EB%8F%99%EC%A0%84%EB%A7%9D%EB%8C%80,/assets/naver-courses/79cc5bdc7a7811b25903cc70.jpg,검수완료
course-00122,브이스퀘어 → 정동전망대 코스,브이스퀘어,서울 광진구 아차산로 272,브이스퀘어 → 정동전망대,"관광, 전시",브이스퀘어 건대 | 브이스퀘어 롯데시네마 | V SQUARE 건대입구 | 브이스퀘어 건대 서울 광진구 아차산로 272,https://search.naver.com/search.naver?where=image&query=%EB%B8%8C%EC%9D%B4%EC%8A%A4%ED%80%98%EC%96%B4%20%EA%B1%B4%EB%8C%80,,사진 미완료 · 수동 검색 인계
course-00123,구씨네부엌 → 홍대걷고싶은거리 → 홍대갤러리 키르큐펠 코스,구씨네부엌,,구씨네부엌 → 홍대걷고싶은거리 → 홍대갤러리 키르큐펠,"관광, 음식점, 전시","구씨네부엌 | 홍대 구씨네 부엌 | 구씨네부엌 신촌 | 홍대 구씨네부엌 피자 | 구씨네부엌 파스타 | ""구씨네부엌""",https://search.naver.com/search.naver?where=image&query=%EA%B5%AC%EC%94%A8%EB%84%A4%EB%B6%80%EC%97%8C,/assets/naver-courses/c8c4f5b75a6351acab170b7a.jpg,검수완료
course-00124,문화역서울284 → 숭례문 → 가메골손왕만두 남대문본점 코스,문화역서울284,서울 중구 통일로 1,문화역서울284 → 숭례문 → 가메골손왕만두 남대문본점,"관광, 음식점, 전시",문화역서울284 | 문화역 서울 284 | 문화역서울 284 전시 | 문화역서울284 서울 중구 통일로 1,https://search.naver.com/search.naver?where=image&query=%EB%AC%B8%ED%99%94%EC%97%AD%EC%84%9C%EC%9A%B8284,/assets/naver-courses/ac7612efab097d6dca05d252.jpg,검수완료
course-00125,잠실지하광장 쇼핑센터 → 롯데갤러리아트홀 → 한정선 잠실롯데월드몰점 코스,잠실지하광장 쇼핑센터,서울 송파구 잠실로 지하 156,잠실지하광장 쇼핑센터 → 롯데갤러리아트홀 → 한정선 잠실롯데월드몰점,"쇼핑, 전시, 카페",잠실지하광장 쇼핑센터 | 잠실 지하광장 | 잠실지하광장 상가 | 잠실역 지하광장 | 잠실지하광장 쇼핑센터 서울 송파구 잠실로 지하 156,https://search.naver.com/search.naver?where=image&query=%EC%9E%A0%EC%8B%A4%EC%A7%80%ED%95%98%EA%B4%91%EC%9E%A5%20%EC%87%BC%ED%95%91%EC%84%BC%ED%84%B0,/assets/naver-courses/db6632f0ac986a6a6f8d4026.jpg,검수완료
course-00126,만동제과 → AC'SCENT(악센트) → 독수리다방 코스,만동제과,서울 서대문구 연희로 32,만동제과 → AC'SCENT(악센트) → 독수리다방,"음식점, 전시, 카페",만동제과 연남점 | 만동제과 홍대 | 만동제과 연희로 32 | 만동제과 연남점 서울 서대문구 연희로 32,https://search.naver.com/search.naver?where=image&query=%EB%A7%8C%EB%8F%99%EC%A0%9C%EA%B3%BC%20%EC%97%B0%EB%82%A8%EC%A0%90,/assets/naver-courses/11c9855fdf0e09e6096d90d3.jpg,검수완료
course-00127,구씨네부엌 → 덕스(DUEX) → 테이블에이 코스,구씨네부엌,,구씨네부엌 → 덕스(DUEX) → 테이블에이,"관광, 음식점, 전시","구씨네부엌 | 홍대 구씨네 부엌 | 구씨네부엌 신촌 | 홍대 구씨네부엌 피자 | 구씨네부엌 파스타 | ""구씨네부엌""",https://search.naver.com/search.naver?where=image&query=%EA%B5%AC%EC%94%A8%EB%84%A4%EB%B6%80%EC%97%8C,/assets/naver-courses/3a62434d0bc18e3877aa09a5.jpg,검수완료
course-00128,문화역서울284 → 이이네 → 엘카페커피로스터스 코스,문화역서울284,서울 중구 통일로 1,문화역서울284 → 이이네 → 엘카페커피로스터스,"음식점, 전시, 카페",문화역서울284 | 문화역 서울 284 | 문화역서울 284 전시 | 문화역서울284 서울 중구 통일로 1,https://search.naver.com/search.naver?where=image&query=%EB%AC%B8%ED%99%94%EC%97%AD%EC%84%9C%EC%9A%B8284,/assets/naver-courses/ac22b648dae4263567ce7a6a.jpg,검수완료
course-00129,일편등심 강남 → 동대문디자인플라자 디자인전시관 코스,일편등심 강남,서울 강남구 테헤란로1길 20,일편등심 강남 → 동대문디자인플라자 디자인전시관,"음식점, 전시",일편등심 강남점 | 강남 일편등심 | 일편등심 테헤란로1길 20 | 일편등심 강남점 서울 강남구 테헤란로1길 20,https://search.naver.com/search.naver?where=image&query=%EC%9D%BC%ED%8E%B8%EB%93%B1%EC%8B%AC%20%EA%B0%95%EB%82%A8%EC%A0%90,/assets/naver-courses/0acdb30cf1ab9ad5e8cf9d34.jpg,검수완료
course-00130,문화역서울284 → 남대문칼국수골목 → 텐스퀘어 오슬로 회현 코스,문화역서울284,서울 중구 통일로 1,문화역서울284 → 남대문칼국수골목 → 텐스퀘어 오슬로 회현,"관광, 전시, 카페",문화역서울284 | 문화역 서울 284 | 문화역서울 284 전시 | 문화역서울284 서울 중구 통일로 1,https://search.naver.com/search.naver?where=image&query=%EB%AC%B8%ED%99%94%EC%97%AD%EC%84%9C%EC%9A%B8284,/assets/naver-courses/ea7ad4a9f2f1c7e366ac7f0c.jpg,검수완료
course-00131,그라운드시소 센트럴 → 가메골손왕만두 남대문본점 → 남대문칼국수골목 코스,그라운드시소 센트럴,서울 중구 세종대로 14,그라운드시소 센트럴 → 가메골손왕만두 남대문본점 → 남대문칼국수골목,"관광, 음식점, 전시",그라운드시소 센트럴 | 센트럴 그라운드시소 | 그라운드시소 센트럴 전시 | 그라운드시소 센트럴 서울 중구 세종대로 14,https://search.naver.com/search.naver?where=image&query=%EA%B7%B8%EB%9D%BC%EC%9A%B4%EB%93%9C%EC%8B%9C%EC%86%8C%20%EC%84%BC%ED%8A%B8%EB%9F%B4,/assets/naver-courses/ce5e961adaf6ca42caceca4a.jpg,검수완료
course-00132,노란돼지 → 구씨네부엌 코스,노란돼지,서울 동작구 동작대로7길 97,노란돼지 → 구씨네부엌,음식점,노란돼지 사당 | 노란돼지 방배 | 노란돼지 동작대로7길 97 | 노란돼지 사당 서울 동작구 동작대로7길 97,https://search.naver.com/search.naver?where=image&query=%EB%85%B8%EB%9E%80%EB%8F%BC%EC%A7%80%20%EC%82%AC%EB%8B%B9,/assets/naver-courses/c3837769f0ccbe7add934965.jpg,검수완료
course-00133,동대문디자인플라자 디자인전시관 → 동대문지하쇼핑센터 → 진옥화할매원조닭한마리 본점 코스,동대문디자인플라자 디자인전시관,서울 중구 을지로 281,동대문디자인플라자 디자인전시관 → 동대문지하쇼핑센터 → 진옥화할매원조닭한마리 본점,"쇼핑, 음식점, 전시",DDP 디자인전시관 | 동대문디자인플라자 디자인전시관 | DDP 뮤지엄 디자인전시관 | DDP 디자인전시관 서울 중구 을지로 281,https://search.naver.com/search.naver?where=image&query=DDP%20%EB%94%94%EC%9E%90%EC%9D%B8%EC%A0%84%EC%8B%9C%EA%B4%80,/assets/naver-courses/7af0339064ff236d306fc07f.jpg,검수완료
course-00134,일편등심 강남 → 셀렉티드닉스 → 서리풀푸드트럭존 코스,일편등심 강남,서울 강남구 테헤란로1길 20,일편등심 강남 → 셀렉티드닉스 → 서리풀푸드트럭존,"관광, 음식점, 카페",일편등심 강남점 | 강남 일편등심 | 일편등심 테헤란로1길 20 | 일편등심 강남점 서울 강남구 테헤란로1길 20,https://search.naver.com/search.naver?where=image&query=%EC%9D%BC%ED%8E%B8%EB%93%B1%EC%8B%AC%20%EA%B0%95%EB%82%A8%EC%A0%90,/assets/naver-courses/f98dc662a8560b7ea5a6bf63.jpg,검수완료
course-00135,구씨네부엌 → 토로스쇼핑타워 → 모멘트커피 코스,구씨네부엌,,구씨네부엌 → 토로스쇼핑타워 → 모멘트커피,"쇼핑, 음식점, 카페","구씨네부엌 | 홍대 구씨네 부엌 | 구씨네부엌 신촌 | 홍대 구씨네부엌 피자 | 구씨네부엌 파스타 | ""구씨네부엌""",https://search.naver.com/search.naver?where=image&query=%EA%B5%AC%EC%94%A8%EB%84%A4%EB%B6%80%EC%97%8C,/assets/naver-courses/871bd8d15fdb1c180a4b7b9f.jpg,검수완료
course-00136,로얄마카롱 → 홍대걷고싶은거리 코스,로얄마카롱,,로얄마카롱 → 홍대걷고싶은거리,"관광, 카페",로얄마카롱 | 서울 로얄마카롱 | 로얄마카롱 매장,https://search.naver.com/search.naver?where=image&query=%EB%A1%9C%EC%96%84%EB%A7%88%EC%B9%B4%EB%A1%B1,/assets/naver-courses/ddf60402208a22f834085dfb.jpg,검수완료
course-00137,태양커피 서울사당점 → 콘피 코스,태양커피 서울사당점,서울 서초구 방배천로 32,태양커피 서울사당점 → 콘피,카페,태양커피 사당점 | 사당 태양커피 | 태양커피 방배천로 32 | 태양커피 사당점 서울 서초구 방배천로 32,https://search.naver.com/search.naver?where=image&query=%ED%83%9C%EC%96%91%EC%BB%A4%ED%94%BC%20%EC%82%AC%EB%8B%B9%EC%A0%90,/assets/naver-courses/0a6f6f0a7103a9cb9a4f5588.jpg,검수완료
course-00138,잠실지하광장 쇼핑센터 → 브이스퀘어 코스,잠실지하광장 쇼핑센터,서울 송파구 잠실로 지하 156,잠실지하광장 쇼핑센터 → 브이스퀘어,"쇼핑, 전시",잠실지하광장 쇼핑센터 | 잠실 지하광장 | 잠실지하광장 상가 | 잠실역 지하광장 | 잠실지하광장 쇼핑센터 서울 송파구 잠실로 지하 156,https://search.naver.com/search.naver?where=image&query=%EC%9E%A0%EC%8B%A4%EC%A7%80%ED%95%98%EA%B4%91%EC%9E%A5%20%EC%87%BC%ED%95%91%EC%84%BC%ED%84%B0,/assets/naver-courses/13ffced4d749c37c6b00c172.jpg,검수완료
course-00139,잠실지하광장 쇼핑센터 → 한정선 잠실롯데월드몰점 → 넥스트뮤지엄 코스,잠실지하광장 쇼핑센터,서울 송파구 잠실로 지하 156,잠실지하광장 쇼핑센터 → 한정선 잠실롯데월드몰점 → 넥스트뮤지엄,"쇼핑, 전시, 카페",잠실지하광장 쇼핑센터 | 잠실 지하광장 | 잠실지하광장 상가 | 잠실역 지하광장 | 잠실지하광장 쇼핑센터 서울 송파구 잠실로 지하 156,https://search.naver.com/search.naver?where=image&query=%EC%9E%A0%EC%8B%A4%EC%A7%80%ED%95%98%EA%B4%91%EC%9E%A5%20%EC%87%BC%ED%95%91%EC%84%BC%ED%84%B0,/assets/naver-courses/2528d97fddfe0e0db078652d.jpg,검수완료
course-00140,커넥트투 → 홍대걷고싶은거리 코스,커넥트투,서울 송파구 올림픽로 300,커넥트투 → 홍대걷고싶은거리,"관광, 전시",커넥트투 잠실 | 커넥트투 롯데월드몰 | CONNECT TO 잠실 | 커넥트투 잠실 서울 송파구 올림픽로 300,https://search.naver.com/search.naver?where=image&query=%EC%BB%A4%EB%84%A5%ED%8A%B8%ED%88%AC%20%EC%9E%A0%EC%8B%A4,/assets/naver-courses/dfa39053ece7977a1959dc87.jpg,검수완료
course-00141,문화역서울284 → 가메골손왕만두 남대문본점 → 텐스퀘어 오슬로 회현 코스,문화역서울284,서울 중구 통일로 1,문화역서울284 → 가메골손왕만두 남대문본점 → 텐스퀘어 오슬로 회현,"음식점, 전시, 카페",문화역서울284 | 문화역 서울 284 | 문화역서울 284 전시 | 문화역서울284 서울 중구 통일로 1,https://search.naver.com/search.naver?where=image&query=%EB%AC%B8%ED%99%94%EC%97%AD%EC%84%9C%EC%9A%B8284,/assets/naver-courses/c4fe92bf26828eabe67a39ff.jpg,검수완료
course-00142,잠실지하광장 쇼핑센터 → 에비뉴엘아트홀 → 송파나루공원 삼전도비 코스,잠실지하광장 쇼핑센터,서울 송파구 잠실로 지하 156,잠실지하광장 쇼핑센터 → 에비뉴엘아트홀 → 송파나루공원 삼전도비,"관광, 쇼핑, 전시",잠실지하광장 쇼핑센터 | 잠실 지하광장 | 잠실지하광장 상가 | 잠실역 지하광장 | 잠실지하광장 쇼핑센터 서울 송파구 잠실로 지하 156,https://search.naver.com/search.naver?where=image&query=%EC%9E%A0%EC%8B%A4%EC%A7%80%ED%95%98%EA%B4%91%EC%9E%A5%20%EC%87%BC%ED%95%91%EC%84%BC%ED%84%B0,/assets/naver-courses/d2f5a8facdd43ea54a183920.jpg,검수완료
course-00143,구씨네부엌 → 스페이스갤러리아 서울홍대 → 더마틴 코스,구씨네부엌,,구씨네부엌 → 스페이스갤러리아 서울홍대 → 더마틴,"음식점, 전시, 카페","구씨네부엌 | 홍대 구씨네 부엌 | 구씨네부엌 신촌 | 홍대 구씨네부엌 피자 | 구씨네부엌 파스타 | ""구씨네부엌""",https://search.naver.com/search.naver?where=image&query=%EA%B5%AC%EC%94%A8%EB%84%A4%EB%B6%80%EC%97%8C,/assets/naver-courses/1eabb65c6dfeb5087a4d50fe.jpg,검수완료
course-00144,일편등심 강남 → 노란돼지 코스,일편등심 강남,서울 강남구 테헤란로1길 20,일편등심 강남 → 노란돼지,음식점,일편등심 강남점 | 강남 일편등심 | 일편등심 테헤란로1길 20 | 일편등심 강남점 서울 강남구 테헤란로1길 20,https://search.naver.com/search.naver?where=image&query=%EC%9D%BC%ED%8E%B8%EB%93%B1%EC%8B%AC%20%EA%B0%95%EB%82%A8%EC%A0%90,,사진 미완료 · 수동 검색 인계
course-00145,노란돼지 → 정동전망대 코스,노란돼지,서울 동작구 동작대로7길 97,노란돼지 → 정동전망대,"관광, 음식점",노란돼지 사당 | 노란돼지 방배 | 노란돼지 동작대로7길 97 | 노란돼지 사당 서울 동작구 동작대로7길 97,https://search.naver.com/search.naver?where=image&query=%EB%85%B8%EB%9E%80%EB%8F%BC%EC%A7%80%20%EC%82%AC%EB%8B%B9,/assets/naver-courses/ee5a4e9923c19fe0beb28973.jpg,검수완료
course-00146,구씨네부엌 → 토로스쇼핑타워 → 4233 마음센터 연남점 코스,구씨네부엌,,구씨네부엌 → 토로스쇼핑타워 → 4233 마음센터 연남점,"쇼핑, 음식점, 전시","구씨네부엌 | 홍대 구씨네 부엌 | 구씨네부엌 신촌 | 홍대 구씨네부엌 피자 | 구씨네부엌 파스타 | ""구씨네부엌""",https://search.naver.com/search.naver?where=image&query=%EA%B5%AC%EC%94%A8%EB%84%A4%EB%B6%80%EC%97%8C,/assets/naver-courses/80556b0e50ba415f7ef52194.jpg,검수완료
course-00147,문화역서울284 → 쇼핑하는사람들 → 백범광장 코스,문화역서울284,서울 중구 통일로 1,문화역서울284 → 쇼핑하는사람들 → 백범광장,"관광, 쇼핑, 전시",문화역서울284 | 문화역 서울 284 | 문화역서울 284 전시 | 문화역서울284 서울 중구 통일로 1,https://search.naver.com/search.naver?where=image&query=%EB%AC%B8%ED%99%94%EC%97%AD%EC%84%9C%EC%9A%B8284,/assets/naver-courses/f9e8d396ad9a602928a4aa61.jpg,검수완료
course-00148,구씨네부엌 → 덕스(DUEX) → 더마틴 코스,구씨네부엌,,구씨네부엌 → 덕스(DUEX) → 더마틴,"음식점, 전시, 카페","구씨네부엌 | 홍대 구씨네 부엌 | 구씨네부엌 신촌 | 홍대 구씨네부엌 피자 | 구씨네부엌 파스타 | ""구씨네부엌""",https://search.naver.com/search.naver?where=image&query=%EA%B5%AC%EC%94%A8%EB%84%A4%EB%B6%80%EC%97%8C,/assets/naver-courses/7331ed8e1e20400f598ead17.jpg,검수완료
course-00149,일편등심 강남 → 서리풀푸드트럭존 → 무신사 스토어 강남 코스,일편등심 강남,서울 강남구 테헤란로1길 20,일편등심 강남 → 서리풀푸드트럭존 → 무신사 스토어 강남,"관광, 쇼핑, 음식점",일편등심 강남점 | 강남 일편등심 | 일편등심 테헤란로1길 20 | 일편등심 강남점 서울 강남구 테헤란로1길 20,https://search.naver.com/search.naver?where=image&query=%EC%9D%BC%ED%8E%B8%EB%93%B1%EC%8B%AC%20%EA%B0%95%EB%82%A8%EC%A0%90,/assets/naver-courses/c54fab7dbf9a67fc437265fb.jpg,검수완료
course-00150,브이스퀘어 → 동대문디자인플라자 디자인전시관 코스,브이스퀘어,서울 광진구 아차산로 272,브이스퀘어 → 동대문디자인플라자 디자인전시관,전시,브이스퀘어 건대 | 브이스퀘어 롯데시네마 | V SQUARE 건대입구 | 브이스퀘어 건대 서울 광진구 아차산로 272,https://search.naver.com/search.naver?where=image&query=%EB%B8%8C%EC%9D%B4%EC%8A%A4%ED%80%98%EC%96%B4%20%EA%B1%B4%EB%8C%80,,사진 미완료 · 수동 검색 인계
course-00151,로얄마카롱 → 엔지니어링역사관 코스,로얄마카롱,,로얄마카롱 → 엔지니어링역사관,"전시, 카페",로얄마카롱 | 서울 로얄마카롱 | 로얄마카롱 매장,https://search.naver.com/search.naver?where=image&query=%EB%A1%9C%EC%96%84%EB%A7%88%EC%B9%B4%EB%A1%B1,/assets/naver-courses/8dd3f12d4fdac978280ac257.jpg,검수완료
course-00152,만동제과 → AC'SCENT(악센트) → 스타광장 코스,만동제과,서울 서대문구 연희로 32,만동제과 → AC'SCENT(악센트) → 스타광장,"관광, 음식점, 전시",만동제과 연남점 | 만동제과 홍대 | 만동제과 연희로 32 | 만동제과 연남점 서울 서대문구 연희로 32,https://search.naver.com/search.naver?where=image&query=%EB%A7%8C%EB%8F%99%EC%A0%9C%EA%B3%BC%20%EC%97%B0%EB%82%A8%EC%A0%90,/assets/naver-courses/eaf3f2c9c6809550714acc92.jpg,검수완료
course-00153,일편등심 강남 → 썸띵어바웃커피 → 무신사 스토어 강남 코스,일편등심 강남,서울 강남구 테헤란로1길 20,일편등심 강남 → 썸띵어바웃커피 → 무신사 스토어 강남,"쇼핑, 음식점, 카페",일편등심 강남점 | 강남 일편등심 | 일편등심 테헤란로1길 20 | 일편등심 강남점 서울 강남구 테헤란로1길 20,https://search.naver.com/search.naver?where=image&query=%EC%9D%BC%ED%8E%B8%EB%93%B1%EC%8B%AC%20%EA%B0%95%EB%82%A8%EC%A0%90,/assets/naver-courses/4cae44eee68711f2fc71a430.jpg,검수완료
course-00154,커넥트투 → 롯데월드타워&롯데월드몰 → 서울스카이 코스,커넥트투,서울 송파구 올림픽로 300,커넥트투 → 롯데월드타워&롯데월드몰 → 서울스카이,"관광, 쇼핑, 전시",커넥트투 잠실 | 커넥트투 롯데월드몰 | CONNECT TO 잠실 | 커넥트투 잠실 서울 송파구 올림픽로 300,https://search.naver.com/search.naver?where=image&query=%EC%BB%A4%EB%84%A5%ED%8A%B8%ED%88%AC%20%EC%9E%A0%EC%8B%A4,/assets/naver-courses/a8c482087204cae501688fc9.jpg,검수완료
course-00155,일편등심 강남 → 블루보틀 역삼카페 → 서리풀푸드트럭존 코스,일편등심 강남,서울 강남구 테헤란로1길 20,일편등심 강남 → 블루보틀 역삼카페 → 서리풀푸드트럭존,"관광, 음식점, 카페",일편등심 강남점 | 강남 일편등심 | 일편등심 테헤란로1길 20 | 일편등심 강남점 서울 강남구 테헤란로1길 20,https://search.naver.com/search.naver?where=image&query=%EC%9D%BC%ED%8E%B8%EB%93%B1%EC%8B%AC%20%EA%B0%95%EB%82%A8%EC%A0%90,/assets/naver-courses/b443a334d4204408c5ab9e62.jpg,검수완료
course-00156,구씨네부엌 → 홍대걷고싶은거리 → 모멘트커피 코스,구씨네부엌,,구씨네부엌 → 홍대걷고싶은거리 → 모멘트커피,"관광, 음식점, 카페","구씨네부엌 | 홍대 구씨네 부엌 | 구씨네부엌 신촌 | 홍대 구씨네부엌 피자 | 구씨네부엌 파스타 | ""구씨네부엌""",https://search.naver.com/search.naver?where=image&query=%EA%B5%AC%EC%94%A8%EB%84%A4%EB%B6%80%EC%97%8C,,사진 미완료 · 수동 검색 인계
course-00157,일편등심 강남 → 블루보틀 역삼카페 → 스머프매직포레스트 코스,일편등심 강남,서울 강남구 테헤란로1길 20,일편등심 강남 → 블루보틀 역삼카페 → 스머프매직포레스트,"관광, 음식점, 카페",일편등심 강남점 | 강남 일편등심 | 일편등심 테헤란로1길 20 | 일편등심 강남점 서울 강남구 테헤란로1길 20,https://search.naver.com/search.naver?where=image&query=%EC%9D%BC%ED%8E%B8%EB%93%B1%EC%8B%AC%20%EA%B0%95%EB%82%A8%EC%A0%90,/assets/naver-courses/c03379e7a079ec900d53837e.jpg,검수완료
course-00158,아트팩토리체험공방 → 띵똥와플 본점 → 왕십리갤러리허브 코스,아트팩토리체험공방,서울 성동구 왕십리로 241,아트팩토리체험공방 → 띵똥와플 본점 → 왕십리갤러리허브,"음식점, 전시, 체험",아트팩토리 체험공방 | 아트팩토리 왕십리 | 아트팩토리 왕십리로 241 | 아트팩토리 체험공방 서울 성동구 왕십리로 241,https://search.naver.com/search.naver?where=image&query=%EC%95%84%ED%8A%B8%ED%8C%A9%ED%86%A0%EB%A6%AC%20%EC%B2%B4%ED%97%98%EA%B3%B5%EB%B0%A9,,사진 미완료 · 수동 검색 인계
course-00159,정동전망대 → 커피스니퍼 → 애성회관 코스,정동전망대,서울 중구 덕수궁길 15,정동전망대 → 커피스니퍼 → 애성회관,"관광, 음식점, 카페",정동전망대 | 정동 전망대 | 정동전망대 덕수궁 | 정동전망대 서울 중구 덕수궁길 15,https://search.naver.com/search.naver?where=image&query=%EC%A0%95%EB%8F%99%EC%A0%84%EB%A7%9D%EB%8C%80,/assets/naver-courses/3d3da14d0ef498c47ca32c30.jpg,검수완료
course-00160,구씨네부엌 → 홍대걷고싶은거리 → 4233 마음센터 연남점 코스,구씨네부엌,,구씨네부엌 → 홍대걷고싶은거리 → 4233 마음센터 연남점,"관광, 음식점, 전시","구씨네부엌 | 홍대 구씨네 부엌 | 구씨네부엌 신촌 | 홍대 구씨네부엌 피자 | 구씨네부엌 파스타 | ""구씨네부엌""",https://search.naver.com/search.naver?where=image&query=%EA%B5%AC%EC%94%A8%EB%84%A4%EB%B6%80%EC%97%8C,/assets/naver-courses/4cabac99510f670cdc186e9b.jpg,검수완료
course-00161,노란돼지 → 일편등심 강남 코스,노란돼지,서울 동작구 동작대로7길 97,노란돼지 → 일편등심 강남,음식점,노란돼지 사당 | 노란돼지 방배 | 노란돼지 동작대로7길 97 | 노란돼지 사당 서울 동작구 동작대로7길 97,https://search.naver.com/search.naver?where=image&query=%EB%85%B8%EB%9E%80%EB%8F%BC%EC%A7%80%20%EC%82%AC%EB%8B%B9,,사진 미완료 · 수동 검색 인계
course-00162,일편등심 강남 → 스머프매직포레스트 → 루프808 코스,일편등심 강남,서울 강남구 테헤란로1길 20,일편등심 강남 → 스머프매직포레스트 → 루프808,"관광, 음식점, 카페",일편등심 강남점 | 강남 일편등심 | 일편등심 테헤란로1길 20 | 일편등심 강남점 서울 강남구 테헤란로1길 20,https://search.naver.com/search.naver?where=image&query=%EC%9D%BC%ED%8E%B8%EB%93%B1%EC%8B%AC%20%EA%B0%95%EB%82%A8%EC%A0%90,,사진 미완료 · 수동 검색 인계
course-00163,노란돼지 → 브이스퀘어 코스,노란돼지,서울 동작구 동작대로7길 97,노란돼지 → 브이스퀘어,"음식점, 전시",노란돼지 사당 | 노란돼지 방배 | 노란돼지 동작대로7길 97 | 노란돼지 사당 서울 동작구 동작대로7길 97,https://search.naver.com/search.naver?where=image&query=%EB%85%B8%EB%9E%80%EB%8F%BC%EC%A7%80%20%EC%82%AC%EB%8B%B9,/assets/naver-courses/060266932542ba738be86078.jpg,검수완료
course-00164,신도림이도식당 → 일편등심 강남 코스,신도림이도식당,서울 구로구 경인로 661,신도림이도식당 → 일편등심 강남,음식점,신도림 이도식당 | 이도식당 신도림 | 이도식당 경인로 661 | 신도림 이도식당 서울 구로구 경인로 661,https://search.naver.com/search.naver?where=image&query=%EC%8B%A0%EB%8F%84%EB%A6%BC%20%EC%9D%B4%EB%8F%84%EC%8B%9D%EB%8B%B9,/assets/naver-courses/31874bf179efc0d4958d5f29.jpg,검수완료
course-00165,브이스퀘어 → 우주로캣 → 건대맛의거리 코스,브이스퀘어,서울 광진구 아차산로 272,브이스퀘어 → 우주로캣 → 건대맛의거리,"관광, 전시, 카페",브이스퀘어 건대 | 브이스퀘어 롯데시네마 | V SQUARE 건대입구 | 브이스퀘어 건대 서울 광진구 아차산로 272,https://search.naver.com/search.naver?where=image&query=%EB%B8%8C%EC%9D%B4%EC%8A%A4%ED%80%98%EC%96%B4%20%EA%B1%B4%EB%8C%80,/assets/naver-courses/48bffcf3f2272863cc6a0889.jpg,검수완료
course-00166,노란돼지 → 동대문디자인플라자 디자인전시관 코스,노란돼지,서울 동작구 동작대로7길 97,노란돼지 → 동대문디자인플라자 디자인전시관,"음식점, 전시",노란돼지 사당 | 노란돼지 방배 | 노란돼지 동작대로7길 97 | 노란돼지 사당 서울 동작구 동작대로7길 97,https://search.naver.com/search.naver?where=image&query=%EB%85%B8%EB%9E%80%EB%8F%BC%EC%A7%80%20%EC%82%AC%EB%8B%B9,/assets/naver-courses/c6e0e15852be21c0fe63dcda.jpg,검수완료
course-00167,건국대학교 일감호 → 홍대걷고싶은거리 코스,건국대학교 일감호,서울 광진구 능동로 120,건국대학교 일감호 → 홍대걷고싶은거리,관광,건국대학교 일감호 | 건대 일감호 | 일감호 | 건국대학교 일감호 서울 광진구 능동로 120,https://search.naver.com/search.naver?where=image&query=%EA%B1%B4%EA%B5%AD%EB%8C%80%ED%95%99%EA%B5%90%20%EC%9D%BC%EA%B0%90%ED%98%B8,/assets/naver-courses/8f36e2bc36824588ceba278d.jpg,검수완료
course-00168,노란돼지 → 스타벅스 사당점 → 사당1동먹자골목상점가 코스,노란돼지,서울 동작구 동작대로7길 97,노란돼지 → 스타벅스 사당점 → 사당1동먹자골목상점가,"관광, 음식점, 카페",노란돼지 사당 | 노란돼지 방배 | 노란돼지 동작대로7길 97 | 노란돼지 사당 서울 동작구 동작대로7길 97,https://search.naver.com/search.naver?where=image&query=%EB%85%B8%EB%9E%80%EB%8F%BC%EC%A7%80%20%EC%82%AC%EB%8B%B9,/assets/naver-courses/66b31dd7bab6e624c4a7ac33.jpg,검수완료
course-00169,태양커피 서울사당점 → 조양관 코스,태양커피 서울사당점,서울 서초구 방배천로 32,태양커피 서울사당점 → 조양관,"음식점, 카페",태양커피 사당점 | 사당 태양커피 | 태양커피 방배천로 32 | 태양커피 사당점 서울 서초구 방배천로 32,https://search.naver.com/search.naver?where=image&query=%ED%83%9C%EC%96%91%EC%BB%A4%ED%94%BC%20%EC%82%AC%EB%8B%B9%EC%A0%90,/assets/naver-courses/c701f12d70a1656e66448096.jpg,검수완료
course-00170,잠실지하광장 쇼핑센터 → 서울스카이 → 넥스트뮤지엄 코스,잠실지하광장 쇼핑센터,서울 송파구 잠실로 지하 156,잠실지하광장 쇼핑센터 → 서울스카이 → 넥스트뮤지엄,"관광, 쇼핑, 전시",잠실지하광장 쇼핑센터 | 잠실 지하광장 | 잠실지하광장 상가 | 잠실역 지하광장 | 잠실지하광장 쇼핑센터 서울 송파구 잠실로 지하 156,https://search.naver.com/search.naver?where=image&query=%EC%9E%A0%EC%8B%A4%EC%A7%80%ED%95%98%EA%B4%91%EC%9E%A5%20%EC%87%BC%ED%95%91%EC%84%BC%ED%84%B0,/assets/naver-courses/1e9e0fbf43a86cb9d55fd22b.jpg,검수완료
course-00171,문화역서울284 → 숭례문 → 농민백암순대 시청직영점 코스,문화역서울284,서울 중구 통일로 1,문화역서울284 → 숭례문 → 농민백암순대 시청직영점,"관광, 음식점, 전시",문화역서울284 | 문화역 서울 284 | 문화역서울 284 전시 | 문화역서울284 서울 중구 통일로 1,https://search.naver.com/search.naver?where=image&query=%EB%AC%B8%ED%99%94%EC%97%AD%EC%84%9C%EC%9A%B8284,/assets/naver-courses/525ff515803d7c73a90ab4a4.jpg,검수완료
course-00172,건국대학교 일감호 → 베르시 코스,건국대학교 일감호,서울 광진구 능동로 120,건국대학교 일감호 → 베르시,"관광, 카페",건국대학교 일감호 | 건대 일감호 | 일감호 | 건국대학교 일감호 서울 광진구 능동로 120,https://search.naver.com/search.naver?where=image&query=%EA%B1%B4%EA%B5%AD%EB%8C%80%ED%95%99%EA%B5%90%20%EC%9D%BC%EA%B0%90%ED%98%B8,/assets/naver-courses/a6b95cf546d2758019ac4dc9.jpg,검수완료
course-00173,정동전망대 → 노란돼지 코스,정동전망대,서울 중구 덕수궁길 15,정동전망대 → 노란돼지,"관광, 음식점",정동전망대 | 정동 전망대 | 정동전망대 덕수궁 | 정동전망대 서울 중구 덕수궁길 15,https://search.naver.com/search.naver?where=image&query=%EC%A0%95%EB%8F%99%EC%A0%84%EB%A7%9D%EB%8C%80,/assets/naver-courses/bb108b49b7c4a486c8083e8c.jpg,검수완료
course-00174,태양커피 서울사당점 → 엘씨오 코스,태양커피 서울사당점,서울 서초구 방배천로 32,태양커피 서울사당점 → 엘씨오,"전시, 카페",태양커피 사당점 | 사당 태양커피 | 태양커피 방배천로 32 | 태양커피 사당점 서울 서초구 방배천로 32,https://search.naver.com/search.naver?where=image&query=%ED%83%9C%EC%96%91%EC%BB%A4%ED%94%BC%20%EC%82%AC%EB%8B%B9%EC%A0%90,/assets/naver-courses/7b0ab34efadeec23913c4508.jpg,검수완료
course-00175,문화역서울284 → 숭례문 → 금성관 코스,문화역서울284,서울 중구 통일로 1,문화역서울284 → 숭례문 → 금성관,"관광, 음식점, 전시",문화역서울284 | 문화역 서울 284 | 문화역서울 284 전시 | 문화역서울284 서울 중구 통일로 1,https://search.naver.com/search.naver?where=image&query=%EB%AC%B8%ED%99%94%EC%97%AD%EC%84%9C%EC%9A%B8284,/assets/naver-courses/7d5c4a041b8b47e27ee23b42.jpg,검수완료
course-00176,구씨네부엌 → 스페이스갤러리아 서울홍대 → 농협경제지주 온라인사업부 코스,구씨네부엌,,구씨네부엌 → 스페이스갤러리아 서울홍대 → 농협경제지주 온라인사업부,"쇼핑, 음식점, 전시","구씨네부엌 | 홍대 구씨네 부엌 | 구씨네부엌 신촌 | 홍대 구씨네부엌 피자 | 구씨네부엌 파스타 | ""구씨네부엌""",https://search.naver.com/search.naver?where=image&query=%EA%B5%AC%EC%94%A8%EB%84%A4%EB%B6%80%EC%97%8C,/assets/naver-courses/c1a3e666d9a2dfaa20dd08b0.jpg,검수완료
course-00177,구씨네부엌 → 홍대갤러리 키르큐펠 → 테이블에이 코스,구씨네부엌,,구씨네부엌 → 홍대갤러리 키르큐펠 → 테이블에이,"관광, 음식점, 전시","구씨네부엌 | 홍대 구씨네 부엌 | 구씨네부엌 신촌 | 홍대 구씨네부엌 피자 | 구씨네부엌 파스타 | ""구씨네부엌""",https://search.naver.com/search.naver?where=image&query=%EA%B5%AC%EC%94%A8%EB%84%A4%EB%B6%80%EC%97%8C,/assets/naver-courses/5340c0a4dd07dadb6c8c01f2.jpg,검수완료
course-00178,브이스퀘어 → 잠실지하광장 쇼핑센터 코스,브이스퀘어,서울 광진구 아차산로 272,브이스퀘어 → 잠실지하광장 쇼핑센터,"쇼핑, 전시",브이스퀘어 건대 | 브이스퀘어 롯데시네마 | V SQUARE 건대입구 | 브이스퀘어 건대 서울 광진구 아차산로 272,https://search.naver.com/search.naver?where=image&query=%EB%B8%8C%EC%9D%B4%EC%8A%A4%ED%80%98%EC%96%B4%20%EA%B1%B4%EB%8C%80,,사진 미완료 · 수동 검색 인계
course-00179,구씨네부엌 → 스페이스갤러리아 서울홍대 → 트릭아이뮤지엄 코스,구씨네부엌,,구씨네부엌 → 스페이스갤러리아 서울홍대 → 트릭아이뮤지엄,"관광, 음식점, 전시","구씨네부엌 | 홍대 구씨네 부엌 | 구씨네부엌 신촌 | 홍대 구씨네부엌 피자 | 구씨네부엌 파스타 | ""구씨네부엌""",https://search.naver.com/search.naver?where=image&query=%EA%B5%AC%EC%94%A8%EB%84%A4%EB%B6%80%EC%97%8C,/assets/naver-courses/a9d505597e20d052ec58187b.jpg,검수완료
course-00180,로얄마카롱 → 일편등심 강남 → 서리풀푸드트럭존 코스,로얄마카롱,,로얄마카롱 → 일편등심 강남 → 서리풀푸드트럭존,"관광, 음식점, 카페",로얄마카롱 | 서울 로얄마카롱 | 로얄마카롱 매장,https://search.naver.com/search.naver?where=image&query=%EB%A1%9C%EC%96%84%EB%A7%88%EC%B9%B4%EB%A1%B1,,사진 미완료 · 수동 검색 인계
course-00181,문화역서울284 → 남대문갈치조림골목 → 금성관 코스,문화역서울284,서울 중구 통일로 1,문화역서울284 → 남대문갈치조림골목 → 금성관,"관광, 음식점, 전시",문화역서울284 | 문화역 서울 284 | 문화역서울 284 전시 | 문화역서울284 서울 중구 통일로 1,https://search.naver.com/search.naver?where=image&query=%EB%AC%B8%ED%99%94%EC%97%AD%EC%84%9C%EC%9A%B8284,/assets/naver-courses/410c53c5a116ab7251d1d63c.jpg,검수완료
course-00182,구씨네부엌 → 덕스(DUEX) → 트릭아이뮤지엄 코스,구씨네부엌,,구씨네부엌 → 덕스(DUEX) → 트릭아이뮤지엄,"관광, 음식점, 전시","구씨네부엌 | 홍대 구씨네 부엌 | 구씨네부엌 신촌 | 홍대 구씨네부엌 피자 | 구씨네부엌 파스타 | ""구씨네부엌""",https://search.naver.com/search.naver?where=image&query=%EA%B5%AC%EC%94%A8%EB%84%A4%EB%B6%80%EC%97%8C,/assets/naver-courses/87c7a147d0b861b695816587.jpg,검수완료
course-00183,만동제과 → 조양관 코스,만동제과,서울 서대문구 연희로 32,만동제과 → 조양관,음식점,만동제과 연남점 | 만동제과 홍대 | 만동제과 연희로 32 | 만동제과 연남점 서울 서대문구 연희로 32,https://search.naver.com/search.naver?where=image&query=%EB%A7%8C%EB%8F%99%EC%A0%9C%EA%B3%BC%20%EC%97%B0%EB%82%A8%EC%A0%90,/assets/naver-courses/28e7eba4828637b88450f837.jpg,검수완료
course-00184,문화역서울284 → 숭례문 → 애성회관 코스,문화역서울284,서울 중구 통일로 1,문화역서울284 → 숭례문 → 애성회관,"관광, 음식점, 전시",문화역서울284 | 문화역 서울 284 | 문화역서울 284 전시 | 문화역서울284 서울 중구 통일로 1,https://search.naver.com/search.naver?where=image&query=%EB%AC%B8%ED%99%94%EC%97%AD%EC%84%9C%EC%9A%B8284,/assets/naver-courses/89a428c5bc42c75df756f3dc.jpg,검수완료
course-00185,구씨네부엌 → 스페이스갤러리아 서울홍대 → 비뮤티커피 코스,구씨네부엌,,구씨네부엌 → 스페이스갤러리아 서울홍대 → 비뮤티커피,"음식점, 전시, 카페","구씨네부엌 | 홍대 구씨네 부엌 | 구씨네부엌 신촌 | 홍대 구씨네부엌 피자 | 구씨네부엌 파스타 | ""구씨네부엌""",https://search.naver.com/search.naver?where=image&query=%EA%B5%AC%EC%94%A8%EB%84%A4%EB%B6%80%EC%97%8C,/assets/naver-courses/aefc10f3eecb20e0fa4a260e.jpg,검수완료
course-00186,구씨네부엌 → 스페이스갤러리아 서울홍대 → 호러스위치 코스,구씨네부엌,,구씨네부엌 → 스페이스갤러리아 서울홍대 → 호러스위치,"관광, 음식점, 전시","구씨네부엌 | 홍대 구씨네 부엌 | 구씨네부엌 신촌 | 홍대 구씨네부엌 피자 | 구씨네부엌 파스타 | ""구씨네부엌""",https://search.naver.com/search.naver?where=image&query=%EA%B5%AC%EC%94%A8%EB%84%A4%EB%B6%80%EC%97%8C,/assets/naver-courses/2543541d65a0cb3155f3d66c.jpg,검수완료
course-00187,문화역서울284 → 정동전망대 코스,문화역서울284,서울 중구 통일로 1,문화역서울284 → 정동전망대,"관광, 전시",문화역서울284 | 문화역 서울 284 | 문화역서울 284 전시 | 문화역서울284 서울 중구 통일로 1,https://search.naver.com/search.naver?where=image&query=%EB%AC%B8%ED%99%94%EC%97%AD%EC%84%9C%EC%9A%B8284,/assets/naver-courses/0a0164aa5d5f4fe129bcc344.jpg,검수완료
course-00188,그라운드시소 센트럴 → 조양관 코스,그라운드시소 센트럴,서울 중구 세종대로 14,그라운드시소 센트럴 → 조양관,"음식점, 전시",그라운드시소 센트럴 | 센트럴 그라운드시소 | 그라운드시소 센트럴 전시 | 그라운드시소 센트럴 서울 중구 세종대로 14,https://search.naver.com/search.naver?where=image&query=%EA%B7%B8%EB%9D%BC%EC%9A%B4%EB%93%9C%EC%8B%9C%EC%86%8C%20%EC%84%BC%ED%8A%B8%EB%9F%B4,/assets/naver-courses/cef125f289c87645ffaf93f1.jpg,검수완료
course-00189,노란돼지 → 사당1동먹자골목상점가 → 태양커피 서울사당점 코스,노란돼지,서울 동작구 동작대로7길 97,노란돼지 → 사당1동먹자골목상점가 → 태양커피 서울사당점,"관광, 음식점, 카페",노란돼지 사당 | 노란돼지 방배 | 노란돼지 동작대로7길 97 | 노란돼지 사당 서울 동작구 동작대로7길 97,https://search.naver.com/search.naver?where=image&query=%EB%85%B8%EB%9E%80%EB%8F%BC%EC%A7%80%20%EC%82%AC%EB%8B%B9,/assets/naver-courses/011e71f35cda2dc970162897.jpg,검수완료
course-00190,노란돼지 → 사당1동먹자골목상점가 → 카페 미토 코스,노란돼지,서울 동작구 동작대로7길 97,노란돼지 → 사당1동먹자골목상점가 → 카페 미토,"관광, 음식점, 카페",노란돼지 사당 | 노란돼지 방배 | 노란돼지 동작대로7길 97 | 노란돼지 사당 서울 동작구 동작대로7길 97,https://search.naver.com/search.naver?where=image&query=%EB%85%B8%EB%9E%80%EB%8F%BC%EC%A7%80%20%EC%82%AC%EB%8B%B9,/assets/naver-courses/d4820205905f9a02447f8c66.jpg,검수완료
course-00191,태양커피 서울사당점 → 사당1동먹자골목상점가 → 남해안횟집 코스,태양커피 서울사당점,서울 서초구 방배천로 32,태양커피 서울사당점 → 사당1동먹자골목상점가 → 남해안횟집,"관광, 음식점, 카페",태양커피 사당점 | 사당 태양커피 | 태양커피 방배천로 32 | 태양커피 사당점 서울 서초구 방배천로 32,https://search.naver.com/search.naver?where=image&query=%ED%83%9C%EC%96%91%EC%BB%A4%ED%94%BC%20%EC%82%AC%EB%8B%B9%EC%A0%90,/assets/naver-courses/b13f3f41c84ba2d65d02c1be.jpg,검수완료
course-00192,커넥트투 → 한정선 잠실롯데월드몰점 → 서울스카이 코스,커넥트투,서울 송파구 올림픽로 300,커넥트투 → 한정선 잠실롯데월드몰점 → 서울스카이,"관광, 전시, 카페",커넥트투 잠실 | 커넥트투 롯데월드몰 | CONNECT TO 잠실 | 커넥트투 잠실 서울 송파구 올림픽로 300,https://search.naver.com/search.naver?where=image&query=%EC%BB%A4%EB%84%A5%ED%8A%B8%ED%88%AC%20%EC%9E%A0%EC%8B%A4,/assets/naver-courses/30c30f20513731b3aa1dbdc8.jpg,검수완료
course-00193,정동전망대 → 전광수커피하우스 정동점 → 국토발전전시관 코스,정동전망대,서울 중구 덕수궁길 15,정동전망대 → 전광수커피하우스 정동점 → 국토발전전시관,"관광, 전시, 카페",정동전망대 | 정동 전망대 | 정동전망대 덕수궁 | 정동전망대 서울 중구 덕수궁길 15,https://search.naver.com/search.naver?where=image&query=%EC%A0%95%EB%8F%99%EC%A0%84%EB%A7%9D%EB%8C%80,/assets/naver-courses/b5debdd41c2f8b925799233a.jpg,검수완료
course-00194,만동제과 → WP → 소녀전선2망명갤러리 코스,만동제과,서울 서대문구 연희로 32,만동제과 → WP → 소녀전선2망명갤러리,"음식점, 전시, 카페",만동제과 연남점 | 만동제과 홍대 | 만동제과 연희로 32 | 만동제과 연남점 서울 서대문구 연희로 32,https://search.naver.com/search.naver?where=image&query=%EB%A7%8C%EB%8F%99%EC%A0%9C%EA%B3%BC%20%EC%97%B0%EB%82%A8%EC%A0%90,/assets/naver-courses/9e6e76a0ffad01e1c6873c33.jpg,검수완료
course-00195,로얄마카롱 → 자매수산 → 무신사 스토어 강남 코스,로얄마카롱,,로얄마카롱 → 자매수산 → 무신사 스토어 강남,"쇼핑, 음식점, 카페",로얄마카롱 | 서울 로얄마카롱 | 로얄마카롱 매장,https://search.naver.com/search.naver?where=image&query=%EB%A1%9C%EC%96%84%EB%A7%88%EC%B9%B4%EB%A1%B1,/assets/naver-courses/6cadf60bceb9b578f8efa265.jpg,검수완료
course-00196,일편등심 강남 → 서리풀푸드트럭존 → 썸띵어바웃커피 코스,일편등심 강남,서울 강남구 테헤란로1길 20,일편등심 강남 → 서리풀푸드트럭존 → 썸띵어바웃커피,"관광, 음식점, 카페",일편등심 강남점 | 강남 일편등심 | 일편등심 테헤란로1길 20 | 일편등심 강남점 서울 강남구 테헤란로1길 20,https://search.naver.com/search.naver?where=image&query=%EC%9D%BC%ED%8E%B8%EB%93%B1%EC%8B%AC%20%EA%B0%95%EB%82%A8%EC%A0%90,/assets/naver-courses/27b70dec7dd582fdafe1f72b.jpg,검수완료
course-00197,신도림이도식당 → 브이스퀘어 코스,신도림이도식당,서울 구로구 경인로 661,신도림이도식당 → 브이스퀘어,"음식점, 전시",신도림 이도식당 | 이도식당 신도림 | 이도식당 경인로 661 | 신도림 이도식당 서울 구로구 경인로 661,https://search.naver.com/search.naver?where=image&query=%EC%8B%A0%EB%8F%84%EB%A6%BC%20%EC%9D%B4%EB%8F%84%EC%8B%9D%EB%8B%B9,/assets/naver-courses/9334515dbe11025c19fe1d96.jpg,검수완료
course-00198,잠실지하광장 쇼핑센터 → 한정선 잠실롯데월드몰점 → BGN갤러리 롯데타워점 코스,잠실지하광장 쇼핑센터,서울 송파구 잠실로 지하 156,잠실지하광장 쇼핑센터 → 한정선 잠실롯데월드몰점 → BGN갤러리 롯데타워점,"쇼핑, 전시, 카페",잠실지하광장 쇼핑센터 | 잠실 지하광장 | 잠실지하광장 상가 | 잠실역 지하광장 | 잠실지하광장 쇼핑센터 서울 송파구 잠실로 지하 156,https://search.naver.com/search.naver?where=image&query=%EC%9E%A0%EC%8B%A4%EC%A7%80%ED%95%98%EA%B4%91%EC%9E%A5%20%EC%87%BC%ED%95%91%EC%84%BC%ED%84%B0,,사진 미완료 · 수동 검색 인계
course-00199,문화역서울284 → 남대문갈치조림골목 → 농민백암순대 시청직영점 코스,문화역서울284,서울 중구 통일로 1,문화역서울284 → 남대문갈치조림골목 → 농민백암순대 시청직영점,"관광, 음식점, 전시",문화역서울284 | 문화역 서울 284 | 문화역서울 284 전시 | 문화역서울284 서울 중구 통일로 1,https://search.naver.com/search.naver?where=image&query=%EB%AC%B8%ED%99%94%EC%97%AD%EC%84%9C%EC%9A%B8284,/assets/naver-courses/c765b8527f14a91a0340fcf6.jpg,검수완료
course-00200,만동제과 → 콘피 코스,만동제과,서울 서대문구 연희로 32,만동제과 → 콘피,"음식점, 카페",만동제과 연남점 | 만동제과 홍대 | 만동제과 연희로 32 | 만동제과 연남점 서울 서대문구 연희로 32,https://search.naver.com/search.naver?where=image&query=%EB%A7%8C%EB%8F%99%EC%A0%9C%EA%B3%BC%20%EC%97%B0%EB%82%A8%EC%A0%90,/assets/naver-courses/707362e1a05a4e2cb9b1cb41.jpg,검수완료
course-00201,갓잇 문래점 → 현대수산 코스,갓잇 문래점,서울 영등포구 경인로77길 14,갓잇 문래점 → 현대수산,음식점,갓잇 문래점 | 문래 갓잇 | 갓잇 경인로77길 14 | 갓잇 문래점 서울 영등포구 경인로77길 14,https://search.naver.com/search.naver?where=image&query=%EA%B0%93%EC%9E%87%20%EB%AC%B8%EB%9E%98%EC%A0%90,/assets/naver-courses/20eae0eff0aac39414e36c69.jpg,검수완료
course-00202,태양커피 서울사당점 → 베르시 코스,태양커피 서울사당점,서울 서초구 방배천로 32,태양커피 서울사당점 → 베르시,카페,태양커피 사당점 | 사당 태양커피 | 태양커피 방배천로 32 | 태양커피 사당점 서울 서초구 방배천로 32,https://search.naver.com/search.naver?where=image&query=%ED%83%9C%EC%96%91%EC%BB%A4%ED%94%BC%20%EC%82%AC%EB%8B%B9%EC%A0%90,,사진 미완료 · 수동 검색 인계
course-00203,일편등심 강남 → 무신사 스토어 강남 → 스머프매직포레스트 코스,일편등심 강남,서울 강남구 테헤란로1길 20,일편등심 강남 → 무신사 스토어 강남 → 스머프매직포레스트,"관광, 쇼핑, 음식점",일편등심 강남점 | 강남 일편등심 | 일편등심 테헤란로1길 20 | 일편등심 강남점 서울 강남구 테헤란로1길 20,https://search.naver.com/search.naver?where=image&query=%EC%9D%BC%ED%8E%B8%EB%93%B1%EC%8B%AC%20%EA%B0%95%EB%82%A8%EC%A0%90,/assets/naver-courses/91aa7cfc1c54a23ab17b0e9d.jpg,검수완료
course-00204,동대문디자인플라자 디자인전시관 → 신도림이도식당 코스,동대문디자인플라자 디자인전시관,서울 중구 을지로 281,동대문디자인플라자 디자인전시관 → 신도림이도식당,"음식점, 전시",DDP 디자인전시관 | 동대문디자인플라자 디자인전시관 | DDP 뮤지엄 디자인전시관 | DDP 디자인전시관 서울 중구 을지로 281,https://search.naver.com/search.naver?where=image&query=DDP%20%EB%94%94%EC%9E%90%EC%9D%B8%EC%A0%84%EC%8B%9C%EA%B4%80,/assets/naver-courses/64844b28707aa8b0f75aed24.jpg,검수완료
course-00205,문화역서울284 → 남대문갈치조림골목 → 텐스퀘어 오슬로 회현 코스,문화역서울284,서울 중구 통일로 1,문화역서울284 → 남대문갈치조림골목 → 텐스퀘어 오슬로 회현,"관광, 전시, 카페",문화역서울284 | 문화역 서울 284 | 문화역서울 284 전시 | 문화역서울284 서울 중구 통일로 1,https://search.naver.com/search.naver?where=image&query=%EB%AC%B8%ED%99%94%EC%97%AD%EC%84%9C%EC%9A%B8284,/assets/naver-courses/2e9aeff9ae4d56881743cd12.jpg,검수완료
course-00206,일편등심 강남 → 썸띵어바웃커피 → 창업쇼핑 코스,일편등심 강남,서울 강남구 테헤란로1길 20,일편등심 강남 → 썸띵어바웃커피 → 창업쇼핑,"쇼핑, 음식점, 카페",일편등심 강남점 | 강남 일편등심 | 일편등심 테헤란로1길 20 | 일편등심 강남점 서울 강남구 테헤란로1길 20,https://search.naver.com/search.naver?where=image&query=%EC%9D%BC%ED%8E%B8%EB%93%B1%EC%8B%AC%20%EA%B0%95%EB%82%A8%EC%A0%90,/assets/naver-courses/1c6ec81ed93392f2ac2eebd5.jpg,검수완료
course-00207,구씨네부엌 → 덕스(DUEX) → 호러스위치 코스,구씨네부엌,,구씨네부엌 → 덕스(DUEX) → 호러스위치,"관광, 음식점, 전시","구씨네부엌 | 홍대 구씨네 부엌 | 구씨네부엌 신촌 | 홍대 구씨네부엌 피자 | 구씨네부엌 파스타 | ""구씨네부엌""",https://search.naver.com/search.naver?where=image&query=%EA%B5%AC%EC%94%A8%EB%84%A4%EB%B6%80%EC%97%8C,/assets/naver-courses/d37bf21aefe8b39d78d51f8c.jpg,검수완료
course-00208,브이스퀘어 → 신도림이도식당 코스,브이스퀘어,서울 광진구 아차산로 272,브이스퀘어 → 신도림이도식당,"음식점, 전시",브이스퀘어 건대 | 브이스퀘어 롯데시네마 | V SQUARE 건대입구 | 브이스퀘어 건대 서울 광진구 아차산로 272,https://search.naver.com/search.naver?where=image&query=%EB%B8%8C%EC%9D%B4%EC%8A%A4%ED%80%98%EC%96%B4%20%EA%B1%B4%EB%8C%80,/assets/naver-courses/e4d60c213a4a6fb46ffb94ce.jpg,검수완료
course-00209,잠실지하광장 쇼핑센터 → 서울스카이 → BGN갤러리 롯데타워점 코스,잠실지하광장 쇼핑센터,서울 송파구 잠실로 지하 156,잠실지하광장 쇼핑센터 → 서울스카이 → BGN갤러리 롯데타워점,"관광, 쇼핑, 전시",잠실지하광장 쇼핑센터 | 잠실 지하광장 | 잠실지하광장 상가 | 잠실역 지하광장 | 잠실지하광장 쇼핑센터 서울 송파구 잠실로 지하 156,https://search.naver.com/search.naver?where=image&query=%EC%9E%A0%EC%8B%A4%EC%A7%80%ED%95%98%EA%B4%91%EC%9E%A5%20%EC%87%BC%ED%95%91%EC%84%BC%ED%84%B0,/assets/naver-courses/3dd25408f2426f94dc9fd0e0.jpg,검수완료
course-00210,신도림이도식당 → 구로스마트라운지 → 카페1953위드오드리 코스,신도림이도식당,서울 구로구 경인로 661,신도림이도식당 → 구로스마트라운지 → 카페1953위드오드리,"음식점, 전시, 카페",신도림 이도식당 | 이도식당 신도림 | 이도식당 경인로 661 | 신도림 이도식당 서울 구로구 경인로 661,https://search.naver.com/search.naver?where=image&query=%EC%8B%A0%EB%8F%84%EB%A6%BC%20%EC%9D%B4%EB%8F%84%EC%8B%9D%EB%8B%B9,/assets/naver-courses/22b7f85f5ede9bac779ea9b0.jpg,검수완료
course-00211,그라운드시소 센트럴 → 현대수산 코스,그라운드시소 센트럴,서울 중구 세종대로 14,그라운드시소 센트럴 → 현대수산,"음식점, 전시",그라운드시소 센트럴 | 센트럴 그라운드시소 | 그라운드시소 센트럴 전시 | 그라운드시소 센트럴 서울 중구 세종대로 14,https://search.naver.com/search.naver?where=image&query=%EA%B7%B8%EB%9D%BC%EC%9A%B4%EB%93%9C%EC%8B%9C%EC%86%8C%20%EC%84%BC%ED%8A%B8%EB%9F%B4,/assets/naver-courses/78ebc983aef559556c0cae5e.jpg,검수완료
course-00212,구씨네부엌 → 브이스퀘어 코스,구씨네부엌,,구씨네부엌 → 브이스퀘어,"음식점, 전시","구씨네부엌 | 홍대 구씨네 부엌 | 구씨네부엌 신촌 | 홍대 구씨네부엌 피자 | 구씨네부엌 파스타 | ""구씨네부엌""",https://search.naver.com/search.naver?where=image&query=%EA%B5%AC%EC%94%A8%EB%84%A4%EB%B6%80%EC%97%8C,/assets/naver-courses/c76811adda4265f31de6a7a6.jpg,검수완료
course-00213,그라운드시소 센트럴 → 숭례문 → 희락갈치 코스,그라운드시소 센트럴,서울 중구 세종대로 14,그라운드시소 센트럴 → 숭례문 → 희락갈치,"관광, 음식점, 전시",그라운드시소 센트럴 | 센트럴 그라운드시소 | 그라운드시소 센트럴 전시 | 그라운드시소 센트럴 서울 중구 세종대로 14,https://search.naver.com/search.naver?where=image&query=%EA%B7%B8%EB%9D%BC%EC%9A%B4%EB%93%9C%EC%8B%9C%EC%86%8C%20%EC%84%BC%ED%8A%B8%EB%9F%B4,/assets/naver-courses/ce65487a452c46ab6da6a372.jpg,검수완료
course-00214,잠실지하광장 쇼핑센터 → 정동전망대 코스,잠실지하광장 쇼핑센터,서울 송파구 잠실로 지하 156,잠실지하광장 쇼핑센터 → 정동전망대,"관광, 쇼핑",잠실지하광장 쇼핑센터 | 잠실 지하광장 | 잠실지하광장 상가 | 잠실역 지하광장 | 잠실지하광장 쇼핑센터 서울 송파구 잠실로 지하 156,https://search.naver.com/search.naver?where=image&query=%EC%9E%A0%EC%8B%A4%EC%A7%80%ED%95%98%EA%B4%91%EC%9E%A5%20%EC%87%BC%ED%95%91%EC%84%BC%ED%84%B0,/assets/naver-courses/2ef4be42590304004bab1323.jpg,검수완료
course-00215,신도림이도식당 → 구로스마트라운지 → 패스드 코스,신도림이도식당,서울 구로구 경인로 661,신도림이도식당 → 구로스마트라운지 → 패스드,"음식점, 전시, 카페",신도림 이도식당 | 이도식당 신도림 | 이도식당 경인로 661 | 신도림 이도식당 서울 구로구 경인로 661,https://search.naver.com/search.naver?where=image&query=%EC%8B%A0%EB%8F%84%EB%A6%BC%20%EC%9D%B4%EB%8F%84%EC%8B%9D%EB%8B%B9,/assets/naver-courses/bee3097736bc39a64bdb8353.jpg,검수완료
course-00216,잠실지하광장 쇼핑센터 → 에비뉴엘아트홀 → 롯데월드 어드벤처 코스,잠실지하광장 쇼핑센터,서울 송파구 잠실로 지하 156,잠실지하광장 쇼핑센터 → 에비뉴엘아트홀 → 롯데월드 어드벤처,"관광, 쇼핑, 전시",잠실지하광장 쇼핑센터 | 잠실 지하광장 | 잠실지하광장 상가 | 잠실역 지하광장 | 잠실지하광장 쇼핑센터 서울 송파구 잠실로 지하 156,https://search.naver.com/search.naver?where=image&query=%EC%9E%A0%EC%8B%A4%EC%A7%80%ED%95%98%EA%B4%91%EC%9E%A5%20%EC%87%BC%ED%95%91%EC%84%BC%ED%84%B0,/assets/naver-courses/32c98dd2f317faa762731ace.jpg,검수완료
course-00217,로얄마카롱 → 오레노라멘 강남점 → 무신사 스토어 강남 코스,로얄마카롱,,로얄마카롱 → 오레노라멘 강남점 → 무신사 스토어 강남,"쇼핑, 음식점, 카페",로얄마카롱 | 서울 로얄마카롱 | 로얄마카롱 매장,https://search.naver.com/search.naver?where=image&query=%EB%A1%9C%EC%96%84%EB%A7%88%EC%B9%B4%EB%A1%B1,/assets/naver-courses/2799c5dc33b5a6b955935173.jpg,검수완료
course-00218,정동전망대 → 덕수정 → 국토발전전시관 코스,정동전망대,서울 중구 덕수궁길 15,정동전망대 → 덕수정 → 국토발전전시관,"관광, 음식점, 전시",정동전망대 | 정동 전망대 | 정동전망대 덕수궁 | 정동전망대 서울 중구 덕수궁길 15,https://search.naver.com/search.naver?where=image&query=%EC%A0%95%EB%8F%99%EC%A0%84%EB%A7%9D%EB%8C%80,/assets/naver-courses/28d7f632f03cac166ec0cc23.jpg,검수완료
course-00219,신도림이도식당 → 도림천 → 패스드 코스,신도림이도식당,서울 구로구 경인로 661,신도림이도식당 → 도림천 → 패스드,"관광, 음식점, 카페",신도림 이도식당 | 이도식당 신도림 | 이도식당 경인로 661 | 신도림 이도식당 서울 구로구 경인로 661,https://search.naver.com/search.naver?where=image&query=%EC%8B%A0%EB%8F%84%EB%A6%BC%20%EC%9D%B4%EB%8F%84%EC%8B%9D%EB%8B%B9,/assets/naver-courses/395c667ff3637cc6b251ab30.jpg,검수완료
course-00220,잠실지하광장 쇼핑센터 → 한정선 잠실롯데월드몰점 → 커넥트투 코스,잠실지하광장 쇼핑센터,서울 송파구 잠실로 지하 156,잠실지하광장 쇼핑센터 → 한정선 잠실롯데월드몰점 → 커넥트투,"쇼핑, 전시, 카페",잠실지하광장 쇼핑센터 | 잠실 지하광장 | 잠실지하광장 상가 | 잠실역 지하광장 | 잠실지하광장 쇼핑센터 서울 송파구 잠실로 지하 156,https://search.naver.com/search.naver?where=image&query=%EC%9E%A0%EC%8B%A4%EC%A7%80%ED%95%98%EA%B4%91%EC%9E%A5%20%EC%87%BC%ED%95%91%EC%84%BC%ED%84%B0,/assets/naver-courses/d38594e271511abdeb2061cb.jpg,검수완료
course-00221,잠실지하광장 쇼핑센터 → 서울스카이 → 커넥트투 코스,잠실지하광장 쇼핑센터,서울 송파구 잠실로 지하 156,잠실지하광장 쇼핑센터 → 서울스카이 → 커넥트투,"관광, 쇼핑, 전시",잠실지하광장 쇼핑센터 | 잠실 지하광장 | 잠실지하광장 상가 | 잠실역 지하광장 | 잠실지하광장 쇼핑센터 서울 송파구 잠실로 지하 156,https://search.naver.com/search.naver?where=image&query=%EC%9E%A0%EC%8B%A4%EC%A7%80%ED%95%98%EA%B4%91%EC%9E%A5%20%EC%87%BC%ED%95%91%EC%84%BC%ED%84%B0,/assets/naver-courses/5aa8967ab527a4b95648b5f8.jpg,검수완료
course-00222,구씨네부엌 → 덕스(DUEX) → 비뮤티커피 코스,구씨네부엌,,구씨네부엌 → 덕스(DUEX) → 비뮤티커피,"음식점, 전시, 카페","구씨네부엌 | 홍대 구씨네 부엌 | 구씨네부엌 신촌 | 홍대 구씨네부엌 피자 | 구씨네부엌 파스타 | ""구씨네부엌""",https://search.naver.com/search.naver?where=image&query=%EA%B5%AC%EC%94%A8%EB%84%A4%EB%B6%80%EC%97%8C,/assets/naver-courses/e1ddb9539e18da8a1d93b0d6.jpg,검수완료
course-00223,노란돼지 → 파스텔시티 → 태양커피 서울사당점 코스,노란돼지,서울 동작구 동작대로7길 97,노란돼지 → 파스텔시티 → 태양커피 서울사당점,"쇼핑, 음식점, 카페",노란돼지 사당 | 노란돼지 방배 | 노란돼지 동작대로7길 97 | 노란돼지 사당 서울 동작구 동작대로7길 97,https://search.naver.com/search.naver?where=image&query=%EB%85%B8%EB%9E%80%EB%8F%BC%EC%A7%80%20%EC%82%AC%EB%8B%B9,/assets/naver-courses/74a8259c77a046613cf31ca4.jpg,검수완료
course-00224,노란돼지 → 사당1동먹자골목상점가 → 머치커피 코스,노란돼지,서울 동작구 동작대로7길 97,노란돼지 → 사당1동먹자골목상점가 → 머치커피,"관광, 음식점, 카페",노란돼지 사당 | 노란돼지 방배 | 노란돼지 동작대로7길 97 | 노란돼지 사당 서울 동작구 동작대로7길 97,https://search.naver.com/search.naver?where=image&query=%EB%85%B8%EB%9E%80%EB%8F%BC%EC%A7%80%20%EC%82%AC%EB%8B%B9,,사진 미완료 · 수동 검색 인계
course-00225,브이스퀘어 → 일편등심 강남 코스,브이스퀘어,서울 광진구 아차산로 272,브이스퀘어 → 일편등심 강남,"음식점, 전시",브이스퀘어 건대 | 브이스퀘어 롯데시네마 | V SQUARE 건대입구 | 브이스퀘어 건대 서울 광진구 아차산로 272,https://search.naver.com/search.naver?where=image&query=%EB%B8%8C%EC%9D%B4%EC%8A%A4%ED%80%98%EC%96%B4%20%EA%B1%B4%EB%8C%80,,사진 미완료 · 수동 검색 인계
course-00226,로얄마카롱 → 오레노라멘 강남점 → 서리풀푸드트럭존 코스,로얄마카롱,,로얄마카롱 → 오레노라멘 강남점 → 서리풀푸드트럭존,"관광, 음식점, 카페",로얄마카롱 | 서울 로얄마카롱 | 로얄마카롱 매장,https://search.naver.com/search.naver?where=image&query=%EB%A1%9C%EC%96%84%EB%A7%88%EC%B9%B4%EB%A1%B1,/assets/naver-courses/9ad27d390087612f2d7d21c3.jpg,검수완료
course-00227,노란돼지 → 사당1동먹자골목상점가 → 그루타 코스,노란돼지,서울 동작구 동작대로7길 97,노란돼지 → 사당1동먹자골목상점가 → 그루타,"관광, 음식점, 카페",노란돼지 사당 | 노란돼지 방배 | 노란돼지 동작대로7길 97 | 노란돼지 사당 서울 동작구 동작대로7길 97,https://search.naver.com/search.naver?where=image&query=%EB%85%B8%EB%9E%80%EB%8F%BC%EC%A7%80%20%EC%82%AC%EB%8B%B9,/assets/naver-courses/91056dd45f592ad2cf16c60f.jpg,검수완료
course-00228,문화역서울284 → 남대문칼국수골목 → 금성관 코스,문화역서울284,서울 중구 통일로 1,문화역서울284 → 남대문칼국수골목 → 금성관,"관광, 음식점, 전시",문화역서울284 | 문화역 서울 284 | 문화역서울 284 전시 | 문화역서울284 서울 중구 통일로 1,https://search.naver.com/search.naver?where=image&query=%EB%AC%B8%ED%99%94%EC%97%AD%EC%84%9C%EC%9A%B8284,/assets/naver-courses/2ca6c4507bd0a708af154ea3.jpg,검수완료
course-00229,신도림이도식당 → 도림천 → 카페1953위드오드리 코스,신도림이도식당,서울 구로구 경인로 661,신도림이도식당 → 도림천 → 카페1953위드오드리,"관광, 음식점, 카페",신도림 이도식당 | 이도식당 신도림 | 이도식당 경인로 661 | 신도림 이도식당 서울 구로구 경인로 661,https://search.naver.com/search.naver?where=image&query=%EC%8B%A0%EB%8F%84%EB%A6%BC%20%EC%9D%B4%EB%8F%84%EC%8B%9D%EB%8B%B9,/assets/naver-courses/de03960f83d8b8c605d89ddf.jpg,검수완료
course-00230,브이스퀘어 → 문화역서울284 코스,브이스퀘어,서울 광진구 아차산로 272,브이스퀘어 → 문화역서울284,전시,브이스퀘어 건대 | 브이스퀘어 롯데시네마 | V SQUARE 건대입구 | 브이스퀘어 건대 서울 광진구 아차산로 272,https://search.naver.com/search.naver?where=image&query=%EB%B8%8C%EC%9D%B4%EC%8A%A4%ED%80%98%EC%96%B4%20%EA%B1%B4%EB%8C%80,/assets/naver-courses/de3000d421b9919da8b570aa.jpg,검수완료
course-00231,잠실지하광장 쇼핑센터 → 롯데갤러리아트홀 → 송파나루공원 삼전도비 코스,잠실지하광장 쇼핑센터,서울 송파구 잠실로 지하 156,잠실지하광장 쇼핑센터 → 롯데갤러리아트홀 → 송파나루공원 삼전도비,"관광, 쇼핑, 전시",잠실지하광장 쇼핑센터 | 잠실 지하광장 | 잠실지하광장 상가 | 잠실역 지하광장 | 잠실지하광장 쇼핑센터 서울 송파구 잠실로 지하 156,https://search.naver.com/search.naver?where=image&query=%EC%9E%A0%EC%8B%A4%EC%A7%80%ED%95%98%EA%B4%91%EC%9E%A5%20%EC%87%BC%ED%95%91%EC%84%BC%ED%84%B0,,사진 미완료 · 수동 검색 인계
course-00232,그라운드시소 센트럴 → 숭례문 → 가메골손왕만두 남대문본점 코스,그라운드시소 센트럴,서울 중구 세종대로 14,그라운드시소 센트럴 → 숭례문 → 가메골손왕만두 남대문본점,"관광, 음식점, 전시",그라운드시소 센트럴 | 센트럴 그라운드시소 | 그라운드시소 센트럴 전시 | 그라운드시소 센트럴 서울 중구 세종대로 14,https://search.naver.com/search.naver?where=image&query=%EA%B7%B8%EB%9D%BC%EC%9A%B4%EB%93%9C%EC%8B%9C%EC%86%8C%20%EC%84%BC%ED%8A%B8%EB%9F%B4,/assets/naver-courses/e7a1f6c2f91b9faf401cf250.jpg,검수완료
course-00233,커넥트투 → 현대수산 코스,커넥트투,서울 송파구 올림픽로 300,커넥트투 → 현대수산,"음식점, 전시",커넥트투 잠실 | 커넥트투 롯데월드몰 | CONNECT TO 잠실 | 커넥트투 잠실 서울 송파구 올림픽로 300,https://search.naver.com/search.naver?where=image&query=%EC%BB%A4%EB%84%A5%ED%8A%B8%ED%88%AC%20%EC%9E%A0%EC%8B%A4,/assets/naver-courses/977ed09d299bd12a7eeab578.jpg,검수완료
course-00234,건국대학교 일감호 → 성동 AI미래기술체험센터 코스,건국대학교 일감호,서울 광진구 능동로 120,건국대학교 일감호 → 성동 AI미래기술체험센터,"관광, 체험",건국대학교 일감호 | 건대 일감호 | 일감호 | 건국대학교 일감호 서울 광진구 능동로 120,https://search.naver.com/search.naver?where=image&query=%EA%B1%B4%EA%B5%AD%EB%8C%80%ED%95%99%EA%B5%90%20%EC%9D%BC%EA%B0%90%ED%98%B8,/assets/naver-courses/d67ad4729815dad9858ca157.jpg,검수완료
course-00235,잠실지하광장 쇼핑센터 → 에비뉴엘아트홀 → 석촌호수 동호 코스,잠실지하광장 쇼핑센터,서울 송파구 잠실로 지하 156,잠실지하광장 쇼핑센터 → 에비뉴엘아트홀 → 석촌호수 동호,"관광, 쇼핑, 전시",잠실지하광장 쇼핑센터 | 잠실 지하광장 | 잠실지하광장 상가 | 잠실역 지하광장 | 잠실지하광장 쇼핑센터 서울 송파구 잠실로 지하 156,https://search.naver.com/search.naver?where=image&query=%EC%9E%A0%EC%8B%A4%EC%A7%80%ED%95%98%EA%B4%91%EC%9E%A5%20%EC%87%BC%ED%95%91%EC%84%BC%ED%84%B0,/assets/naver-courses/48d30d1b4797b3f3757a1cff.jpg,검수완료
course-00236,일편등심 강남 → 가배도 신논현점 → 창업쇼핑 코스,일편등심 강남,서울 강남구 테헤란로1길 20,일편등심 강남 → 가배도 신논현점 → 창업쇼핑,"쇼핑, 음식점, 카페",일편등심 강남점 | 강남 일편등심 | 일편등심 테헤란로1길 20 | 일편등심 강남점 서울 강남구 테헤란로1길 20,https://search.naver.com/search.naver?where=image&query=%EC%9D%BC%ED%8E%B8%EB%93%B1%EC%8B%AC%20%EA%B0%95%EB%82%A8%EC%A0%90,/assets/naver-courses/6ee768199b36e3e56768f329.jpg,검수완료
course-00237,문화역서울284 → 이이네 → 남대문칼국수골목 코스,문화역서울284,서울 중구 통일로 1,문화역서울284 → 이이네 → 남대문칼국수골목,"관광, 음식점, 전시",문화역서울284 | 문화역 서울 284 | 문화역서울 284 전시 | 문화역서울284 서울 중구 통일로 1,https://search.naver.com/search.naver?where=image&query=%EB%AC%B8%ED%99%94%EC%97%AD%EC%84%9C%EC%9A%B8284,,사진 미완료 · 수동 검색 인계
course-00238,노란돼지 → 카페 미토 → 윤남아트스페이스 코스,노란돼지,서울 동작구 동작대로7길 97,노란돼지 → 카페 미토 → 윤남아트스페이스,"음식점, 전시, 카페",노란돼지 사당 | 노란돼지 방배 | 노란돼지 동작대로7길 97 | 노란돼지 사당 서울 동작구 동작대로7길 97,https://search.naver.com/search.naver?where=image&query=%EB%85%B8%EB%9E%80%EB%8F%BC%EC%A7%80%20%EC%82%AC%EB%8B%B9,,사진 미완료 · 수동 검색 인계
course-00239,잠실지하광장 쇼핑센터 → 한정선 잠실롯데월드몰점 → 뮤지엄209 코스,잠실지하광장 쇼핑센터,서울 송파구 잠실로 지하 156,잠실지하광장 쇼핑센터 → 한정선 잠실롯데월드몰점 → 뮤지엄209,"쇼핑, 전시, 카페",잠실지하광장 쇼핑센터 | 잠실 지하광장 | 잠실지하광장 상가 | 잠실역 지하광장 | 잠실지하광장 쇼핑센터 서울 송파구 잠실로 지하 156,https://search.naver.com/search.naver?where=image&query=%EC%9E%A0%EC%8B%A4%EC%A7%80%ED%95%98%EA%B4%91%EC%9E%A5%20%EC%87%BC%ED%95%91%EC%84%BC%ED%84%B0,,사진 미완료 · 수동 검색 인계
course-00240,잠실지하광장 쇼핑센터 → 서울스카이 → 뮤지엄209 코스,잠실지하광장 쇼핑센터,서울 송파구 잠실로 지하 156,잠실지하광장 쇼핑센터 → 서울스카이 → 뮤지엄209,"관광, 쇼핑, 전시",잠실지하광장 쇼핑센터 | 잠실 지하광장 | 잠실지하광장 상가 | 잠실역 지하광장 | 잠실지하광장 쇼핑센터 서울 송파구 잠실로 지하 156,https://search.naver.com/search.naver?where=image&query=%EC%9E%A0%EC%8B%A4%EC%A7%80%ED%95%98%EA%B4%91%EC%9E%A5%20%EC%87%BC%ED%95%91%EC%84%BC%ED%84%B0,,사진 미완료 · 수동 검색 인계
course-00241,브이스퀘어 → 건대맛의거리 → 육일관 본점 코스,브이스퀘어,서울 광진구 아차산로 272,브이스퀘어 → 건대맛의거리 → 육일관 본점,"관광, 음식점, 전시",브이스퀘어 건대 | 브이스퀘어 롯데시네마 | V SQUARE 건대입구 | 브이스퀘어 건대 서울 광진구 아차산로 272,https://search.naver.com/search.naver?where=image&query=%EB%B8%8C%EC%9D%B4%EC%8A%A4%ED%80%98%EC%96%B4%20%EA%B1%B4%EB%8C%80,/assets/naver-courses/ebed415892fd3baefc9b4751.jpg,검수완료
course-00242,신도림이도식당 → 구로스마트라운지 → 에스프리노블 코스,신도림이도식당,서울 구로구 경인로 661,신도림이도식당 → 구로스마트라운지 → 에스프리노블,"음식점, 전시, 카페",신도림 이도식당 | 이도식당 신도림 | 이도식당 경인로 661 | 신도림 이도식당 서울 구로구 경인로 661,https://search.naver.com/search.naver?where=image&query=%EC%8B%A0%EB%8F%84%EB%A6%BC%20%EC%9D%B4%EB%8F%84%EC%8B%9D%EB%8B%B9,/assets/naver-courses/de5cb92cb6cbee55d59dcb63.jpg,검수완료
course-00243,문화역서울284 → 덕수정 → 전광수커피하우스 정동점 코스,문화역서울284,서울 중구 통일로 1,문화역서울284 → 덕수정 → 전광수커피하우스 정동점,"음식점, 전시, 카페",문화역서울284 | 문화역 서울 284 | 문화역서울 284 전시 | 문화역서울284 서울 중구 통일로 1,https://search.naver.com/search.naver?where=image&query=%EB%AC%B8%ED%99%94%EC%97%AD%EC%84%9C%EC%9A%B8284,/assets/naver-courses/9035dca7f0389d3a89700a79.jpg,검수완료
course-00244,일편등심 강남 → 스머프매직포레스트 → 창업쇼핑 코스,일편등심 강남,서울 강남구 테헤란로1길 20,일편등심 강남 → 스머프매직포레스트 → 창업쇼핑,"관광, 쇼핑, 음식점",일편등심 강남점 | 강남 일편등심 | 일편등심 테헤란로1길 20 | 일편등심 강남점 서울 강남구 테헤란로1길 20,https://search.naver.com/search.naver?where=image&query=%EC%9D%BC%ED%8E%B8%EB%93%B1%EC%8B%AC%20%EA%B0%95%EB%82%A8%EC%A0%90,/assets/naver-courses/2c6f71de82cf7bc614e60860.jpg,검수완료
course-00245,구씨네부엌 → 홍대갤러리 키르큐펠 → 호러스위치 코스,구씨네부엌,,구씨네부엌 → 홍대갤러리 키르큐펠 → 호러스위치,"관광, 음식점, 전시","구씨네부엌 | 홍대 구씨네 부엌 | 구씨네부엌 신촌 | 홍대 구씨네부엌 피자 | 구씨네부엌 파스타 | ""구씨네부엌""",https://search.naver.com/search.naver?where=image&query=%EA%B5%AC%EC%94%A8%EB%84%A4%EB%B6%80%EC%97%8C,/assets/naver-courses/1ae964e388840982d7973d9e.jpg,검수완료
course-00246,문화역서울284 → 남대문갈치조림골목 → 애성회관 코스,문화역서울284,서울 중구 통일로 1,문화역서울284 → 남대문갈치조림골목 → 애성회관,"관광, 음식점, 전시",문화역서울284 | 문화역 서울 284 | 문화역서울 284 전시 | 문화역서울284 서울 중구 통일로 1,https://search.naver.com/search.naver?where=image&query=%EB%AC%B8%ED%99%94%EC%97%AD%EC%84%9C%EC%9A%B8284,/assets/naver-courses/b1876a87dd750aa240fc6fce.jpg,검수완료
course-00247,브이스퀘어 → 건대맛의거리 → 스타벅스 건국대점 코스,브이스퀘어,서울 광진구 아차산로 272,브이스퀘어 → 건대맛의거리 → 스타벅스 건국대점,"관광, 전시, 카페",브이스퀘어 건대 | 브이스퀘어 롯데시네마 | V SQUARE 건대입구 | 브이스퀘어 건대 서울 광진구 아차산로 272,https://search.naver.com/search.naver?where=image&query=%EB%B8%8C%EC%9D%B4%EC%8A%A4%ED%80%98%EC%96%B4%20%EA%B1%B4%EB%8C%80,,사진 미완료 · 수동 검색 인계
course-00248,잠실지하광장 쇼핑센터 → 롯데갤러리아트홀 → 석촌호수 동호 코스,잠실지하광장 쇼핑센터,서울 송파구 잠실로 지하 156,잠실지하광장 쇼핑센터 → 롯데갤러리아트홀 → 석촌호수 동호,"관광, 쇼핑, 전시",잠실지하광장 쇼핑센터 | 잠실 지하광장 | 잠실지하광장 상가 | 잠실역 지하광장 | 잠실지하광장 쇼핑센터 서울 송파구 잠실로 지하 156,https://search.naver.com/search.naver?where=image&query=%EC%9E%A0%EC%8B%A4%EC%A7%80%ED%95%98%EA%B4%91%EC%9E%A5%20%EC%87%BC%ED%95%91%EC%84%BC%ED%84%B0,,사진 미완료 · 수동 검색 인계
course-00249,노란돼지 → 머치커피 → 윤남아트스페이스 코스,노란돼지,서울 동작구 동작대로7길 97,노란돼지 → 머치커피 → 윤남아트스페이스,"음식점, 전시, 카페",노란돼지 사당 | 노란돼지 방배 | 노란돼지 동작대로7길 97 | 노란돼지 사당 서울 동작구 동작대로7길 97,https://search.naver.com/search.naver?where=image&query=%EB%85%B8%EB%9E%80%EB%8F%BC%EC%A7%80%20%EC%82%AC%EB%8B%B9,/assets/naver-courses/8aa62e1e20877b378c90f3f7.jpg,검수완료
course-00250,일편등심 강남 → 정동전망대 코스,일편등심 강남,서울 강남구 테헤란로1길 20,일편등심 강남 → 정동전망대,"관광, 음식점",일편등심 강남점 | 강남 일편등심 | 일편등심 테헤란로1길 20 | 일편등심 강남점 서울 강남구 테헤란로1길 20,https://search.naver.com/search.naver?where=image&query=%EC%9D%BC%ED%8E%B8%EB%93%B1%EC%8B%AC%20%EA%B0%95%EB%82%A8%EC%A0%90,/assets/naver-courses/27f9e8f9932bdb6ba9eba8dc.jpg,검수완료
course-00251,커넥트투 → 롯데월드타워&롯데월드몰 → 석촌호수 동호 코스,커넥트투,서울 송파구 올림픽로 300,커넥트투 → 롯데월드타워&롯데월드몰 → 석촌호수 동호,"관광, 쇼핑, 전시",커넥트투 잠실 | 커넥트투 롯데월드몰 | CONNECT TO 잠실 | 커넥트투 잠실 서울 송파구 올림픽로 300,https://search.naver.com/search.naver?where=image&query=%EC%BB%A4%EB%84%A5%ED%8A%B8%ED%88%AC%20%EC%9E%A0%EC%8B%A4,/assets/naver-courses/8c73003476bab4d96475ba3e.jpg,검수완료
course-00252,브이스퀘어 → 스타벅스 건국클래식점 → 훈춘양꼬치 1호점 코스,브이스퀘어,서울 광진구 아차산로 272,브이스퀘어 → 스타벅스 건국클래식점 → 훈춘양꼬치 1호점,"음식점, 전시, 카페",브이스퀘어 건대 | 브이스퀘어 롯데시네마 | V SQUARE 건대입구 | 브이스퀘어 건대 서울 광진구 아차산로 272,https://search.naver.com/search.naver?where=image&query=%EB%B8%8C%EC%9D%B4%EC%8A%A4%ED%80%98%EC%96%B4%20%EA%B1%B4%EB%8C%80,,사진 미완료 · 수동 검색 인계
course-00253,만동제과 → 독수리다방 → 스타광장 코스,만동제과,서울 서대문구 연희로 32,만동제과 → 독수리다방 → 스타광장,"관광, 음식점, 카페",만동제과 연남점 | 만동제과 홍대 | 만동제과 연희로 32 | 만동제과 연남점 서울 서대문구 연희로 32,https://search.naver.com/search.naver?where=image&query=%EB%A7%8C%EB%8F%99%EC%A0%9C%EA%B3%BC%20%EC%97%B0%EB%82%A8%EC%A0%90,/assets/naver-courses/7557a81ecaad54d13d721bfa.jpg,검수완료
course-00254,잠실지하광장 쇼핑센터 → 한정선 잠실롯데월드몰점 → 석촌호수 동호 코스,잠실지하광장 쇼핑센터,서울 송파구 잠실로 지하 156,잠실지하광장 쇼핑센터 → 한정선 잠실롯데월드몰점 → 석촌호수 동호,"관광, 쇼핑, 카페",잠실지하광장 쇼핑센터 | 잠실 지하광장 | 잠실지하광장 상가 | 잠실역 지하광장 | 잠실지하광장 쇼핑센터 서울 송파구 잠실로 지하 156,https://search.naver.com/search.naver?where=image&query=%EC%9E%A0%EC%8B%A4%EC%A7%80%ED%95%98%EA%B4%91%EC%9E%A5%20%EC%87%BC%ED%95%91%EC%84%BC%ED%84%B0,,사진 미완료 · 수동 검색 인계
course-00255,정동전망대 → 커피스니퍼 → 금성관 코스,정동전망대,서울 중구 덕수궁길 15,정동전망대 → 커피스니퍼 → 금성관,"관광, 음식점, 카페",정동전망대 | 정동 전망대 | 정동전망대 덕수궁 | 정동전망대 서울 중구 덕수궁길 15,https://search.naver.com/search.naver?where=image&query=%EC%A0%95%EB%8F%99%EC%A0%84%EB%A7%9D%EB%8C%80,/assets/naver-courses/174d3d5f71fb3e6762317921.jpg,검수완료
course-00256,로얄마카롱 → 자매수산 → 스머프매직포레스트 코스,로얄마카롱,,로얄마카롱 → 자매수산 → 스머프매직포레스트,"관광, 음식점, 카페",로얄마카롱 | 서울 로얄마카롱 | 로얄마카롱 매장,https://search.naver.com/search.naver?where=image&query=%EB%A1%9C%EC%96%84%EB%A7%88%EC%B9%B4%EB%A1%B1,/assets/naver-courses/6cf63d235639396adc31f692.jpg,검수완료
course-00257,구씨네부엌 → 덕스(DUEX) → 농협경제지주 온라인사업부 코스,구씨네부엌,,구씨네부엌 → 덕스(DUEX) → 농협경제지주 온라인사업부,"쇼핑, 음식점, 전시","구씨네부엌 | 홍대 구씨네 부엌 | 구씨네부엌 신촌 | 홍대 구씨네부엌 피자 | 구씨네부엌 파스타 | ""구씨네부엌""",https://search.naver.com/search.naver?where=image&query=%EA%B5%AC%EC%94%A8%EB%84%A4%EB%B6%80%EC%97%8C,,사진 미완료 · 수동 검색 인계
course-00258,잠실지하광장 쇼핑센터 → 에비뉴엘아트홀 → 스타벅스 석촌호수점 코스,잠실지하광장 쇼핑센터,서울 송파구 잠실로 지하 156,잠실지하광장 쇼핑센터 → 에비뉴엘아트홀 → 스타벅스 석촌호수점,"쇼핑, 전시, 카페",잠실지하광장 쇼핑센터 | 잠실 지하광장 | 잠실지하광장 상가 | 잠실역 지하광장 | 잠실지하광장 쇼핑센터 서울 송파구 잠실로 지하 156,https://search.naver.com/search.naver?where=image&query=%EC%9E%A0%EC%8B%A4%EC%A7%80%ED%95%98%EA%B4%91%EC%9E%A5%20%EC%87%BC%ED%95%91%EC%84%BC%ED%84%B0,,사진 미완료 · 수동 검색 인계
course-00259,문화역서울284 → 희락갈치 → 텐스퀘어 오슬로 회현 코스,문화역서울284,서울 중구 통일로 1,문화역서울284 → 희락갈치 → 텐스퀘어 오슬로 회현,"음식점, 전시, 카페",문화역서울284 | 문화역 서울 284 | 문화역서울 284 전시 | 문화역서울284 서울 중구 통일로 1,https://search.naver.com/search.naver?where=image&query=%EB%AC%B8%ED%99%94%EC%97%AD%EC%84%9C%EC%9A%B8284,/assets/naver-courses/528fc716bae4948115db5e57.jpg,검수완료
course-00260,잠실지하광장 쇼핑센터 → 서울스카이 → 스타벅스 석촌호수점 코스,잠실지하광장 쇼핑센터,서울 송파구 잠실로 지하 156,잠실지하광장 쇼핑센터 → 서울스카이 → 스타벅스 석촌호수점,"관광, 쇼핑, 카페",잠실지하광장 쇼핑센터 | 잠실 지하광장 | 잠실지하광장 상가 | 잠실역 지하광장 | 잠실지하광장 쇼핑센터 서울 송파구 잠실로 지하 156,https://search.naver.com/search.naver?where=image&query=%EC%9E%A0%EC%8B%A4%EC%A7%80%ED%95%98%EA%B4%91%EC%9E%A5%20%EC%87%BC%ED%95%91%EC%84%BC%ED%84%B0,,사진 미완료 · 수동 검색 인계
course-00261,일편등심 강남 → 블루보틀 역삼카페 → 무신사 스토어 강남 코스,일편등심 강남,서울 강남구 테헤란로1길 20,일편등심 강남 → 블루보틀 역삼카페 → 무신사 스토어 강남,"쇼핑, 음식점, 카페",일편등심 강남점 | 강남 일편등심 | 일편등심 테헤란로1길 20 | 일편등심 강남점 서울 강남구 테헤란로1길 20,https://search.naver.com/search.naver?where=image&query=%EC%9D%BC%ED%8E%B8%EB%93%B1%EC%8B%AC%20%EA%B0%95%EB%82%A8%EC%A0%90,/assets/naver-courses/872e7d82e4ba089b69e2ec3c.jpg,검수완료
course-00262,잠실지하광장 쇼핑센터 → 서울스카이 → 이머시브플랫폼딥 코스,잠실지하광장 쇼핑센터,서울 송파구 잠실로 지하 156,잠실지하광장 쇼핑센터 → 서울스카이 → 이머시브플랫폼딥,"관광, 쇼핑, 전시",잠실지하광장 쇼핑센터 | 잠실 지하광장 | 잠실지하광장 상가 | 잠실역 지하광장 | 잠실지하광장 쇼핑센터 서울 송파구 잠실로 지하 156,https://search.naver.com/search.naver?where=image&query=%EC%9E%A0%EC%8B%A4%EC%A7%80%ED%95%98%EA%B4%91%EC%9E%A5%20%EC%87%BC%ED%95%91%EC%84%BC%ED%84%B0,/assets/naver-courses/6455fabc10bd3ca235f2f3ab.jpg,검수완료
course-00263,신도림이도식당 → 구로스마트라운지 → 콘피 코스,신도림이도식당,서울 구로구 경인로 661,신도림이도식당 → 구로스마트라운지 → 콘피,"음식점, 전시, 카페",신도림 이도식당 | 이도식당 신도림 | 이도식당 경인로 661 | 신도림 이도식당 서울 구로구 경인로 661,https://search.naver.com/search.naver?where=image&query=%EC%8B%A0%EB%8F%84%EB%A6%BC%20%EC%9D%B4%EB%8F%84%EC%8B%9D%EB%8B%B9,/assets/naver-courses/f1bb986a18a6b6adec570db6.jpg,검수완료
course-00264,아트팩토리체험공방 → 브이스퀘어 코스,아트팩토리체험공방,서울 성동구 왕십리로 241,아트팩토리체험공방 → 브이스퀘어,"전시, 체험",아트팩토리 체험공방 | 아트팩토리 왕십리 | 아트팩토리 왕십리로 241 | 아트팩토리 체험공방 서울 성동구 왕십리로 241,https://search.naver.com/search.naver?where=image&query=%EC%95%84%ED%8A%B8%ED%8C%A9%ED%86%A0%EB%A6%AC%20%EC%B2%B4%ED%97%98%EA%B3%B5%EB%B0%A9,,사진 미완료 · 수동 검색 인계
course-00265,구씨네부엌 → 홍대갤러리 키르큐펠 → 토로스쇼핑타워 코스,구씨네부엌,,구씨네부엌 → 홍대갤러리 키르큐펠 → 토로스쇼핑타워,"쇼핑, 음식점, 전시","구씨네부엌 | 홍대 구씨네 부엌 | 구씨네부엌 신촌 | 홍대 구씨네부엌 피자 | 구씨네부엌 파스타 | ""구씨네부엌""",https://search.naver.com/search.naver?where=image&query=%EA%B5%AC%EC%94%A8%EB%84%A4%EB%B6%80%EC%97%8C,/assets/naver-courses/2a73eb9962b4fd0dfe122b4e.jpg,검수완료
course-00266,정동전망대 → 브이스퀘어 코스,정동전망대,서울 중구 덕수궁길 15,정동전망대 → 브이스퀘어,"관광, 전시",정동전망대 | 정동 전망대 | 정동전망대 덕수궁 | 정동전망대 서울 중구 덕수궁길 15,https://search.naver.com/search.naver?where=image&query=%EC%A0%95%EB%8F%99%EC%A0%84%EB%A7%9D%EB%8C%80,/assets/naver-courses/30e6cf4d45ad2c2eb06d19bc.jpg,검수완료
course-00267,잠실지하광장 쇼핑센터 → 롯데갤러리아트홀 → 롯데월드 어드벤처 코스,잠실지하광장 쇼핑센터,서울 송파구 잠실로 지하 156,잠실지하광장 쇼핑센터 → 롯데갤러리아트홀 → 롯데월드 어드벤처,"관광, 쇼핑, 전시",잠실지하광장 쇼핑센터 | 잠실 지하광장 | 잠실지하광장 상가 | 잠실역 지하광장 | 잠실지하광장 쇼핑센터 서울 송파구 잠실로 지하 156,https://search.naver.com/search.naver?where=image&query=%EC%9E%A0%EC%8B%A4%EC%A7%80%ED%95%98%EA%B4%91%EC%9E%A5%20%EC%87%BC%ED%95%91%EC%84%BC%ED%84%B0,/assets/naver-courses/52b3fc3d7e8356ad752b6386.jpg,검수완료
course-00268,구씨네부엌 → AC'SCENT(악센트) → 독수리다방 코스,구씨네부엌,,구씨네부엌 → AC'SCENT(악센트) → 독수리다방,"음식점, 전시, 카페","구씨네부엌 | 홍대 구씨네 부엌 | 구씨네부엌 신촌 | 홍대 구씨네부엌 피자 | 구씨네부엌 파스타 | ""구씨네부엌""",https://search.naver.com/search.naver?where=image&query=%EA%B5%AC%EC%94%A8%EB%84%A4%EB%B6%80%EC%97%8C,/assets/naver-courses/6d30ab00d4f2cdabcc1e1f1f.jpg,검수완료
course-00269,태양커피 서울사당점 → 명인시골통닭 사당점 → 파스텔시티 코스,태양커피 서울사당점,서울 서초구 방배천로 32,태양커피 서울사당점 → 명인시골통닭 사당점 → 파스텔시티,"쇼핑, 음식점, 카페",태양커피 사당점 | 사당 태양커피 | 태양커피 방배천로 32 | 태양커피 사당점 서울 서초구 방배천로 32,https://search.naver.com/search.naver?where=image&query=%ED%83%9C%EC%96%91%EC%BB%A4%ED%94%BC%20%EC%82%AC%EB%8B%B9%EC%A0%90,/assets/naver-courses/5d730109a7b3d872b680f9d2.jpg,검수완료
course-00270,잠실지하광장 쇼핑센터 → 넥스트뮤지엄 → 석촌호수 동호 코스,잠실지하광장 쇼핑센터,서울 송파구 잠실로 지하 156,잠실지하광장 쇼핑센터 → 넥스트뮤지엄 → 석촌호수 동호,"관광, 쇼핑, 전시",잠실지하광장 쇼핑센터 | 잠실 지하광장 | 잠실지하광장 상가 | 잠실역 지하광장 | 잠실지하광장 쇼핑센터 서울 송파구 잠실로 지하 156,https://search.naver.com/search.naver?where=image&query=%EC%9E%A0%EC%8B%A4%EC%A7%80%ED%95%98%EA%B4%91%EC%9E%A5%20%EC%87%BC%ED%95%91%EC%84%BC%ED%84%B0,/assets/naver-courses/54012bba830a00fff86d4780.jpg,검수완료
course-00271,구씨네부엌 → 토로스쇼핑타워 → 트릭아이뮤지엄 코스,구씨네부엌,,구씨네부엌 → 토로스쇼핑타워 → 트릭아이뮤지엄,"관광, 쇼핑, 음식점","구씨네부엌 | 홍대 구씨네 부엌 | 구씨네부엌 신촌 | 홍대 구씨네부엌 피자 | 구씨네부엌 파스타 | ""구씨네부엌""",https://search.naver.com/search.naver?where=image&query=%EA%B5%AC%EC%94%A8%EB%84%A4%EB%B6%80%EC%97%8C,/assets/naver-courses/f7d12adc07b26b586f4350a9.jpg,검수완료
course-00272,문화역서울284 → 농민백암순대 시청직영점 → 커피스니퍼 코스,문화역서울284,서울 중구 통일로 1,문화역서울284 → 농민백암순대 시청직영점 → 커피스니퍼,"음식점, 전시, 카페",문화역서울284 | 문화역 서울 284 | 문화역서울 284 전시 | 문화역서울284 서울 중구 통일로 1,https://search.naver.com/search.naver?where=image&query=%EB%AC%B8%ED%99%94%EC%97%AD%EC%84%9C%EC%9A%B8284,/assets/naver-courses/d75b6126e56d7c67a32db43b.jpg,검수완료
course-00273,꿈동산 동심쇼핑센터 → 콘피 코스,꿈동산 동심쇼핑센터,서울 종로구 종로52길 25,꿈동산 동심쇼핑센터 → 콘피,"쇼핑, 카페",꿈동산 동심쇼핑센터 | 동심쇼핑센터 | 창신동 동심 쇼핑센터 | 꿈동산 동심쇼핑센터 서울 종로구 종로52길 25,https://search.naver.com/search.naver?where=image&query=%EA%BF%88%EB%8F%99%EC%82%B0%20%EB%8F%99%EC%8B%AC%EC%87%BC%ED%95%91%EC%84%BC%ED%84%B0,/assets/naver-courses/967777dde79280873540e9e2.jpg,검수완료
course-00274,구씨네부엌 → 4233 마음센터 연남점 → 더마틴 코스,구씨네부엌,,구씨네부엌 → 4233 마음센터 연남점 → 더마틴,"음식점, 전시, 카페","구씨네부엌 | 홍대 구씨네 부엌 | 구씨네부엌 신촌 | 홍대 구씨네부엌 피자 | 구씨네부엌 파스타 | ""구씨네부엌""",https://search.naver.com/search.naver?where=image&query=%EA%B5%AC%EC%94%A8%EB%84%A4%EB%B6%80%EC%97%8C,/assets/naver-courses/9e9984a6113c493a9835522d.jpg,검수완료
course-00275,정동전망대 → 아트조선스페이스 → 광화문국밥 본점 코스,정동전망대,서울 중구 덕수궁길 15,정동전망대 → 아트조선스페이스 → 광화문국밥 본점,"관광, 음식점, 전시",정동전망대 | 정동 전망대 | 정동전망대 덕수궁 | 정동전망대 서울 중구 덕수궁길 15,https://search.naver.com/search.naver?where=image&query=%EC%A0%95%EB%8F%99%EC%A0%84%EB%A7%9D%EB%8C%80,/assets/naver-courses/6f58cf338d67aa1d79f45218.jpg,검수완료
course-00276,문화역서울284 → 숭례문 → 커피스니퍼 코스,문화역서울284,서울 중구 통일로 1,문화역서울284 → 숭례문 → 커피스니퍼,"관광, 전시, 카페",문화역서울284 | 문화역 서울 284 | 문화역서울 284 전시 | 문화역서울284 서울 중구 통일로 1,https://search.naver.com/search.naver?where=image&query=%EB%AC%B8%ED%99%94%EC%97%AD%EC%84%9C%EC%9A%B8284,/assets/naver-courses/ffdec69d1e89fabdad8fdfe4.jpg,검수완료
course-00277,만동제과 → WP → 뉴스뮤지엄 연희점 코스,만동제과,서울 서대문구 연희로 32,만동제과 → WP → 뉴스뮤지엄 연희점,"음식점, 전시, 카페",만동제과 연남점 | 만동제과 홍대 | 만동제과 연희로 32 | 만동제과 연남점 서울 서대문구 연희로 32,https://search.naver.com/search.naver?where=image&query=%EB%A7%8C%EB%8F%99%EC%A0%9C%EA%B3%BC%20%EC%97%B0%EB%82%A8%EC%A0%90,/assets/naver-courses/7eb096e28abdf7c38826b991.jpg,검수완료
course-00278,잠실지하광장 쇼핑센터 → 송파나루공원 삼전도비 → 이머시브플랫폼딥 코스,잠실지하광장 쇼핑센터,서울 송파구 잠실로 지하 156,잠실지하광장 쇼핑센터 → 송파나루공원 삼전도비 → 이머시브플랫폼딥,"관광, 쇼핑, 전시",잠실지하광장 쇼핑센터 | 잠실 지하광장 | 잠실지하광장 상가 | 잠실역 지하광장 | 잠실지하광장 쇼핑센터 서울 송파구 잠실로 지하 156,https://search.naver.com/search.naver?where=image&query=%EC%9E%A0%EC%8B%A4%EC%A7%80%ED%95%98%EA%B4%91%EC%9E%A5%20%EC%87%BC%ED%95%91%EC%84%BC%ED%84%B0,,사진 미완료 · 수동 검색 인계
course-00279,잠실지하광장 쇼핑센터 → 송파나루공원 삼전도비 → 스타벅스 석촌호수점 코스,잠실지하광장 쇼핑센터,서울 송파구 잠실로 지하 156,잠실지하광장 쇼핑센터 → 송파나루공원 삼전도비 → 스타벅스 석촌호수점,"관광, 쇼핑, 카페",잠실지하광장 쇼핑센터 | 잠실 지하광장 | 잠실지하광장 상가 | 잠실역 지하광장 | 잠실지하광장 쇼핑센터 서울 송파구 잠실로 지하 156,https://search.naver.com/search.naver?where=image&query=%EC%9E%A0%EC%8B%A4%EC%A7%80%ED%95%98%EA%B4%91%EC%9E%A5%20%EC%87%BC%ED%95%91%EC%84%BC%ED%84%B0,,사진 미완료 · 수동 검색 인계
course-00280,일편등심 강남 → 블루보틀 역삼카페 → 이바인체험샵 코스,일편등심 강남,서울 강남구 테헤란로1길 20,일편등심 강남 → 블루보틀 역삼카페 → 이바인체험샵,"쇼핑, 음식점, 카페",일편등심 강남점 | 강남 일편등심 | 일편등심 테헤란로1길 20 | 일편등심 강남점 서울 강남구 테헤란로1길 20,https://search.naver.com/search.naver?where=image&query=%EC%9D%BC%ED%8E%B8%EB%93%B1%EC%8B%AC%20%EA%B0%95%EB%82%A8%EC%A0%90,/assets/naver-courses/701984ea0a3e45695deccc51.jpg,검수완료
course-00281,브이스퀘어 → 우주로캣 → 육일관 본점 코스,브이스퀘어,서울 광진구 아차산로 272,브이스퀘어 → 우주로캣 → 육일관 본점,"음식점, 전시, 카페",브이스퀘어 건대 | 브이스퀘어 롯데시네마 | V SQUARE 건대입구 | 브이스퀘어 건대 서울 광진구 아차산로 272,https://search.naver.com/search.naver?where=image&query=%EB%B8%8C%EC%9D%B4%EC%8A%A4%ED%80%98%EC%96%B4%20%EA%B1%B4%EB%8C%80,/assets/naver-courses/4126cb6097ccfd3cdbdf84f3.jpg,검수완료
course-00282,브이스퀘어 → 우주로캣 → 훈춘양꼬치 1호점 코스,브이스퀘어,서울 광진구 아차산로 272,브이스퀘어 → 우주로캣 → 훈춘양꼬치 1호점,"음식점, 전시, 카페",브이스퀘어 건대 | 브이스퀘어 롯데시네마 | V SQUARE 건대입구 | 브이스퀘어 건대 서울 광진구 아차산로 272,https://search.naver.com/search.naver?where=image&query=%EB%B8%8C%EC%9D%B4%EC%8A%A4%ED%80%98%EC%96%B4%20%EA%B1%B4%EB%8C%80,,사진 미완료 · 수동 검색 인계
course-00283,로얄마카롱 → 엘씨오 코스,로얄마카롱,,로얄마카롱 → 엘씨오,"전시, 카페",로얄마카롱 | 서울 로얄마카롱 | 로얄마카롱 매장,https://search.naver.com/search.naver?where=image&query=%EB%A1%9C%EC%96%84%EB%A7%88%EC%B9%B4%EB%A1%B1,/assets/naver-courses/0da4b657464109f91fbf7c37.jpg,검수완료
course-00284,문화역서울284 → 숭례문 → 텐스퀘어 오슬로 회현 코스,문화역서울284,서울 중구 통일로 1,문화역서울284 → 숭례문 → 텐스퀘어 오슬로 회현,"관광, 전시, 카페",문화역서울284 | 문화역 서울 284 | 문화역서울 284 전시 | 문화역서울284 서울 중구 통일로 1,https://search.naver.com/search.naver?where=image&query=%EB%AC%B8%ED%99%94%EC%97%AD%EC%84%9C%EC%9A%B8284,/assets/naver-courses/01356950605766e024e97ceb.jpg,검수완료
course-00285,동대문디자인플라자 디자인전시관 → 일편등심 강남 코스,동대문디자인플라자 디자인전시관,서울 중구 을지로 281,동대문디자인플라자 디자인전시관 → 일편등심 강남,"음식점, 전시",DDP 디자인전시관 | 동대문디자인플라자 디자인전시관 | DDP 뮤지엄 디자인전시관 | DDP 디자인전시관 서울 중구 을지로 281,https://search.naver.com/search.naver?where=image&query=DDP%20%EB%94%94%EC%9E%90%EC%9D%B8%EC%A0%84%EC%8B%9C%EA%B4%80,/assets/naver-courses/794f5628529e2f910951ef99.jpg,검수완료
course-00286,일편등심 강남 → 루프808 → 창업쇼핑 코스,일편등심 강남,서울 강남구 테헤란로1길 20,일편등심 강남 → 루프808 → 창업쇼핑,"쇼핑, 음식점, 카페",일편등심 강남점 | 강남 일편등심 | 일편등심 테헤란로1길 20 | 일편등심 강남점 서울 강남구 테헤란로1길 20,https://search.naver.com/search.naver?where=image&query=%EC%9D%BC%ED%8E%B8%EB%93%B1%EC%8B%AC%20%EA%B0%95%EB%82%A8%EC%A0%90,/assets/naver-courses/5e8e57df65571753165844ed.jpg,검수완료
course-00287,일편등심 강남 → 무신사 스토어 강남 → 힉스커피 코스,일편등심 강남,서울 강남구 테헤란로1길 20,일편등심 강남 → 무신사 스토어 강남 → 힉스커피,"쇼핑, 음식점, 카페",일편등심 강남점 | 강남 일편등심 | 일편등심 테헤란로1길 20 | 일편등심 강남점 서울 강남구 테헤란로1길 20,https://search.naver.com/search.naver?where=image&query=%EC%9D%BC%ED%8E%B8%EB%93%B1%EC%8B%AC%20%EA%B0%95%EB%82%A8%EC%A0%90,/assets/naver-courses/a01dbec5df0beba3ee7e06ae.jpg,검수완료
course-00288,그라운드시소 센트럴 → 남대문갈치조림골목 → 가메골손왕만두 남대문본점 코스,그라운드시소 센트럴,서울 중구 세종대로 14,그라운드시소 센트럴 → 남대문갈치조림골목 → 가메골손왕만두 남대문본점,"관광, 음식점, 전시",그라운드시소 센트럴 | 센트럴 그라운드시소 | 그라운드시소 센트럴 전시 | 그라운드시소 센트럴 서울 중구 세종대로 14,https://search.naver.com/search.naver?where=image&query=%EA%B7%B8%EB%9D%BC%EC%9A%B4%EB%93%9C%EC%8B%9C%EC%86%8C%20%EC%84%BC%ED%8A%B8%EB%9F%B4,/assets/naver-courses/4e0a9425e8852f8fb0478dc1.jpg,검수완료
course-00289,갓잇 문래점 → 베르시 코스,갓잇 문래점,서울 영등포구 경인로77길 14,갓잇 문래점 → 베르시,"음식점, 카페",갓잇 문래점 | 문래 갓잇 | 갓잇 경인로77길 14 | 갓잇 문래점 서울 영등포구 경인로77길 14,https://search.naver.com/search.naver?where=image&query=%EA%B0%93%EC%9E%87%20%EB%AC%B8%EB%9E%98%EC%A0%90,/assets/naver-courses/38958234b63ddd7377eb6b1c.jpg,검수완료
course-00290,브이스퀘어 → 스타벅스 건국대점 → 육일관 본점 코스,브이스퀘어,서울 광진구 아차산로 272,브이스퀘어 → 스타벅스 건국대점 → 육일관 본점,"음식점, 전시, 카페",브이스퀘어 건대 | 브이스퀘어 롯데시네마 | V SQUARE 건대입구 | 브이스퀘어 건대 서울 광진구 아차산로 272,https://search.naver.com/search.naver?where=image&query=%EB%B8%8C%EC%9D%B4%EC%8A%A4%ED%80%98%EC%96%B4%20%EA%B1%B4%EB%8C%80,,사진 미완료 · 수동 검색 인계
course-00291,잠실지하광장 쇼핑센터 → 석촌호수 동호 → 그림제작소 코스,잠실지하광장 쇼핑센터,서울 송파구 잠실로 지하 156,잠실지하광장 쇼핑센터 → 석촌호수 동호 → 그림제작소,"관광, 쇼핑, 카페",잠실지하광장 쇼핑센터 | 잠실 지하광장 | 잠실지하광장 상가 | 잠실역 지하광장 | 잠실지하광장 쇼핑센터 서울 송파구 잠실로 지하 156,https://search.naver.com/search.naver?where=image&query=%EC%9E%A0%EC%8B%A4%EC%A7%80%ED%95%98%EA%B4%91%EC%9E%A5%20%EC%87%BC%ED%95%91%EC%84%BC%ED%84%B0,/assets/naver-courses/19378cc2575b1eb891b1f91f.jpg,검수완료
course-00292,문화역서울284 → 가메골손왕만두 남대문본점 → 백범광장 코스,문화역서울284,서울 중구 통일로 1,문화역서울284 → 가메골손왕만두 남대문본점 → 백범광장,"관광, 음식점, 전시",문화역서울284 | 문화역 서울 284 | 문화역서울 284 전시 | 문화역서울284 서울 중구 통일로 1,https://search.naver.com/search.naver?where=image&query=%EB%AC%B8%ED%99%94%EC%97%AD%EC%84%9C%EC%9A%B8284,/assets/naver-courses/5bafab875846576a8916dd5c.jpg,검수완료
course-00293,문화역서울284 → 이이네 → 남산둘레길 코스,문화역서울284,서울 중구 통일로 1,문화역서울284 → 이이네 → 남산둘레길,"관광, 음식점, 전시",문화역서울284 | 문화역 서울 284 | 문화역서울 284 전시 | 문화역서울284 서울 중구 통일로 1,https://search.naver.com/search.naver?where=image&query=%EB%AC%B8%ED%99%94%EC%97%AD%EC%84%9C%EC%9A%B8284,/assets/naver-courses/76e2e7bfecdf0e99255298e0.jpg,검수완료
course-00294,브이스퀘어 → 스타벅스 건국대점 → 코노하 건대점 코스,브이스퀘어,서울 광진구 아차산로 272,브이스퀘어 → 스타벅스 건국대점 → 코노하 건대점,"음식점, 전시, 카페",브이스퀘어 건대 | 브이스퀘어 롯데시네마 | V SQUARE 건대입구 | 브이스퀘어 건대 서울 광진구 아차산로 272,https://search.naver.com/search.naver?where=image&query=%EB%B8%8C%EC%9D%B4%EC%8A%A4%ED%80%98%EC%96%B4%20%EA%B1%B4%EB%8C%80,,사진 미완료 · 수동 검색 인계
course-00295,일편등심 강남 → 힉스커피 → 창업쇼핑 코스,일편등심 강남,서울 강남구 테헤란로1길 20,일편등심 강남 → 힉스커피 → 창업쇼핑,"쇼핑, 음식점, 카페",일편등심 강남점 | 강남 일편등심 | 일편등심 테헤란로1길 20 | 일편등심 강남점 서울 강남구 테헤란로1길 20,https://search.naver.com/search.naver?where=image&query=%EC%9D%BC%ED%8E%B8%EB%93%B1%EC%8B%AC%20%EA%B0%95%EB%82%A8%EC%A0%90,/assets/naver-courses/3c5d8730eaa97e5393b71350.jpg,검수완료
course-00296,노란돼지 → 사당1동먹자골목상점가 → 윤남아트스페이스 코스,노란돼지,서울 동작구 동작대로7길 97,노란돼지 → 사당1동먹자골목상점가 → 윤남아트스페이스,"관광, 음식점, 전시",노란돼지 사당 | 노란돼지 방배 | 노란돼지 동작대로7길 97 | 노란돼지 사당 서울 동작구 동작대로7길 97,https://search.naver.com/search.naver?where=image&query=%EB%85%B8%EB%9E%80%EB%8F%BC%EC%A7%80%20%EC%82%AC%EB%8B%B9,/assets/naver-courses/8101dbbf8fa9f4d3150f0017.jpg,검수완료
course-00297,노란돼지 → 파스텔시티 → 카페 미토 코스,노란돼지,서울 동작구 동작대로7길 97,노란돼지 → 파스텔시티 → 카페 미토,"쇼핑, 음식점, 카페",노란돼지 사당 | 노란돼지 방배 | 노란돼지 동작대로7길 97 | 노란돼지 사당 서울 동작구 동작대로7길 97,https://search.naver.com/search.naver?where=image&query=%EB%85%B8%EB%9E%80%EB%8F%BC%EC%A7%80%20%EC%82%AC%EB%8B%B9,/assets/naver-courses/b893003217eb33c508b7773b.jpg,검수완료
course-00298,브이스퀘어 → 스타벅스 건국클래식점 → 건대맛의거리 코스,브이스퀘어,서울 광진구 아차산로 272,브이스퀘어 → 스타벅스 건국클래식점 → 건대맛의거리,"관광, 전시, 카페",브이스퀘어 건대 | 브이스퀘어 롯데시네마 | V SQUARE 건대입구 | 브이스퀘어 건대 서울 광진구 아차산로 272,https://search.naver.com/search.naver?where=image&query=%EB%B8%8C%EC%9D%B4%EC%8A%A4%ED%80%98%EC%96%B4%20%EA%B1%B4%EB%8C%80,,사진 미완료 · 수동 검색 인계
course-00299,신도림이도식당 → 정동전망대 코스,신도림이도식당,서울 구로구 경인로 661,신도림이도식당 → 정동전망대,"관광, 음식점",신도림 이도식당 | 이도식당 신도림 | 이도식당 경인로 661 | 신도림 이도식당 서울 구로구 경인로 661,https://search.naver.com/search.naver?where=image&query=%EC%8B%A0%EB%8F%84%EB%A6%BC%20%EC%9D%B4%EB%8F%84%EC%8B%9D%EB%8B%B9,/assets/naver-courses/e860df079087df39e824ba00.jpg,검수완료
course-00300,잠실지하광장 쇼핑센터 → 송파나루공원 삼전도비 → 한정선 잠실롯데월드몰점 코스,잠실지하광장 쇼핑센터,서울 송파구 잠실로 지하 156,잠실지하광장 쇼핑센터 → 송파나루공원 삼전도비 → 한정선 잠실롯데월드몰점,"관광, 쇼핑, 카페",잠실지하광장 쇼핑센터 | 잠실 지하광장 | 잠실지하광장 상가 | 잠실역 지하광장 | 잠실지하광장 쇼핑센터 서울 송파구 잠실로 지하 156,https://search.naver.com/search.naver?where=image&query=%EC%9E%A0%EC%8B%A4%EC%A7%80%ED%95%98%EA%B4%91%EC%9E%A5%20%EC%87%BC%ED%95%91%EC%84%BC%ED%84%B0,/assets/naver-courses/b2b6d9a7358b74ad1e600076.jpg,검수완료
course-00301,문화역서울284 → 엘카페커피로스터스 → 백범광장 코스,문화역서울284,서울 중구 통일로 1,문화역서울284 → 엘카페커피로스터스 → 백범광장,"관광, 전시, 카페",문화역서울284 | 문화역 서울 284 | 문화역서울 284 전시 | 문화역서울284 서울 중구 통일로 1,https://search.naver.com/search.naver?where=image&query=%EB%AC%B8%ED%99%94%EC%97%AD%EC%84%9C%EC%9A%B8284,,사진 미완료 · 수동 검색 인계
course-00302,문화역서울284 → 이이네 → 텐스퀘어 오슬로 회현 코스,문화역서울284,서울 중구 통일로 1,문화역서울284 → 이이네 → 텐스퀘어 오슬로 회현,"음식점, 전시, 카페",문화역서울284 | 문화역 서울 284 | 문화역서울 284 전시 | 문화역서울284 서울 중구 통일로 1,https://search.naver.com/search.naver?where=image&query=%EB%AC%B8%ED%99%94%EC%97%AD%EC%84%9C%EC%9A%B8284,/assets/naver-courses/b1662c9ceefaecae1d257e8e.jpg,검수완료
course-00303,잠실지하광장 쇼핑센터 → 스타벅스 석촌호수점 → 피제리아라고 코스,잠실지하광장 쇼핑센터,서울 송파구 잠실로 지하 156,잠실지하광장 쇼핑센터 → 스타벅스 석촌호수점 → 피제리아라고,"쇼핑, 음식점, 카페",잠실지하광장 쇼핑센터 | 잠실 지하광장 | 잠실지하광장 상가 | 잠실역 지하광장 | 잠실지하광장 쇼핑센터 서울 송파구 잠실로 지하 156,https://search.naver.com/search.naver?where=image&query=%EC%9E%A0%EC%8B%A4%EC%A7%80%ED%95%98%EA%B4%91%EC%9E%A5%20%EC%87%BC%ED%95%91%EC%84%BC%ED%84%B0,,사진 미완료 · 수동 검색 인계
course-00304,일편등심 강남 → 이바인체험샵 → 슬로우커피 코스,일편등심 강남,서울 강남구 테헤란로1길 20,일편등심 강남 → 이바인체험샵 → 슬로우커피,"쇼핑, 음식점, 카페",일편등심 강남점 | 강남 일편등심 | 일편등심 테헤란로1길 20 | 일편등심 강남점 서울 강남구 테헤란로1길 20,https://search.naver.com/search.naver?where=image&query=%EC%9D%BC%ED%8E%B8%EB%93%B1%EC%8B%AC%20%EA%B0%95%EB%82%A8%EC%A0%90,/assets/naver-courses/0f09ec968dee3a0525e25072.jpg,검수완료
course-00305,노란돼지 → 스타벅스 사당역점 → 윤남아트스페이스 코스,노란돼지,서울 동작구 동작대로7길 97,노란돼지 → 스타벅스 사당역점 → 윤남아트스페이스,"음식점, 전시, 카페",노란돼지 사당 | 노란돼지 방배 | 노란돼지 동작대로7길 97 | 노란돼지 사당 서울 동작구 동작대로7길 97,https://search.naver.com/search.naver?where=image&query=%EB%85%B8%EB%9E%80%EB%8F%BC%EC%A7%80%20%EC%82%AC%EB%8B%B9,,사진 미완료 · 수동 검색 인계
course-00306,잠실지하광장 쇼핑센터 → BGN갤러리 롯데타워점 → 석촌호수 동호 코스,잠실지하광장 쇼핑센터,서울 송파구 잠실로 지하 156,잠실지하광장 쇼핑센터 → BGN갤러리 롯데타워점 → 석촌호수 동호,"관광, 쇼핑, 전시",잠실지하광장 쇼핑센터 | 잠실 지하광장 | 잠실지하광장 상가 | 잠실역 지하광장 | 잠실지하광장 쇼핑센터 서울 송파구 잠실로 지하 156,https://search.naver.com/search.naver?where=image&query=%EC%9E%A0%EC%8B%A4%EC%A7%80%ED%95%98%EA%B4%91%EC%9E%A5%20%EC%87%BC%ED%95%91%EC%84%BC%ED%84%B0,/assets/naver-courses/5a68c280f88c13c8610538b3.jpg,검수완료
course-00307,브이스퀘어 → 건대맛의거리 → 요비 코스,브이스퀘어,서울 광진구 아차산로 272,브이스퀘어 → 건대맛의거리 → 요비,"관광, 음식점, 전시",브이스퀘어 건대 | 브이스퀘어 롯데시네마 | V SQUARE 건대입구 | 브이스퀘어 건대 서울 광진구 아차산로 272,https://search.naver.com/search.naver?where=image&query=%EB%B8%8C%EC%9D%B4%EC%8A%A4%ED%80%98%EC%96%B4%20%EA%B1%B4%EB%8C%80,,사진 미완료 · 수동 검색 인계
course-00308,브이스퀘어 → 건대맛의거리 → 카페호이 건대점 코스,브이스퀘어,서울 광진구 아차산로 272,브이스퀘어 → 건대맛의거리 → 카페호이 건대점,"관광, 전시, 카페",브이스퀘어 건대 | 브이스퀘어 롯데시네마 | V SQUARE 건대입구 | 브이스퀘어 건대 서울 광진구 아차산로 272,https://search.naver.com/search.naver?where=image&query=%EB%B8%8C%EC%9D%B4%EC%8A%A4%ED%80%98%EC%96%B4%20%EA%B1%B4%EB%8C%80,,사진 미완료 · 수동 검색 인계
course-00309,로얄마카롱 → 오레노라멘 강남점 → 스머프매직포레스트 코스,로얄마카롱,,로얄마카롱 → 오레노라멘 강남점 → 스머프매직포레스트,"관광, 음식점, 카페",로얄마카롱 | 서울 로얄마카롱 | 로얄마카롱 매장,https://search.naver.com/search.naver?where=image&query=%EB%A1%9C%EC%96%84%EB%A7%88%EC%B9%B4%EB%A1%B1,,사진 미완료 · 수동 검색 인계
course-00310,정동전망대 → 덕수정 → 아트조선스페이스 코스,정동전망대,서울 중구 덕수궁길 15,정동전망대 → 덕수정 → 아트조선스페이스,"관광, 음식점, 전시",정동전망대 | 정동 전망대 | 정동전망대 덕수궁 | 정동전망대 서울 중구 덕수궁길 15,https://search.naver.com/search.naver?where=image&query=%EC%A0%95%EB%8F%99%EC%A0%84%EB%A7%9D%EB%8C%80,/assets/naver-courses/74f4ae187f2126cb1480fcee.jpg,검수완료
course-00311,일편등심 강남 → 서리풀푸드트럭존 → 가배도 신논현점 코스,일편등심 강남,서울 강남구 테헤란로1길 20,일편등심 강남 → 서리풀푸드트럭존 → 가배도 신논현점,"관광, 음식점, 카페",일편등심 강남점 | 강남 일편등심 | 일편등심 테헤란로1길 20 | 일편등심 강남점 서울 강남구 테헤란로1길 20,https://search.naver.com/search.naver?where=image&query=%EC%9D%BC%ED%8E%B8%EB%93%B1%EC%8B%AC%20%EA%B0%95%EB%82%A8%EC%A0%90,/assets/naver-courses/d6d2267dc245fd92f6d19f77.jpg,검수완료
course-00312,동대문디자인플라자 디자인전시관 → 진옥화할매원조닭한마리 본점 → 서울유통쇼핑센타 코스,동대문디자인플라자 디자인전시관,서울 중구 을지로 281,동대문디자인플라자 디자인전시관 → 진옥화할매원조닭한마리 본점 → 서울유통쇼핑센타,"쇼핑, 음식점, 전시",DDP 디자인전시관 | 동대문디자인플라자 디자인전시관 | DDP 뮤지엄 디자인전시관 | DDP 디자인전시관 서울 중구 을지로 281,https://search.naver.com/search.naver?where=image&query=DDP%20%EB%94%94%EC%9E%90%EC%9D%B8%EC%A0%84%EC%8B%9C%EA%B4%80,/assets/naver-courses/e4fef8b3ab6512b0fe258440.jpg,검수완료
course-00313,잠실지하광장 쇼핑센터 → 서울스카이 → 그림제작소 코스,잠실지하광장 쇼핑센터,서울 송파구 잠실로 지하 156,잠실지하광장 쇼핑센터 → 서울스카이 → 그림제작소,"관광, 쇼핑, 카페",잠실지하광장 쇼핑센터 | 잠실 지하광장 | 잠실지하광장 상가 | 잠실역 지하광장 | 잠실지하광장 쇼핑센터 서울 송파구 잠실로 지하 156,https://search.naver.com/search.naver?where=image&query=%EC%9E%A0%EC%8B%A4%EC%A7%80%ED%95%98%EA%B4%91%EC%9E%A5%20%EC%87%BC%ED%95%91%EC%84%BC%ED%84%B0,,사진 미완료 · 수동 검색 인계
course-00314,구씨네부엌 → 홍대갤러리 키르큐펠 → 트릭아이뮤지엄 코스,구씨네부엌,,구씨네부엌 → 홍대갤러리 키르큐펠 → 트릭아이뮤지엄,"관광, 음식점, 전시","구씨네부엌 | 홍대 구씨네 부엌 | 구씨네부엌 신촌 | 홍대 구씨네부엌 피자 | 구씨네부엌 파스타 | ""구씨네부엌""",https://search.naver.com/search.naver?where=image&query=%EA%B5%AC%EC%94%A8%EB%84%A4%EB%B6%80%EC%97%8C,/assets/naver-courses/3cb7d88ec889ff37c688a4ee.jpg,검수완료
course-00315,잠실지하광장 쇼핑센터 → 에비뉴엘아트홀 → 그림제작소 코스,잠실지하광장 쇼핑센터,서울 송파구 잠실로 지하 156,잠실지하광장 쇼핑센터 → 에비뉴엘아트홀 → 그림제작소,"쇼핑, 전시, 카페",잠실지하광장 쇼핑센터 | 잠실 지하광장 | 잠실지하광장 상가 | 잠실역 지하광장 | 잠실지하광장 쇼핑센터 서울 송파구 잠실로 지하 156,https://search.naver.com/search.naver?where=image&query=%EC%9E%A0%EC%8B%A4%EC%A7%80%ED%95%98%EA%B4%91%EC%9E%A5%20%EC%87%BC%ED%95%91%EC%84%BC%ED%84%B0,,사진 미완료 · 수동 검색 인계
course-00316,건국대학교 일감호 → 앤시넌 → 코노하 건대점 코스,건국대학교 일감호,서울 광진구 능동로 120,건국대학교 일감호 → 앤시넌 → 코노하 건대점,"관광, 음식점, 카페",건국대학교 일감호 | 건대 일감호 | 일감호 | 건국대학교 일감호 서울 광진구 능동로 120,https://search.naver.com/search.naver?where=image&query=%EA%B1%B4%EA%B5%AD%EB%8C%80%ED%95%99%EA%B5%90%20%EC%9D%BC%EA%B0%90%ED%98%B8,/assets/naver-courses/dc2c32e278e3eddc0fa7ec5e.jpg,검수완료
course-00317,잠실지하광장 쇼핑센터 → 에비뉴엘아트홀 → 피제리아라고 코스,잠실지하광장 쇼핑센터,서울 송파구 잠실로 지하 156,잠실지하광장 쇼핑센터 → 에비뉴엘아트홀 → 피제리아라고,"쇼핑, 음식점, 전시",잠실지하광장 쇼핑센터 | 잠실 지하광장 | 잠실지하광장 상가 | 잠실역 지하광장 | 잠실지하광장 쇼핑센터 서울 송파구 잠실로 지하 156,https://search.naver.com/search.naver?where=image&query=%EC%9E%A0%EC%8B%A4%EC%A7%80%ED%95%98%EA%B4%91%EC%9E%A5%20%EC%87%BC%ED%95%91%EC%84%BC%ED%84%B0,/assets/naver-courses/857db5ead487797a025880c0.jpg,검수완료
course-00318,문화역서울284 → 베르시 → 현대수산 코스,문화역서울284,서울 중구 통일로 1,문화역서울284 → 베르시 → 현대수산,"음식점, 전시, 카페",문화역서울284 | 문화역 서울 284 | 문화역서울 284 전시 | 문화역서울284 서울 중구 통일로 1,https://search.naver.com/search.naver?where=image&query=%EB%AC%B8%ED%99%94%EC%97%AD%EC%84%9C%EC%9A%B8284,/assets/naver-courses/128f49a193115ea8d98d0247.jpg,검수완료
course-00319,잠실지하광장 쇼핑센터 → 서울스카이 → 피제리아라고 코스,잠실지하광장 쇼핑센터,서울 송파구 잠실로 지하 156,잠실지하광장 쇼핑센터 → 서울스카이 → 피제리아라고,"관광, 쇼핑, 음식점",잠실지하광장 쇼핑센터 | 잠실 지하광장 | 잠실지하광장 상가 | 잠실역 지하광장 | 잠실지하광장 쇼핑센터 서울 송파구 잠실로 지하 156,https://search.naver.com/search.naver?where=image&query=%EC%9E%A0%EC%8B%A4%EC%A7%80%ED%95%98%EA%B4%91%EC%9E%A5%20%EC%87%BC%ED%95%91%EC%84%BC%ED%84%B0,,사진 미완료 · 수동 검색 인계
course-00320,아트팩토리체험공방 → 일편등심 강남 코스,아트팩토리체험공방,서울 성동구 왕십리로 241,아트팩토리체험공방 → 일편등심 강남,"음식점, 체험",아트팩토리 체험공방 | 아트팩토리 왕십리 | 아트팩토리 왕십리로 241 | 아트팩토리 체험공방 서울 성동구 왕십리로 241,https://search.naver.com/search.naver?where=image&query=%EC%95%84%ED%8A%B8%ED%8C%A9%ED%86%A0%EB%A6%AC%20%EC%B2%B4%ED%97%98%EA%B3%B5%EB%B0%A9,,사진 미완료 · 수동 검색 인계
course-00321,정동전망대 → 문화역서울284 코스,정동전망대,서울 중구 덕수궁길 15,정동전망대 → 문화역서울284,"관광, 전시",정동전망대 | 정동 전망대 | 정동전망대 덕수궁 | 정동전망대 서울 중구 덕수궁길 15,https://search.naver.com/search.naver?where=image&query=%EC%A0%95%EB%8F%99%EC%A0%84%EB%A7%9D%EB%8C%80,/assets/naver-courses/deb97c86bfca2baa8c8b4389.jpg,검수완료
course-00322,구씨네부엌 → 농협경제지주 온라인사업부 → 스타광장 코스,구씨네부엌,,구씨네부엌 → 농협경제지주 온라인사업부 → 스타광장,"관광, 쇼핑, 음식점","구씨네부엌 | 홍대 구씨네 부엌 | 구씨네부엌 신촌 | 홍대 구씨네부엌 피자 | 구씨네부엌 파스타 | ""구씨네부엌""",https://search.naver.com/search.naver?where=image&query=%EA%B5%AC%EC%94%A8%EB%84%A4%EB%B6%80%EC%97%8C,,사진 미완료 · 수동 검색 인계
course-00323,노란돼지 → 그루타 → 윤남아트스페이스 코스,노란돼지,서울 동작구 동작대로7길 97,노란돼지 → 그루타 → 윤남아트스페이스,"음식점, 전시, 카페",노란돼지 사당 | 노란돼지 방배 | 노란돼지 동작대로7길 97 | 노란돼지 사당 서울 동작구 동작대로7길 97,https://search.naver.com/search.naver?where=image&query=%EB%85%B8%EB%9E%80%EB%8F%BC%EC%A7%80%20%EC%82%AC%EB%8B%B9,,사진 미완료 · 수동 검색 인계
course-00324,태양커피 서울사당점 → 미소네 → 사당1동먹자골목상점가 코스,태양커피 서울사당점,서울 서초구 방배천로 32,태양커피 서울사당점 → 미소네 → 사당1동먹자골목상점가,"관광, 음식점, 카페",태양커피 사당점 | 사당 태양커피 | 태양커피 방배천로 32 | 태양커피 사당점 서울 서초구 방배천로 32,https://search.naver.com/search.naver?where=image&query=%ED%83%9C%EC%96%91%EC%BB%A4%ED%94%BC%20%EC%82%AC%EB%8B%B9%EC%A0%90,,사진 미완료 · 수동 검색 인계
course-00325,만동제과 → AC'SCENT(악센트) → 문베어 코스,만동제과,서울 서대문구 연희로 32,만동제과 → AC'SCENT(악센트) → 문베어,"음식점, 전시, 카페",만동제과 연남점 | 만동제과 홍대 | 만동제과 연희로 32 | 만동제과 연남점 서울 서대문구 연희로 32,https://search.naver.com/search.naver?where=image&query=%EB%A7%8C%EB%8F%99%EC%A0%9C%EA%B3%BC%20%EC%97%B0%EB%82%A8%EC%A0%90,/assets/naver-courses/73ea3dc61b85cfd8d9dedd9b.jpg,검수완료
course-00326,구씨네부엌 → 스페이스갤러리아 서울홍대 → 버터앤쉘터 연남점 코스,구씨네부엌,,구씨네부엌 → 스페이스갤러리아 서울홍대 → 버터앤쉘터 연남점,"음식점, 전시, 카페","구씨네부엌 | 홍대 구씨네 부엌 | 구씨네부엌 신촌 | 홍대 구씨네부엌 피자 | 구씨네부엌 파스타 | ""구씨네부엌""",https://search.naver.com/search.naver?where=image&query=%EA%B5%AC%EC%94%A8%EB%84%A4%EB%B6%80%EC%97%8C,/assets/naver-courses/c8488ac1558bb4903f9495b3.jpg,검수완료
course-00327,만동제과 → WP → 모모룸 코스,만동제과,서울 서대문구 연희로 32,만동제과 → WP → 모모룸,"음식점, 전시, 카페",만동제과 연남점 | 만동제과 홍대 | 만동제과 연희로 32 | 만동제과 연남점 서울 서대문구 연희로 32,https://search.naver.com/search.naver?where=image&query=%EB%A7%8C%EB%8F%99%EC%A0%9C%EA%B3%BC%20%EC%97%B0%EB%82%A8%EC%A0%90,/assets/naver-courses/73fb71cb9543abe3ab0b4edb.jpg,검수완료
course-00328,일편등심 강남 → 서리풀푸드트럭존 → 힉스커피 코스,일편등심 강남,서울 강남구 테헤란로1길 20,일편등심 강남 → 서리풀푸드트럭존 → 힉스커피,"관광, 음식점, 카페",일편등심 강남점 | 강남 일편등심 | 일편등심 테헤란로1길 20 | 일편등심 강남점 서울 강남구 테헤란로1길 20,https://search.naver.com/search.naver?where=image&query=%EC%9D%BC%ED%8E%B8%EB%93%B1%EC%8B%AC%20%EA%B0%95%EB%82%A8%EC%A0%90,/assets/naver-courses/d786d519b530f21f3a6db0d9.jpg,검수완료
course-00329,잠실지하광장 쇼핑센터 → 송파나루공원 삼전도비 → 넥스트뮤지엄 코스,잠실지하광장 쇼핑센터,서울 송파구 잠실로 지하 156,잠실지하광장 쇼핑센터 → 송파나루공원 삼전도비 → 넥스트뮤지엄,"관광, 쇼핑, 전시",잠실지하광장 쇼핑센터 | 잠실 지하광장 | 잠실지하광장 상가 | 잠실역 지하광장 | 잠실지하광장 쇼핑센터 서울 송파구 잠실로 지하 156,https://search.naver.com/search.naver?where=image&query=%EC%9E%A0%EC%8B%A4%EC%A7%80%ED%95%98%EA%B4%91%EC%9E%A5%20%EC%87%BC%ED%95%91%EC%84%BC%ED%84%B0,/assets/naver-courses/9e2223ecf9db5cc379f9e369.jpg,검수완료
course-00330,아트팩토리체험공방 → 띵똥와플 본점 → 왕십리광장 코스,아트팩토리체험공방,서울 성동구 왕십리로 241,아트팩토리체험공방 → 띵똥와플 본점 → 왕십리광장,"관광, 음식점, 체험",아트팩토리 체험공방 | 아트팩토리 왕십리 | 아트팩토리 왕십리로 241 | 아트팩토리 체험공방 서울 성동구 왕십리로 241,https://search.naver.com/search.naver?where=image&query=%EC%95%84%ED%8A%B8%ED%8C%A9%ED%86%A0%EB%A6%AC%20%EC%B2%B4%ED%97%98%EA%B3%B5%EB%B0%A9,,사진 미완료 · 수동 검색 인계
course-00331,신도림이도식당 → 더세인트41 → 그녀만의쇼핑 코스,신도림이도식당,서울 구로구 경인로 661,신도림이도식당 → 더세인트41 → 그녀만의쇼핑,"쇼핑, 음식점, 카페",신도림 이도식당 | 이도식당 신도림 | 이도식당 경인로 661 | 신도림 이도식당 서울 구로구 경인로 661,https://search.naver.com/search.naver?where=image&query=%EC%8B%A0%EB%8F%84%EB%A6%BC%20%EC%9D%B4%EB%8F%84%EC%8B%9D%EB%8B%B9,/assets/naver-courses/c808ffaee8850587da5a7275.jpg,검수완료
course-00332,노란돼지 → 파스텔시티 → 머치커피 코스,노란돼지,서울 동작구 동작대로7길 97,노란돼지 → 파스텔시티 → 머치커피,"쇼핑, 음식점, 카페",노란돼지 사당 | 노란돼지 방배 | 노란돼지 동작대로7길 97 | 노란돼지 사당 서울 동작구 동작대로7길 97,https://search.naver.com/search.naver?where=image&query=%EB%85%B8%EB%9E%80%EB%8F%BC%EC%A7%80%20%EC%82%AC%EB%8B%B9,,사진 미완료 · 수동 검색 인계
course-00333,잠실지하광장 쇼핑센터 → 동대문디자인플라자 디자인전시관 코스,잠실지하광장 쇼핑센터,서울 송파구 잠실로 지하 156,잠실지하광장 쇼핑센터 → 동대문디자인플라자 디자인전시관,"쇼핑, 전시",잠실지하광장 쇼핑센터 | 잠실 지하광장 | 잠실지하광장 상가 | 잠실역 지하광장 | 잠실지하광장 쇼핑센터 서울 송파구 잠실로 지하 156,https://search.naver.com/search.naver?where=image&query=%EC%9E%A0%EC%8B%A4%EC%A7%80%ED%95%98%EA%B4%91%EC%9E%A5%20%EC%87%BC%ED%95%91%EC%84%BC%ED%84%B0,/assets/naver-courses/3ccb9250282cfb79a69936f3.jpg,검수완료
course-00334,구씨네부엌 → 비뮤티커피 → 서울명예도로 끼리끼리5길 코스,구씨네부엌,,구씨네부엌 → 비뮤티커피 → 서울명예도로 끼리끼리5길,"관광, 음식점, 카페","구씨네부엌 | 홍대 구씨네 부엌 | 구씨네부엌 신촌 | 홍대 구씨네부엌 피자 | 구씨네부엌 파스타 | ""구씨네부엌""",https://search.naver.com/search.naver?where=image&query=%EA%B5%AC%EC%94%A8%EB%84%A4%EB%B6%80%EC%97%8C,/assets/naver-courses/8758efc781fc793041d459ed.jpg,검수완료
course-00335,구씨네부엌 → 테이블에이 → 농협경제지주 온라인사업부 코스,구씨네부엌,,구씨네부엌 → 테이블에이 → 농협경제지주 온라인사업부,"관광, 쇼핑, 음식점","구씨네부엌 | 홍대 구씨네 부엌 | 구씨네부엌 신촌 | 홍대 구씨네부엌 피자 | 구씨네부엌 파스타 | ""구씨네부엌""",https://search.naver.com/search.naver?where=image&query=%EA%B5%AC%EC%94%A8%EB%84%A4%EB%B6%80%EC%97%8C,/assets/naver-courses/30d0fea08755d84e212c7a3d.jpg,검수완료
course-00336,일편등심 강남 → 서리풀푸드트럭존 → 루프808 코스,일편등심 강남,서울 강남구 테헤란로1길 20,일편등심 강남 → 서리풀푸드트럭존 → 루프808,"관광, 음식점, 카페",일편등심 강남점 | 강남 일편등심 | 일편등심 테헤란로1길 20 | 일편등심 강남점 서울 강남구 테헤란로1길 20,https://search.naver.com/search.naver?where=image&query=%EC%9D%BC%ED%8E%B8%EB%93%B1%EC%8B%AC%20%EA%B0%95%EB%82%A8%EC%A0%90,/assets/naver-courses/48522ddd5be5fd3adc9c53b4.jpg,검수완료
course-00337,문화역서울284 → 남대문칼국수골목 → 농민백암순대 시청직영점 코스,문화역서울284,서울 중구 통일로 1,문화역서울284 → 남대문칼국수골목 → 농민백암순대 시청직영점,"관광, 음식점, 전시",문화역서울284 | 문화역 서울 284 | 문화역서울 284 전시 | 문화역서울284 서울 중구 통일로 1,https://search.naver.com/search.naver?where=image&query=%EB%AC%B8%ED%99%94%EC%97%AD%EC%84%9C%EC%9A%B8284,/assets/naver-courses/056452ffcbeb779eccde91d0.jpg,검수완료
course-00338,잠실지하광장 쇼핑센터 → 롯데갤러리아트홀 → 스타벅스 석촌호수점 코스,잠실지하광장 쇼핑센터,서울 송파구 잠실로 지하 156,잠실지하광장 쇼핑센터 → 롯데갤러리아트홀 → 스타벅스 석촌호수점,"쇼핑, 전시, 카페",잠실지하광장 쇼핑센터 | 잠실 지하광장 | 잠실지하광장 상가 | 잠실역 지하광장 | 잠실지하광장 쇼핑센터 서울 송파구 잠실로 지하 156,https://search.naver.com/search.naver?where=image&query=%EC%9E%A0%EC%8B%A4%EC%A7%80%ED%95%98%EA%B4%91%EC%9E%A5%20%EC%87%BC%ED%95%91%EC%84%BC%ED%84%B0,,사진 미완료 · 수동 검색 인계
course-00339,문화역서울284 → 희락갈치 → 커피스니퍼 코스,문화역서울284,서울 중구 통일로 1,문화역서울284 → 희락갈치 → 커피스니퍼,"음식점, 전시, 카페",문화역서울284 | 문화역 서울 284 | 문화역서울 284 전시 | 문화역서울284 서울 중구 통일로 1,https://search.naver.com/search.naver?where=image&query=%EB%AC%B8%ED%99%94%EC%97%AD%EC%84%9C%EC%9A%B8284,/assets/naver-courses/2a4d9bb16b0de4e8696e69f3.jpg,검수완료
course-00340,일편등심 강남 → 셀렉티드닉스 → 무신사 스토어 강남 코스,일편등심 강남,서울 강남구 테헤란로1길 20,일편등심 강남 → 셀렉티드닉스 → 무신사 스토어 강남,"쇼핑, 음식점, 카페",일편등심 강남점 | 강남 일편등심 | 일편등심 테헤란로1길 20 | 일편등심 강남점 서울 강남구 테헤란로1길 20,https://search.naver.com/search.naver?where=image&query=%EC%9D%BC%ED%8E%B8%EB%93%B1%EC%8B%AC%20%EA%B0%95%EB%82%A8%EC%A0%90,/assets/naver-courses/a79f1745d89d7defbdb4ef11.jpg,검수완료
course-00341,구씨네부엌 → 호러스위치 → 윤형근의 집 코스,구씨네부엌,,구씨네부엌 → 호러스위치 → 윤형근의 집,"관광, 음식점, 전시","구씨네부엌 | 홍대 구씨네 부엌 | 구씨네부엌 신촌 | 홍대 구씨네부엌 피자 | 구씨네부엌 파스타 | ""구씨네부엌""",https://search.naver.com/search.naver?where=image&query=%EA%B5%AC%EC%94%A8%EB%84%A4%EB%B6%80%EC%97%8C,,사진 미완료 · 수동 검색 인계
course-00342,문화역서울284 → 남대문갈치조림골목 → 커피스니퍼 코스,문화역서울284,서울 중구 통일로 1,문화역서울284 → 남대문갈치조림골목 → 커피스니퍼,"관광, 전시, 카페",문화역서울284 | 문화역 서울 284 | 문화역서울 284 전시 | 문화역서울284 서울 중구 통일로 1,https://search.naver.com/search.naver?where=image&query=%EB%AC%B8%ED%99%94%EC%97%AD%EC%84%9C%EC%9A%B8284,/assets/naver-courses/cd979a19d63e8349664727e8.jpg,검수완료
course-00343,노란돼지 → 파스텔시티 → 그루타 코스,노란돼지,서울 동작구 동작대로7길 97,노란돼지 → 파스텔시티 → 그루타,"쇼핑, 음식점, 카페",노란돼지 사당 | 노란돼지 방배 | 노란돼지 동작대로7길 97 | 노란돼지 사당 서울 동작구 동작대로7길 97,https://search.naver.com/search.naver?where=image&query=%EB%85%B8%EB%9E%80%EB%8F%BC%EC%A7%80%20%EC%82%AC%EB%8B%B9,,사진 미완료 · 수동 검색 인계
course-00344,그라운드시소 센트럴 → 남대문칼국수골목 → 희락갈치 코스,그라운드시소 센트럴,서울 중구 세종대로 14,그라운드시소 센트럴 → 남대문칼국수골목 → 희락갈치,"관광, 음식점, 전시",그라운드시소 센트럴 | 센트럴 그라운드시소 | 그라운드시소 센트럴 전시 | 그라운드시소 센트럴 서울 중구 세종대로 14,https://search.naver.com/search.naver?where=image&query=%EA%B7%B8%EB%9D%BC%EC%9A%B4%EB%93%9C%EC%8B%9C%EC%86%8C%20%EC%84%BC%ED%8A%B8%EB%9F%B4,/assets/naver-courses/520998b11fc72e20271f641d.jpg,검수완료
course-00345,일편등심 강남 → 서리풀푸드트럭존 → 슬로우커피 코스,일편등심 강남,서울 강남구 테헤란로1길 20,일편등심 강남 → 서리풀푸드트럭존 → 슬로우커피,"관광, 음식점, 카페",일편등심 강남점 | 강남 일편등심 | 일편등심 테헤란로1길 20 | 일편등심 강남점 서울 강남구 테헤란로1길 20,https://search.naver.com/search.naver?where=image&query=%EC%9D%BC%ED%8E%B8%EB%93%B1%EC%8B%AC%20%EA%B0%95%EB%82%A8%EC%A0%90,/assets/naver-courses/e7d20c91a0a6186d70f1937d.jpg,검수완료
course-00346,로얄마카롱 → 스머프매직포레스트 → 무신사 스토어 강남 코스,로얄마카롱,,로얄마카롱 → 스머프매직포레스트 → 무신사 스토어 강남,"관광, 쇼핑, 카페",로얄마카롱 | 서울 로얄마카롱 | 로얄마카롱 매장,https://search.naver.com/search.naver?where=image&query=%EB%A1%9C%EC%96%84%EB%A7%88%EC%B9%B4%EB%A1%B1,/assets/naver-courses/6a163a0ae6afbaf5126cafaa.jpg,검수완료
course-00347,신도림이도식당 → 구캔갤러리 → 도림천 코스,신도림이도식당,서울 구로구 경인로 661,신도림이도식당 → 구캔갤러리 → 도림천,"관광, 음식점, 전시",신도림 이도식당 | 이도식당 신도림 | 이도식당 경인로 661 | 신도림 이도식당 서울 구로구 경인로 661,https://search.naver.com/search.naver?where=image&query=%EC%8B%A0%EB%8F%84%EB%A6%BC%20%EC%9D%B4%EB%8F%84%EC%8B%9D%EB%8B%B9,/assets/naver-courses/649f07da800180b034883ffa.jpg,검수완료
course-00348,신도림이도식당 → 구로스마트라운지 → 그린머그 코스,신도림이도식당,서울 구로구 경인로 661,신도림이도식당 → 구로스마트라운지 → 그린머그,"음식점, 전시, 카페",신도림 이도식당 | 이도식당 신도림 | 이도식당 경인로 661 | 신도림 이도식당 서울 구로구 경인로 661,https://search.naver.com/search.naver?where=image&query=%EC%8B%A0%EB%8F%84%EB%A6%BC%20%EC%9D%B4%EB%8F%84%EC%8B%9D%EB%8B%B9,/assets/naver-courses/60abf424e148a2be3fa7c717.jpg,검수완료
course-00349,신도림이도식당 → 에스프리노블 → 공간사일삼 코스,신도림이도식당,서울 구로구 경인로 661,신도림이도식당 → 에스프리노블 → 공간사일삼,"음식점, 전시, 카페",신도림 이도식당 | 이도식당 신도림 | 이도식당 경인로 661 | 신도림 이도식당 서울 구로구 경인로 661,https://search.naver.com/search.naver?where=image&query=%EC%8B%A0%EB%8F%84%EB%A6%BC%20%EC%9D%B4%EB%8F%84%EC%8B%9D%EB%8B%B9,/assets/naver-courses/1807febf565701ef399cc722.jpg,검수완료
course-00350,커넥트투 → 한정선 잠실롯데월드몰점 → 석촌호수 동호 코스,커넥트투,서울 송파구 올림픽로 300,커넥트투 → 한정선 잠실롯데월드몰점 → 석촌호수 동호,"관광, 전시, 카페",커넥트투 잠실 | 커넥트투 롯데월드몰 | CONNECT TO 잠실 | 커넥트투 잠실 서울 송파구 올림픽로 300,https://search.naver.com/search.naver?where=image&query=%EC%BB%A4%EB%84%A5%ED%8A%B8%ED%88%AC%20%EC%9E%A0%EC%8B%A4,/assets/naver-courses/71b1689490498e44202f1c70.jpg,검수완료
course-00351,일편등심 강남 → 블루보틀 역삼카페 → 창업쇼핑 코스,일편등심 강남,서울 강남구 테헤란로1길 20,일편등심 강남 → 블루보틀 역삼카페 → 창업쇼핑,"쇼핑, 음식점, 카페",일편등심 강남점 | 강남 일편등심 | 일편등심 테헤란로1길 20 | 일편등심 강남점 서울 강남구 테헤란로1길 20,https://search.naver.com/search.naver?where=image&query=%EC%9D%BC%ED%8E%B8%EB%93%B1%EC%8B%AC%20%EA%B0%95%EB%82%A8%EC%A0%90,/assets/naver-courses/720085b33984406b5e8f5cac.jpg,검수완료
course-00352,일편등심 강남 → 셀렉티드닉스 → 스머프매직포레스트 코스,일편등심 강남,서울 강남구 테헤란로1길 20,일편등심 강남 → 셀렉티드닉스 → 스머프매직포레스트,"관광, 음식점, 카페",일편등심 강남점 | 강남 일편등심 | 일편등심 테헤란로1길 20 | 일편등심 강남점 서울 강남구 테헤란로1길 20,https://search.naver.com/search.naver?where=image&query=%EC%9D%BC%ED%8E%B8%EB%93%B1%EC%8B%AC%20%EA%B0%95%EB%82%A8%EC%A0%90,/assets/naver-courses/183cdf35361079cb41c3baba.jpg,검수완료
course-00353,그라운드시소 센트럴 → 숭례문 → 농민백암순대 시청직영점 코스,그라운드시소 센트럴,서울 중구 세종대로 14,그라운드시소 센트럴 → 숭례문 → 농민백암순대 시청직영점,"관광, 음식점, 전시",그라운드시소 센트럴 | 센트럴 그라운드시소 | 그라운드시소 센트럴 전시 | 그라운드시소 센트럴 서울 중구 세종대로 14,https://search.naver.com/search.naver?where=image&query=%EA%B7%B8%EB%9D%BC%EC%9A%B4%EB%93%9C%EC%8B%9C%EC%86%8C%20%EC%84%BC%ED%8A%B8%EB%9F%B4,,사진 미완료 · 수동 검색 인계
course-00354,만동제과 → AC'SCENT(악센트) → 농협경제지주 온라인사업부 코스,만동제과,서울 서대문구 연희로 32,만동제과 → AC'SCENT(악센트) → 농협경제지주 온라인사업부,"쇼핑, 음식점, 전시",만동제과 연남점 | 만동제과 홍대 | 만동제과 연희로 32 | 만동제과 연남점 서울 서대문구 연희로 32,https://search.naver.com/search.naver?where=image&query=%EB%A7%8C%EB%8F%99%EC%A0%9C%EA%B3%BC%20%EC%97%B0%EB%82%A8%EC%A0%90,,사진 미완료 · 수동 검색 인계
course-00355,노란돼지 → 태양커피 서울사당점 → 윤남아트스페이스 코스,노란돼지,서울 동작구 동작대로7길 97,노란돼지 → 태양커피 서울사당점 → 윤남아트스페이스,"음식점, 전시, 카페",노란돼지 사당 | 노란돼지 방배 | 노란돼지 동작대로7길 97 | 노란돼지 사당 서울 동작구 동작대로7길 97,https://search.naver.com/search.naver?where=image&query=%EB%85%B8%EB%9E%80%EB%8F%BC%EC%A7%80%20%EC%82%AC%EB%8B%B9,,사진 미완료 · 수동 검색 인계
course-00356,일편등심 강남 → 서리풀푸드트럭존 → 창업쇼핑 코스,일편등심 강남,서울 강남구 테헤란로1길 20,일편등심 강남 → 서리풀푸드트럭존 → 창업쇼핑,"관광, 쇼핑, 음식점",일편등심 강남점 | 강남 일편등심 | 일편등심 테헤란로1길 20 | 일편등심 강남점 서울 강남구 테헤란로1길 20,https://search.naver.com/search.naver?where=image&query=%EC%9D%BC%ED%8E%B8%EB%93%B1%EC%8B%AC%20%EA%B0%95%EB%82%A8%EC%A0%90,/assets/naver-courses/7786f850931af65dd80e0b97.jpg,검수완료
course-00357,잠실지하광장 쇼핑센터 → 송파나루공원 삼전도비 → 피제리아라고 코스,잠실지하광장 쇼핑센터,서울 송파구 잠실로 지하 156,잠실지하광장 쇼핑센터 → 송파나루공원 삼전도비 → 피제리아라고,"관광, 쇼핑, 음식점",잠실지하광장 쇼핑센터 | 잠실 지하광장 | 잠실지하광장 상가 | 잠실역 지하광장 | 잠실지하광장 쇼핑센터 서울 송파구 잠실로 지하 156,https://search.naver.com/search.naver?where=image&query=%EC%9E%A0%EC%8B%A4%EC%A7%80%ED%95%98%EA%B4%91%EC%9E%A5%20%EC%87%BC%ED%95%91%EC%84%BC%ED%84%B0,,사진 미완료 · 수동 검색 인계
course-00358,잠실지하광장 쇼핑센터 → 롯데갤러리아트홀 → 그림제작소 코스,잠실지하광장 쇼핑센터,서울 송파구 잠실로 지하 156,잠실지하광장 쇼핑센터 → 롯데갤러리아트홀 → 그림제작소,"쇼핑, 전시, 카페",잠실지하광장 쇼핑센터 | 잠실 지하광장 | 잠실지하광장 상가 | 잠실역 지하광장 | 잠실지하광장 쇼핑센터 서울 송파구 잠실로 지하 156,https://search.naver.com/search.naver?where=image&query=%EC%9E%A0%EC%8B%A4%EC%A7%80%ED%95%98%EA%B4%91%EC%9E%A5%20%EC%87%BC%ED%95%91%EC%84%BC%ED%84%B0,,사진 미완료 · 수동 검색 인계
course-00359,문화역서울284 → 이이네 → 남산하늘숲길 소월정원 코스,문화역서울284,서울 중구 통일로 1,문화역서울284 → 이이네 → 남산하늘숲길 소월정원,"관광, 음식점, 전시",문화역서울284 | 문화역 서울 284 | 문화역서울 284 전시 | 문화역서울284 서울 중구 통일로 1,https://search.naver.com/search.naver?where=image&query=%EB%AC%B8%ED%99%94%EC%97%AD%EC%84%9C%EC%9A%B8284,,사진 미완료 · 수동 검색 인계
course-00360,신도림이도식당 → 아트팩토리체험공방 코스,신도림이도식당,서울 구로구 경인로 661,신도림이도식당 → 아트팩토리체험공방,"음식점, 체험",신도림 이도식당 | 이도식당 신도림 | 이도식당 경인로 661 | 신도림 이도식당 서울 구로구 경인로 661,https://search.naver.com/search.naver?where=image&query=%EC%8B%A0%EB%8F%84%EB%A6%BC%20%EC%9D%B4%EB%8F%84%EC%8B%9D%EB%8B%B9,/assets/naver-courses/b21ef31d9fdec51d5be2e05a.jpg,검수완료
course-00361,구씨네부엌 → 스페이스갤러리아 서울홍대 → 서울명예도로 끼리끼리5길 코스,구씨네부엌,,구씨네부엌 → 스페이스갤러리아 서울홍대 → 서울명예도로 끼리끼리5길,"관광, 음식점, 전시","구씨네부엌 | 홍대 구씨네 부엌 | 구씨네부엌 신촌 | 홍대 구씨네부엌 피자 | 구씨네부엌 파스타 | ""구씨네부엌""",https://search.naver.com/search.naver?where=image&query=%EA%B5%AC%EC%94%A8%EB%84%A4%EB%B6%80%EC%97%8C,/assets/naver-courses/7dfada262111967ecb017fba.jpg,검수완료
course-00362,만동제과 → WP → 아이아이 연희 코스,만동제과,서울 서대문구 연희로 32,만동제과 → WP → 아이아이 연희,"음식점, 전시, 카페",만동제과 연남점 | 만동제과 홍대 | 만동제과 연희로 32 | 만동제과 연남점 서울 서대문구 연희로 32,https://search.naver.com/search.naver?where=image&query=%EB%A7%8C%EB%8F%99%EC%A0%9C%EA%B3%BC%20%EC%97%B0%EB%82%A8%EC%A0%90,,사진 미완료 · 수동 검색 인계
course-00363,일편등심 강남 → 블루보틀 역삼카페 → 더샵스앳센터필드 코스,일편등심 강남,서울 강남구 테헤란로1길 20,일편등심 강남 → 블루보틀 역삼카페 → 더샵스앳센터필드,"쇼핑, 음식점, 카페",일편등심 강남점 | 강남 일편등심 | 일편등심 테헤란로1길 20 | 일편등심 강남점 서울 강남구 테헤란로1길 20,https://search.naver.com/search.naver?where=image&query=%EC%9D%BC%ED%8E%B8%EB%93%B1%EC%8B%AC%20%EA%B0%95%EB%82%A8%EC%A0%90,/assets/naver-courses/cf274a5a48ea89c62fb3fae5.jpg,검수완료
course-00364,일편등심 강남 → 블루보틀 역삼카페 → 캐논갤러리 코스,일편등심 강남,서울 강남구 테헤란로1길 20,일편등심 강남 → 블루보틀 역삼카페 → 캐논갤러리,"음식점, 전시, 카페",일편등심 강남점 | 강남 일편등심 | 일편등심 테헤란로1길 20 | 일편등심 강남점 서울 강남구 테헤란로1길 20,https://search.naver.com/search.naver?where=image&query=%EC%9D%BC%ED%8E%B8%EB%93%B1%EC%8B%AC%20%EA%B0%95%EB%82%A8%EC%A0%90,/assets/naver-courses/394adff407b864b5f66c0a3c.jpg,검수완료
course-00365,구씨네부엌 → 토로스쇼핑타워 → 호러스위치 코스,구씨네부엌,,구씨네부엌 → 토로스쇼핑타워 → 호러스위치,"관광, 쇼핑, 음식점","구씨네부엌 | 홍대 구씨네 부엌 | 구씨네부엌 신촌 | 홍대 구씨네부엌 피자 | 구씨네부엌 파스타 | ""구씨네부엌""",https://search.naver.com/search.naver?where=image&query=%EA%B5%AC%EC%94%A8%EB%84%A4%EB%B6%80%EC%97%8C,/assets/naver-courses/336a30abded1382e00020606.jpg,검수완료
course-00366,브이스퀘어 → 건대맛의거리 → 코노하 건대점 코스,브이스퀘어,서울 광진구 아차산로 272,브이스퀘어 → 건대맛의거리 → 코노하 건대점,"관광, 음식점, 전시",브이스퀘어 건대 | 브이스퀘어 롯데시네마 | V SQUARE 건대입구 | 브이스퀘어 건대 서울 광진구 아차산로 272,https://search.naver.com/search.naver?where=image&query=%EB%B8%8C%EC%9D%B4%EC%8A%A4%ED%80%98%EC%96%B4%20%EA%B1%B4%EB%8C%80,,사진 미완료 · 수동 검색 인계
course-00367,일편등심 강남 → 서리풀푸드트럭존 → 크리에잇쿠키 역삼점 코스,일편등심 강남,서울 강남구 테헤란로1길 20,일편등심 강남 → 서리풀푸드트럭존 → 크리에잇쿠키 역삼점,"관광, 음식점, 카페",일편등심 강남점 | 강남 일편등심 | 일편등심 테헤란로1길 20 | 일편등심 강남점 서울 강남구 테헤란로1길 20,https://search.naver.com/search.naver?where=image&query=%EC%9D%BC%ED%8E%B8%EB%93%B1%EC%8B%AC%20%EA%B0%95%EB%82%A8%EC%A0%90,/assets/naver-courses/1eb317e949648a8b1222ec04.jpg,검수완료
course-00368,일편등심 강남 → 스머프매직포레스트 → 크리에잇쿠키 역삼점 코스,일편등심 강남,서울 강남구 테헤란로1길 20,일편등심 강남 → 스머프매직포레스트 → 크리에잇쿠키 역삼점,"관광, 음식점, 카페",일편등심 강남점 | 강남 일편등심 | 일편등심 테헤란로1길 20 | 일편등심 강남점 서울 강남구 테헤란로1길 20,https://search.naver.com/search.naver?where=image&query=%EC%9D%BC%ED%8E%B8%EB%93%B1%EC%8B%AC%20%EA%B0%95%EB%82%A8%EC%A0%90,,사진 미완료 · 수동 검색 인계
course-00369,만동제과 → 금옥당 연희점 → 모모룸 코스,만동제과,서울 서대문구 연희로 32,만동제과 → 금옥당 연희점 → 모모룸,"음식점, 전시, 카페",만동제과 연남점 | 만동제과 홍대 | 만동제과 연희로 32 | 만동제과 연남점 서울 서대문구 연희로 32,https://search.naver.com/search.naver?where=image&query=%EB%A7%8C%EB%8F%99%EC%A0%9C%EA%B3%BC%20%EC%97%B0%EB%82%A8%EC%A0%90,/assets/naver-courses/a67e7872f1a0b9e621fd8be4.jpg,검수완료
course-00370,잠실지하광장 쇼핑센터 → 송파나루공원 삼전도비 → BGN갤러리 롯데타워점 코스,잠실지하광장 쇼핑센터,서울 송파구 잠실로 지하 156,잠실지하광장 쇼핑센터 → 송파나루공원 삼전도비 → BGN갤러리 롯데타워점,"관광, 쇼핑, 전시",잠실지하광장 쇼핑센터 | 잠실 지하광장 | 잠실지하광장 상가 | 잠실역 지하광장 | 잠실지하광장 쇼핑센터 서울 송파구 잠실로 지하 156,https://search.naver.com/search.naver?where=image&query=%EC%9E%A0%EC%8B%A4%EC%A7%80%ED%95%98%EA%B4%91%EC%9E%A5%20%EC%87%BC%ED%95%91%EC%84%BC%ED%84%B0,,사진 미완료 · 수동 검색 인계
course-00371,잠실지하광장 쇼핑센터 → 에비뉴엘아트홀 → 석촌호수 서호 코스,잠실지하광장 쇼핑센터,서울 송파구 잠실로 지하 156,잠실지하광장 쇼핑센터 → 에비뉴엘아트홀 → 석촌호수 서호,"관광, 쇼핑, 전시",잠실지하광장 쇼핑센터 | 잠실 지하광장 | 잠실지하광장 상가 | 잠실역 지하광장 | 잠실지하광장 쇼핑센터 서울 송파구 잠실로 지하 156,https://search.naver.com/search.naver?where=image&query=%EC%9E%A0%EC%8B%A4%EC%A7%80%ED%95%98%EA%B4%91%EC%9E%A5%20%EC%87%BC%ED%95%91%EC%84%BC%ED%84%B0,,사진 미완료 · 수동 검색 인계
course-00372,만동제과 → 엔지니어링역사관 코스,만동제과,서울 서대문구 연희로 32,만동제과 → 엔지니어링역사관,"음식점, 전시",만동제과 연남점 | 만동제과 홍대 | 만동제과 연희로 32 | 만동제과 연남점 서울 서대문구 연희로 32,https://search.naver.com/search.naver?where=image&query=%EB%A7%8C%EB%8F%99%EC%A0%9C%EA%B3%BC%20%EC%97%B0%EB%82%A8%EC%A0%90,/assets/naver-courses/14ba30d6fdd78432e3607f66.jpg,검수완료
course-00373,일편등심 강남 → 크리에잇쿠키 역삼점 → 캐논갤러리 코스,일편등심 강남,서울 강남구 테헤란로1길 20,일편등심 강남 → 크리에잇쿠키 역삼점 → 캐논갤러리,"음식점, 전시, 카페",일편등심 강남점 | 강남 일편등심 | 일편등심 테헤란로1길 20 | 일편등심 강남점 서울 강남구 테헤란로1길 20,https://search.naver.com/search.naver?where=image&query=%EC%9D%BC%ED%8E%B8%EB%93%B1%EC%8B%AC%20%EA%B0%95%EB%82%A8%EC%A0%90,/assets/naver-courses/19bf739b1cc62be1a8e4967f.jpg,검수완료
course-00374,로얄마카롱 → 까사생갈비 → 무신사 스토어 강남 코스,로얄마카롱,,로얄마카롱 → 까사생갈비 → 무신사 스토어 강남,"쇼핑, 음식점, 카페",로얄마카롱 | 서울 로얄마카롱 | 로얄마카롱 매장,https://search.naver.com/search.naver?where=image&query=%EB%A1%9C%EC%96%84%EB%A7%88%EC%B9%B4%EB%A1%B1,,사진 미완료 · 수동 검색 인계
course-00375,건국대학교 일감호 → 현대수산 코스,건국대학교 일감호,서울 광진구 능동로 120,건국대학교 일감호 → 현대수산,"관광, 음식점",건국대학교 일감호 | 건대 일감호 | 일감호 | 건국대학교 일감호 서울 광진구 능동로 120,https://search.naver.com/search.naver?where=image&query=%EA%B1%B4%EA%B5%AD%EB%8C%80%ED%95%99%EA%B5%90%20%EC%9D%BC%EA%B0%90%ED%98%B8,/assets/naver-courses/5b84c882a6852fa82693695b.jpg,검수완료
course-00376,아트팩토리체험공방 → 타이파 → 왕십리갤러리허브 코스,아트팩토리체험공방,서울 성동구 왕십리로 241,아트팩토리체험공방 → 타이파 → 왕십리갤러리허브,"전시, 체험, 카페",아트팩토리 체험공방 | 아트팩토리 왕십리 | 아트팩토리 왕십리로 241 | 아트팩토리 체험공방 서울 성동구 왕십리로 241,https://search.naver.com/search.naver?where=image&query=%EC%95%84%ED%8A%B8%ED%8C%A9%ED%86%A0%EB%A6%AC%20%EC%B2%B4%ED%97%98%EA%B3%B5%EB%B0%A9,,사진 미완료 · 수동 검색 인계
course-00377,문화역서울284 → 남대문칼국수골목 → 애성회관 코스,문화역서울284,서울 중구 통일로 1,문화역서울284 → 남대문칼국수골목 → 애성회관,"관광, 음식점, 전시",문화역서울284 | 문화역 서울 284 | 문화역서울 284 전시 | 문화역서울284 서울 중구 통일로 1,https://search.naver.com/search.naver?where=image&query=%EB%AC%B8%ED%99%94%EC%97%AD%EC%84%9C%EC%9A%B8284,/assets/naver-courses/7b4b1b1d628919c11f587f41.jpg,검수완료
course-00378,구씨네부엌 → 덕스(DUEX) → 버터앤쉘터 연남점 코스,구씨네부엌,,구씨네부엌 → 덕스(DUEX) → 버터앤쉘터 연남점,"음식점, 전시, 카페","구씨네부엌 | 홍대 구씨네 부엌 | 구씨네부엌 신촌 | 홍대 구씨네부엌 피자 | 구씨네부엌 파스타 | ""구씨네부엌""",https://search.naver.com/search.naver?where=image&query=%EA%B5%AC%EC%94%A8%EB%84%A4%EB%B6%80%EC%97%8C,,사진 미완료 · 수동 검색 인계
course-00379,문화역서울284 → 애성회관 → 커피스니퍼 코스,문화역서울284,서울 중구 통일로 1,문화역서울284 → 애성회관 → 커피스니퍼,"음식점, 전시, 카페",문화역서울284 | 문화역 서울 284 | 문화역서울 284 전시 | 문화역서울284 서울 중구 통일로 1,https://search.naver.com/search.naver?where=image&query=%EB%AC%B8%ED%99%94%EC%97%AD%EC%84%9C%EC%9A%B8284,/assets/naver-courses/1f90c40fd6752f0db0b493d6.jpg,검수완료
course-00380,문화역서울284 → 쇼핑하는사람들 → 남산하늘숲길 소월정원 코스,문화역서울284,서울 중구 통일로 1,문화역서울284 → 쇼핑하는사람들 → 남산하늘숲길 소월정원,"관광, 쇼핑, 전시",문화역서울284 | 문화역 서울 284 | 문화역서울 284 전시 | 문화역서울284 서울 중구 통일로 1,https://search.naver.com/search.naver?where=image&query=%EB%AC%B8%ED%99%94%EC%97%AD%EC%84%9C%EC%9A%B8284,/assets/naver-courses/d7c2e8266a8a1cf95da8eb3d.jpg,검수완료
course-00381,로얄마카롱 → 자매수산 → 서리풀푸드트럭존 코스,로얄마카롱,,로얄마카롱 → 자매수산 → 서리풀푸드트럭존,"관광, 음식점, 카페",로얄마카롱 | 서울 로얄마카롱 | 로얄마카롱 매장,https://search.naver.com/search.naver?where=image&query=%EB%A1%9C%EC%96%84%EB%A7%88%EC%B9%B4%EB%A1%B1,/assets/naver-courses/7993a42b1499684434b86d43.jpg,검수완료
course-00382,건국대학교 일감호 → 스타벅스 건국대점 → 육일관 본점 코스,건국대학교 일감호,서울 광진구 능동로 120,건국대학교 일감호 → 스타벅스 건국대점 → 육일관 본점,"관광, 음식점, 카페",건국대학교 일감호 | 건대 일감호 | 일감호 | 건국대학교 일감호 서울 광진구 능동로 120,https://search.naver.com/search.naver?where=image&query=%EA%B1%B4%EA%B5%AD%EB%8C%80%ED%95%99%EA%B5%90%20%EC%9D%BC%EA%B0%90%ED%98%B8,/assets/naver-courses/95694fc64c7d2e34709b3281.jpg,검수완료
course-00383,동대문디자인플라자 디자인전시관 → 던던 동대문점 → 진옥화할매원조닭한마리 본점 코스,동대문디자인플라자 디자인전시관,서울 중구 을지로 281,동대문디자인플라자 디자인전시관 → 던던 동대문점 → 진옥화할매원조닭한마리 본점,"쇼핑, 음식점, 전시",DDP 디자인전시관 | 동대문디자인플라자 디자인전시관 | DDP 뮤지엄 디자인전시관 | DDP 디자인전시관 서울 중구 을지로 281,https://search.naver.com/search.naver?where=image&query=DDP%20%EB%94%94%EC%9E%90%EC%9D%B8%EC%A0%84%EC%8B%9C%EA%B4%80,/assets/naver-courses/c6047538f0490ea1be7daa2d.jpg,검수완료
course-00384,일편등심 강남 → 크리에잇쿠키 역삼점 → 더샵스앳센터필드 코스,일편등심 강남,서울 강남구 테헤란로1길 20,일편등심 강남 → 크리에잇쿠키 역삼점 → 더샵스앳센터필드,"쇼핑, 음식점, 카페",일편등심 강남점 | 강남 일편등심 | 일편등심 테헤란로1길 20 | 일편등심 강남점 서울 강남구 테헤란로1길 20,https://search.naver.com/search.naver?where=image&query=%EC%9D%BC%ED%8E%B8%EB%93%B1%EC%8B%AC%20%EA%B0%95%EB%82%A8%EC%A0%90,,사진 미완료 · 수동 검색 인계
course-00385,일편등심 강남 → 힉스커피 → 캐논갤러리 코스,일편등심 강남,서울 강남구 테헤란로1길 20,일편등심 강남 → 힉스커피 → 캐논갤러리,"음식점, 전시, 카페",일편등심 강남점 | 강남 일편등심 | 일편등심 테헤란로1길 20 | 일편등심 강남점 서울 강남구 테헤란로1길 20,https://search.naver.com/search.naver?where=image&query=%EC%9D%BC%ED%8E%B8%EB%93%B1%EC%8B%AC%20%EA%B0%95%EB%82%A8%EC%A0%90,,사진 미완료 · 수동 검색 인계
course-00386,브이스퀘어 → 스타벅스 건국대점 → 요비 코스,브이스퀘어,서울 광진구 아차산로 272,브이스퀘어 → 스타벅스 건국대점 → 요비,"음식점, 전시, 카페",브이스퀘어 건대 | 브이스퀘어 롯데시네마 | V SQUARE 건대입구 | 브이스퀘어 건대 서울 광진구 아차산로 272,https://search.naver.com/search.naver?where=image&query=%EB%B8%8C%EC%9D%B4%EC%8A%A4%ED%80%98%EC%96%B4%20%EA%B1%B4%EB%8C%80,,사진 미완료 · 수동 검색 인계
course-00387,태양커피 서울사당점 → 참치마니아 → 사당1동먹자골목상점가 코스,태양커피 서울사당점,서울 서초구 방배천로 32,태양커피 서울사당점 → 참치마니아 → 사당1동먹자골목상점가,"관광, 음식점, 카페",태양커피 사당점 | 사당 태양커피 | 태양커피 방배천로 32 | 태양커피 사당점 서울 서초구 방배천로 32,https://search.naver.com/search.naver?where=image&query=%ED%83%9C%EC%96%91%EC%BB%A4%ED%94%BC%20%EC%82%AC%EB%8B%B9%EC%A0%90,,사진 미완료 · 수동 검색 인계
course-00388,잠실지하광장 쇼핑센터 → 에비뉴엘아트홀 → 화반 방이점 코스,잠실지하광장 쇼핑센터,서울 송파구 잠실로 지하 156,잠실지하광장 쇼핑센터 → 에비뉴엘아트홀 → 화반 방이점,"쇼핑, 음식점, 전시",잠실지하광장 쇼핑센터 | 잠실 지하광장 | 잠실지하광장 상가 | 잠실역 지하광장 | 잠실지하광장 쇼핑센터 서울 송파구 잠실로 지하 156,https://search.naver.com/search.naver?where=image&query=%EC%9E%A0%EC%8B%A4%EC%A7%80%ED%95%98%EA%B4%91%EC%9E%A5%20%EC%87%BC%ED%95%91%EC%84%BC%ED%84%B0,,사진 미완료 · 수동 검색 인계
course-00389,로얄마카롱 → 스머프매직포레스트 → 창업쇼핑 코스,로얄마카롱,,로얄마카롱 → 스머프매직포레스트 → 창업쇼핑,"관광, 쇼핑, 카페",로얄마카롱 | 서울 로얄마카롱 | 로얄마카롱 매장,https://search.naver.com/search.naver?where=image&query=%EB%A1%9C%EC%96%84%EB%A7%88%EC%B9%B4%EB%A1%B1,/assets/naver-courses/0583bc4a69d6e8805e8c68e0.jpg,검수완료
course-00390,문화역서울284 → 쇼핑하는사람들 → 남산둘레길 코스,문화역서울284,서울 중구 통일로 1,문화역서울284 → 쇼핑하는사람들 → 남산둘레길,"관광, 쇼핑, 전시",문화역서울284 | 문화역 서울 284 | 문화역서울 284 전시 | 문화역서울284 서울 중구 통일로 1,https://search.naver.com/search.naver?where=image&query=%EB%AC%B8%ED%99%94%EC%97%AD%EC%84%9C%EC%9A%B8284,/assets/naver-courses/d539baecba441443f4b5864f.jpg,검수완료
course-00391,정동전망대 → 전광수커피하우스 정동점 → 아트조선스페이스 코스,정동전망대,서울 중구 덕수궁길 15,정동전망대 → 전광수커피하우스 정동점 → 아트조선스페이스,"관광, 전시, 카페",정동전망대 | 정동 전망대 | 정동전망대 덕수궁 | 정동전망대 서울 중구 덕수궁길 15,https://search.naver.com/search.naver?where=image&query=%EC%A0%95%EB%8F%99%EC%A0%84%EB%A7%9D%EB%8C%80,/assets/naver-courses/adb92a752aff41477c279db3.jpg,검수완료
course-00392,문화역서울284 → 쌍대포 본점 → 먼데이피크닉 코스,문화역서울284,서울 중구 통일로 1,문화역서울284 → 쌍대포 본점 → 먼데이피크닉,"음식점, 전시, 카페",문화역서울284 | 문화역 서울 284 | 문화역서울 284 전시 | 문화역서울284 서울 중구 통일로 1,https://search.naver.com/search.naver?where=image&query=%EB%AC%B8%ED%99%94%EC%97%AD%EC%84%9C%EC%9A%B8284,/assets/naver-courses/725276d5eb71c962a4ed7f45.jpg,검수완료
course-00393,노란돼지 → 사당1동먹자골목상점가 → 리요리요커피 코스,노란돼지,서울 동작구 동작대로7길 97,노란돼지 → 사당1동먹자골목상점가 → 리요리요커피,"관광, 음식점, 카페",노란돼지 사당 | 노란돼지 방배 | 노란돼지 동작대로7길 97 | 노란돼지 사당 서울 동작구 동작대로7길 97,https://search.naver.com/search.naver?where=image&query=%EB%85%B8%EB%9E%80%EB%8F%BC%EC%A7%80%20%EC%82%AC%EB%8B%B9,,사진 미완료 · 수동 검색 인계
course-00394,그라운드시소 센트럴 → 숭례문 → 금성관 코스,그라운드시소 센트럴,서울 중구 세종대로 14,그라운드시소 센트럴 → 숭례문 → 금성관,"관광, 음식점, 전시",그라운드시소 센트럴 | 센트럴 그라운드시소 | 그라운드시소 센트럴 전시 | 그라운드시소 센트럴 서울 중구 세종대로 14,https://search.naver.com/search.naver?where=image&query=%EA%B7%B8%EB%9D%BC%EC%9A%B4%EB%93%9C%EC%8B%9C%EC%86%8C%20%EC%84%BC%ED%8A%B8%EB%9F%B4,/assets/naver-courses/522760f39888c72693bca118.jpg,검수완료
course-00395,커넥트투 → 서울스카이 → 잠실지하광장 쇼핑센터 코스,커넥트투,서울 송파구 올림픽로 300,커넥트투 → 서울스카이 → 잠실지하광장 쇼핑센터,"관광, 쇼핑, 전시",커넥트투 잠실 | 커넥트투 롯데월드몰 | CONNECT TO 잠실 | 커넥트투 잠실 서울 송파구 올림픽로 300,https://search.naver.com/search.naver?where=image&query=%EC%BB%A4%EB%84%A5%ED%8A%B8%ED%88%AC%20%EC%9E%A0%EC%8B%A4,/assets/naver-courses/e36af18d1f3a5c66fe058853.jpg,검수완료
course-00396,노란돼지 → 윤남아트스페이스 → 리요리요커피 코스,노란돼지,서울 동작구 동작대로7길 97,노란돼지 → 윤남아트스페이스 → 리요리요커피,"음식점, 전시, 카페",노란돼지 사당 | 노란돼지 방배 | 노란돼지 동작대로7길 97 | 노란돼지 사당 서울 동작구 동작대로7길 97,https://search.naver.com/search.naver?where=image&query=%EB%85%B8%EB%9E%80%EB%8F%BC%EC%A7%80%20%EC%82%AC%EB%8B%B9,,사진 미완료 · 수동 검색 인계
course-00397,잠실지하광장 쇼핑센터 → 서울스카이 → 화반 방이점 코스,잠실지하광장 쇼핑센터,서울 송파구 잠실로 지하 156,잠실지하광장 쇼핑센터 → 서울스카이 → 화반 방이점,"관광, 쇼핑, 음식점",잠실지하광장 쇼핑센터 | 잠실 지하광장 | 잠실지하광장 상가 | 잠실역 지하광장 | 잠실지하광장 쇼핑센터 서울 송파구 잠실로 지하 156,https://search.naver.com/search.naver?where=image&query=%EC%9E%A0%EC%8B%A4%EC%A7%80%ED%95%98%EA%B4%91%EC%9E%A5%20%EC%87%BC%ED%95%91%EC%84%BC%ED%84%B0,,사진 미완료 · 수동 검색 인계
course-00398,그라운드시소 센트럴 → 콘피 코스,그라운드시소 센트럴,서울 중구 세종대로 14,그라운드시소 센트럴 → 콘피,"전시, 카페",그라운드시소 센트럴 | 센트럴 그라운드시소 | 그라운드시소 센트럴 전시 | 그라운드시소 센트럴 서울 중구 세종대로 14,https://search.naver.com/search.naver?where=image&query=%EA%B7%B8%EB%9D%BC%EC%9A%B4%EB%93%9C%EC%8B%9C%EC%86%8C%20%EC%84%BC%ED%8A%B8%EB%9F%B4,/assets/naver-courses/2a422e693d9b076ec02c380c.jpg,검수완료
course-00399,일편등심 강남 → 이바인체험샵 → 썸띵어바웃커피 코스,일편등심 강남,서울 강남구 테헤란로1길 20,일편등심 강남 → 이바인체험샵 → 썸띵어바웃커피,"쇼핑, 음식점, 카페",일편등심 강남점 | 강남 일편등심 | 일편등심 테헤란로1길 20 | 일편등심 강남점 서울 강남구 테헤란로1길 20,https://search.naver.com/search.naver?where=image&query=%EC%9D%BC%ED%8E%B8%EB%93%B1%EC%8B%AC%20%EA%B0%95%EB%82%A8%EC%A0%90,/assets/naver-courses/7304afa4446b4e65f757b6da.jpg,검수완료
course-00400,문화역서울284 → 금성관 → 커피스니퍼 코스,문화역서울284,서울 중구 통일로 1,문화역서울284 → 금성관 → 커피스니퍼,"음식점, 전시, 카페",문화역서울284 | 문화역 서울 284 | 문화역서울 284 전시 | 문화역서울284 서울 중구 통일로 1,https://search.naver.com/search.naver?where=image&query=%EB%AC%B8%ED%99%94%EC%97%AD%EC%84%9C%EC%9A%B8284,/assets/naver-courses/23cdb88d375ec5b7a8975a0d.jpg,검수완료
course-00401,잠실지하광장 쇼핑센터 → 한정선 잠실롯데월드몰점 → 화반 방이점 코스,잠실지하광장 쇼핑센터,서울 송파구 잠실로 지하 156,잠실지하광장 쇼핑센터 → 한정선 잠실롯데월드몰점 → 화반 방이점,"쇼핑, 음식점, 카페",잠실지하광장 쇼핑센터 | 잠실 지하광장 | 잠실지하광장 상가 | 잠실역 지하광장 | 잠실지하광장 쇼핑센터 서울 송파구 잠실로 지하 156,https://search.naver.com/search.naver?where=image&query=%EC%9E%A0%EC%8B%A4%EC%A7%80%ED%95%98%EA%B4%91%EC%9E%A5%20%EC%87%BC%ED%95%91%EC%84%BC%ED%84%B0,,사진 미완료 · 수동 검색 인계
course-00402,정동전망대 → 구씨네부엌 코스,정동전망대,서울 중구 덕수궁길 15,정동전망대 → 구씨네부엌,"관광, 음식점",정동전망대 | 정동 전망대 | 정동전망대 덕수궁 | 정동전망대 서울 중구 덕수궁길 15,https://search.naver.com/search.naver?where=image&query=%EC%A0%95%EB%8F%99%EC%A0%84%EB%A7%9D%EB%8C%80,/assets/naver-courses/51f8d58cc02e683c6272a670.jpg,검수완료
course-00403,일편등심 강남 → 썸띵어바웃커피 → 캐논갤러리 코스,일편등심 강남,서울 강남구 테헤란로1길 20,일편등심 강남 → 썸띵어바웃커피 → 캐논갤러리,"음식점, 전시, 카페",일편등심 강남점 | 강남 일편등심 | 일편등심 테헤란로1길 20 | 일편등심 강남점 서울 강남구 테헤란로1길 20,https://search.naver.com/search.naver?where=image&query=%EC%9D%BC%ED%8E%B8%EB%93%B1%EC%8B%AC%20%EA%B0%95%EB%82%A8%EC%A0%90,/assets/naver-courses/35f05ee7748d110912ab537b.jpg,검수완료
course-00404,커넥트투 → 엔지니어링역사관 코스,커넥트투,서울 송파구 올림픽로 300,커넥트투 → 엔지니어링역사관,전시,커넥트투 잠실 | 커넥트투 롯데월드몰 | CONNECT TO 잠실 | 커넥트투 잠실 서울 송파구 올림픽로 300,https://search.naver.com/search.naver?where=image&query=%EC%BB%A4%EB%84%A5%ED%8A%B8%ED%88%AC%20%EC%9E%A0%EC%8B%A4,/assets/naver-courses/aca988e09cd1ab1f8c1e347f.jpg,검수완료
course-00405,동대문디자인플라자 디자인전시관 → 진옥화할매원조닭한마리 본점 → 버터스카치 코스,동대문디자인플라자 디자인전시관,서울 중구 을지로 281,동대문디자인플라자 디자인전시관 → 진옥화할매원조닭한마리 본점 → 버터스카치,"음식점, 전시, 카페",DDP 디자인전시관 | 동대문디자인플라자 디자인전시관 | DDP 뮤지엄 디자인전시관 | DDP 디자인전시관 서울 중구 을지로 281,https://search.naver.com/search.naver?where=image&query=DDP%20%EB%94%94%EC%9E%90%EC%9D%B8%EC%A0%84%EC%8B%9C%EA%B4%80,/assets/naver-courses/c6ddcc5a19b00e5476aa95a5.jpg,검수완료
course-00406,신도림이도식당 → 구로스마트라운지 → 그녀만의쇼핑 코스,신도림이도식당,서울 구로구 경인로 661,신도림이도식당 → 구로스마트라운지 → 그녀만의쇼핑,"쇼핑, 음식점, 전시",신도림 이도식당 | 이도식당 신도림 | 이도식당 경인로 661 | 신도림 이도식당 서울 구로구 경인로 661,https://search.naver.com/search.naver?where=image&query=%EC%8B%A0%EB%8F%84%EB%A6%BC%20%EC%9D%B4%EB%8F%84%EC%8B%9D%EB%8B%B9,/assets/naver-courses/ce77a49f5c6018d690893f29.jpg,검수완료
course-00407,잠실지하광장 쇼핑센터 → 석촌호수 동호 → 스타벅스 석촌호수점 코스,잠실지하광장 쇼핑센터,서울 송파구 잠실로 지하 156,잠실지하광장 쇼핑센터 → 석촌호수 동호 → 스타벅스 석촌호수점,"관광, 쇼핑, 카페",잠실지하광장 쇼핑센터 | 잠실 지하광장 | 잠실지하광장 상가 | 잠실역 지하광장 | 잠실지하광장 쇼핑센터 서울 송파구 잠실로 지하 156,https://search.naver.com/search.naver?where=image&query=%EC%9E%A0%EC%8B%A4%EC%A7%80%ED%95%98%EA%B4%91%EC%9E%A5%20%EC%87%BC%ED%95%91%EC%84%BC%ED%84%B0,,사진 미완료 · 수동 검색 인계
course-00408,문화역서울284 → 농민백암순대 시청직영점 → 정동전망대 코스,문화역서울284,서울 중구 통일로 1,문화역서울284 → 농민백암순대 시청직영점 → 정동전망대,"관광, 음식점, 전시",문화역서울284 | 문화역 서울 284 | 문화역서울 284 전시 | 문화역서울284 서울 중구 통일로 1,https://search.naver.com/search.naver?where=image&query=%EB%AC%B8%ED%99%94%EC%97%AD%EC%84%9C%EC%9A%B8284,/assets/naver-courses/d8b750a09c8c567c481debef.jpg,검수완료
course-00409,타이파 → 엔지니어링역사관 코스,타이파,서울 성동구 마조로 24,타이파 → 엔지니어링역사관,"전시, 카페",왕십리 타이파 | 한양대 타이파 | 타이파 마조로 24 | 왕십리 타이파 서울 성동구 마조로 24,https://search.naver.com/search.naver?where=image&query=%EC%99%95%EC%8B%AD%EB%A6%AC%20%ED%83%80%EC%9D%B4%ED%8C%8C,/assets/naver-courses/bc95104d1c9809fb6da1d5be.jpg,검수완료
course-00410,정동전망대 → 덕수정 → 서울도시건축전시관 코스,정동전망대,서울 중구 덕수궁길 15,정동전망대 → 덕수정 → 서울도시건축전시관,"관광, 음식점, 전시",정동전망대 | 정동 전망대 | 정동전망대 덕수궁 | 정동전망대 서울 중구 덕수궁길 15,https://search.naver.com/search.naver?where=image&query=%EC%A0%95%EB%8F%99%EC%A0%84%EB%A7%9D%EB%8C%80,/assets/naver-courses/b81c493ad346f8aefee354b3.jpg,검수완료
course-00411,잠실지하광장 쇼핑센터 → 석촌호수 동호 → 뮤지엄209 코스,잠실지하광장 쇼핑센터,서울 송파구 잠실로 지하 156,잠실지하광장 쇼핑센터 → 석촌호수 동호 → 뮤지엄209,"관광, 쇼핑, 전시",잠실지하광장 쇼핑센터 | 잠실 지하광장 | 잠실지하광장 상가 | 잠실역 지하광장 | 잠실지하광장 쇼핑센터 서울 송파구 잠실로 지하 156,https://search.naver.com/search.naver?where=image&query=%EC%9E%A0%EC%8B%A4%EC%A7%80%ED%95%98%EA%B4%91%EC%9E%A5%20%EC%87%BC%ED%95%91%EC%84%BC%ED%84%B0,,사진 미완료 · 수동 검색 인계
course-00412,신도림이도식당 → 구로스마트라운지 → 카페솔트 코스,신도림이도식당,서울 구로구 경인로 661,신도림이도식당 → 구로스마트라운지 → 카페솔트,"음식점, 전시, 카페",신도림 이도식당 | 이도식당 신도림 | 이도식당 경인로 661 | 신도림 이도식당 서울 구로구 경인로 661,https://search.naver.com/search.naver?where=image&query=%EC%8B%A0%EB%8F%84%EB%A6%BC%20%EC%9D%B4%EB%8F%84%EC%8B%9D%EB%8B%B9,/assets/naver-courses/eb361048a503075376e73f04.jpg,검수완료
course-00413,일편등심 강남 → 이바인체험샵 → 스머프매직포레스트 코스,일편등심 강남,서울 강남구 테헤란로1길 20,일편등심 강남 → 이바인체험샵 → 스머프매직포레스트,"관광, 쇼핑, 음식점",일편등심 강남점 | 강남 일편등심 | 일편등심 테헤란로1길 20 | 일편등심 강남점 서울 강남구 테헤란로1길 20,https://search.naver.com/search.naver?where=image&query=%EC%9D%BC%ED%8E%B8%EB%93%B1%EC%8B%AC%20%EA%B0%95%EB%82%A8%EC%A0%90,/assets/naver-courses/9eea0bc136454ce8c33c9d27.jpg,검수완료
course-00414,일편등심 강남 → 무신사 스토어 강남 → 크리에잇쿠키 역삼점 코스,일편등심 강남,서울 강남구 테헤란로1길 20,일편등심 강남 → 무신사 스토어 강남 → 크리에잇쿠키 역삼점,"쇼핑, 음식점, 카페",일편등심 강남점 | 강남 일편등심 | 일편등심 테헤란로1길 20 | 일편등심 강남점 서울 강남구 테헤란로1길 20,https://search.naver.com/search.naver?where=image&query=%EC%9D%BC%ED%8E%B8%EB%93%B1%EC%8B%AC%20%EA%B0%95%EB%82%A8%EC%A0%90,/assets/naver-courses/10fa17f6c7addcb9226d1f19.jpg,검수완료
course-00415,노란돼지 → 파스텔시티 → 윤남아트스페이스 코스,노란돼지,서울 동작구 동작대로7길 97,노란돼지 → 파스텔시티 → 윤남아트스페이스,"쇼핑, 음식점, 전시",노란돼지 사당 | 노란돼지 방배 | 노란돼지 동작대로7길 97 | 노란돼지 사당 서울 동작구 동작대로7길 97,https://search.naver.com/search.naver?where=image&query=%EB%85%B8%EB%9E%80%EB%8F%BC%EC%A7%80%20%EC%82%AC%EB%8B%B9,,사진 미완료 · 수동 검색 인계
course-00416,아트팩토리체험공방 → 왕십리광장 → 왕십리갤러리허브 코스,아트팩토리체험공방,서울 성동구 왕십리로 241,아트팩토리체험공방 → 왕십리광장 → 왕십리갤러리허브,"관광, 전시, 체험",아트팩토리 체험공방 | 아트팩토리 왕십리 | 아트팩토리 왕십리로 241 | 아트팩토리 체험공방 서울 성동구 왕십리로 241,https://search.naver.com/search.naver?where=image&query=%EC%95%84%ED%8A%B8%ED%8C%A9%ED%86%A0%EB%A6%AC%20%EC%B2%B4%ED%97%98%EA%B3%B5%EB%B0%A9,,사진 미완료 · 수동 검색 인계
course-00417,동대문디자인플라자 디자인전시관 → 버터스카치 → 아베베베이커리 서울 코스,동대문디자인플라자 디자인전시관,서울 중구 을지로 281,동대문디자인플라자 디자인전시관 → 버터스카치 → 아베베베이커리 서울,"음식점, 전시, 카페",DDP 디자인전시관 | 동대문디자인플라자 디자인전시관 | DDP 뮤지엄 디자인전시관 | DDP 디자인전시관 서울 중구 을지로 281,https://search.naver.com/search.naver?where=image&query=DDP%20%EB%94%94%EC%9E%90%EC%9D%B8%EC%A0%84%EC%8B%9C%EA%B4%80,/assets/naver-courses/5497d2e3797ec23d5dc99535.jpg,검수완료
course-00418,서울특별시청 하늘광장갤러리 → 롯데월드 어드벤처 코스,서울특별시청 하늘광장갤러리,서울 중구 세종대로 110,서울특별시청 하늘광장갤러리 → 롯데월드 어드벤처,"관광, 전시",서울시청 하늘광장 갤러리 | 하늘광장갤러리 | 시청 하늘광장갤러리 전시 | 서울시청 하늘광장 갤러리 서울 중구 세종대로 110,https://search.naver.com/search.naver?where=image&query=%EC%84%9C%EC%9A%B8%EC%8B%9C%EC%B2%AD%20%ED%95%98%EB%8A%98%EA%B4%91%EC%9E%A5%20%EA%B0%A4%EB%9F%AC%EB%A6%AC,/assets/naver-courses/f267b505c8df29d9b489daa6.jpg,검수완료
course-00419,일편등심 강남 → 셀렉티드닉스 → 창업쇼핑 코스,일편등심 강남,서울 강남구 테헤란로1길 20,일편등심 강남 → 셀렉티드닉스 → 창업쇼핑,"쇼핑, 음식점, 카페",일편등심 강남점 | 강남 일편등심 | 일편등심 테헤란로1길 20 | 일편등심 강남점 서울 강남구 테헤란로1길 20,https://search.naver.com/search.naver?where=image&query=%EC%9D%BC%ED%8E%B8%EB%93%B1%EC%8B%AC%20%EA%B0%95%EB%82%A8%EC%A0%90,/assets/naver-courses/b8395dc71dc2dbfa6738f1f2.jpg,검수완료
course-00420,구씨네부엌 → 농협경제지주 온라인사업부 → AC'SCENT(악센트) 코스,구씨네부엌,,구씨네부엌 → 농협경제지주 온라인사업부 → AC'SCENT(악센트),"쇼핑, 음식점, 전시","구씨네부엌 | 홍대 구씨네 부엌 | 구씨네부엌 신촌 | 홍대 구씨네부엌 피자 | 구씨네부엌 파스타 | ""구씨네부엌""",https://search.naver.com/search.naver?where=image&query=%EA%B5%AC%EC%94%A8%EB%84%A4%EB%B6%80%EC%97%8C,/assets/naver-courses/cd41245bd71ef00e7684a863.jpg,검수완료
course-00421,브이스퀘어 → 우주로캣 → 요비 코스,브이스퀘어,서울 광진구 아차산로 272,브이스퀘어 → 우주로캣 → 요비,"음식점, 전시, 카페",브이스퀘어 건대 | 브이스퀘어 롯데시네마 | V SQUARE 건대입구 | 브이스퀘어 건대 서울 광진구 아차산로 272,https://search.naver.com/search.naver?where=image&query=%EB%B8%8C%EC%9D%B4%EC%8A%A4%ED%80%98%EC%96%B4%20%EA%B1%B4%EB%8C%80,/assets/naver-courses/ae37dfb97191b68a5b66c55b.jpg,검수완료
course-00422,일편등심 강남 → 스머프매직포레스트 → 캐논갤러리 코스,일편등심 강남,서울 강남구 테헤란로1길 20,일편등심 강남 → 스머프매직포레스트 → 캐논갤러리,"관광, 음식점, 전시",일편등심 강남점 | 강남 일편등심 | 일편등심 테헤란로1길 20 | 일편등심 강남점 서울 강남구 테헤란로1길 20,https://search.naver.com/search.naver?where=image&query=%EC%9D%BC%ED%8E%B8%EB%93%B1%EC%8B%AC%20%EA%B0%95%EB%82%A8%EC%A0%90,/assets/naver-courses/6578d9663bef92bc5a1dbbe6.jpg,검수완료
course-00423,문화역서울284 → 백범광장 → 텐스퀘어 오슬로 회현 코스,문화역서울284,서울 중구 통일로 1,문화역서울284 → 백범광장 → 텐스퀘어 오슬로 회현,"관광, 전시, 카페",문화역서울284 | 문화역 서울 284 | 문화역서울 284 전시 | 문화역서울284 서울 중구 통일로 1,https://search.naver.com/search.naver?where=image&query=%EB%AC%B8%ED%99%94%EC%97%AD%EC%84%9C%EC%9A%B8284,/assets/naver-courses/d1282dacfda0b1650fe28da1.jpg,검수완료
course-00424,문화역서울284 → 이이네 → 남대문갈치조림골목 코스,문화역서울284,서울 중구 통일로 1,문화역서울284 → 이이네 → 남대문갈치조림골목,"관광, 음식점, 전시",문화역서울284 | 문화역 서울 284 | 문화역서울 284 전시 | 문화역서울284 서울 중구 통일로 1,https://search.naver.com/search.naver?where=image&query=%EB%AC%B8%ED%99%94%EC%97%AD%EC%84%9C%EC%9A%B8284,,사진 미완료 · 수동 검색 인계
course-00425,신도림이도식당 → 구로스마트라운지 → 아도 티하우스 코스,신도림이도식당,서울 구로구 경인로 661,신도림이도식당 → 구로스마트라운지 → 아도 티하우스,"음식점, 전시, 카페",신도림 이도식당 | 이도식당 신도림 | 이도식당 경인로 661 | 신도림 이도식당 서울 구로구 경인로 661,https://search.naver.com/search.naver?where=image&query=%EC%8B%A0%EB%8F%84%EB%A6%BC%20%EC%9D%B4%EB%8F%84%EC%8B%9D%EB%8B%B9,/assets/naver-courses/3798e606218b77f2b9ad51e4.jpg,검수완료
course-00426,신도림이도식당 → 더세인트41 → 공간사일삼 코스,신도림이도식당,서울 구로구 경인로 661,신도림이도식당 → 더세인트41 → 공간사일삼,"음식점, 전시, 카페",신도림 이도식당 | 이도식당 신도림 | 이도식당 경인로 661 | 신도림 이도식당 서울 구로구 경인로 661,https://search.naver.com/search.naver?where=image&query=%EC%8B%A0%EB%8F%84%EB%A6%BC%20%EC%9D%B4%EB%8F%84%EC%8B%9D%EB%8B%B9,/assets/naver-courses/3041fcb63a78819f42b55e31.jpg,검수완료
course-00427,구씨네부엌 → AC'SCENT(악센트) → 스타광장 코스,구씨네부엌,,구씨네부엌 → AC'SCENT(악센트) → 스타광장,"관광, 음식점, 전시","구씨네부엌 | 홍대 구씨네 부엌 | 구씨네부엌 신촌 | 홍대 구씨네부엌 피자 | 구씨네부엌 파스타 | ""구씨네부엌""",https://search.naver.com/search.naver?where=image&query=%EA%B5%AC%EC%94%A8%EB%84%A4%EB%B6%80%EC%97%8C,/assets/naver-courses/51540bc953be04174463212d.jpg,검수완료
course-00428,일편등심 강남 → 이바인체험샵 → 힉스커피 코스,일편등심 강남,서울 강남구 테헤란로1길 20,일편등심 강남 → 이바인체험샵 → 힉스커피,"쇼핑, 음식점, 카페",일편등심 강남점 | 강남 일편등심 | 일편등심 테헤란로1길 20 | 일편등심 강남점 서울 강남구 테헤란로1길 20,https://search.naver.com/search.naver?where=image&query=%EC%9D%BC%ED%8E%B8%EB%93%B1%EC%8B%AC%20%EA%B0%95%EB%82%A8%EC%A0%90,,사진 미완료 · 수동 검색 인계
course-00429,태양커피 서울사당점 → 소담촌 사당직영점 → 윤남아트스페이스 코스,태양커피 서울사당점,서울 서초구 방배천로 32,태양커피 서울사당점 → 소담촌 사당직영점 → 윤남아트스페이스,"음식점, 전시, 카페",태양커피 사당점 | 사당 태양커피 | 태양커피 방배천로 32 | 태양커피 사당점 서울 서초구 방배천로 32,https://search.naver.com/search.naver?where=image&query=%ED%83%9C%EC%96%91%EC%BB%A4%ED%94%BC%20%EC%82%AC%EB%8B%B9%EC%A0%90,,사진 미완료 · 수동 검색 인계
course-00430,신도림이도식당 → 도림천 → 에스프리노블 코스,신도림이도식당,서울 구로구 경인로 661,신도림이도식당 → 도림천 → 에스프리노블,"관광, 음식점, 카페",신도림 이도식당 | 이도식당 신도림 | 이도식당 경인로 661 | 신도림 이도식당 서울 구로구 경인로 661,https://search.naver.com/search.naver?where=image&query=%EC%8B%A0%EB%8F%84%EB%A6%BC%20%EC%9D%B4%EB%8F%84%EC%8B%9D%EB%8B%B9,/assets/naver-courses/1192cbd9f9708ca046a81bcc.jpg,검수완료
course-00431,그라운드시소 센트럴 → 남대문갈치조림골목 → 금성관 코스,그라운드시소 센트럴,서울 중구 세종대로 14,그라운드시소 센트럴 → 남대문갈치조림골목 → 금성관,"관광, 음식점, 전시",그라운드시소 센트럴 | 센트럴 그라운드시소 | 그라운드시소 센트럴 전시 | 그라운드시소 센트럴 서울 중구 세종대로 14,https://search.naver.com/search.naver?where=image&query=%EA%B7%B8%EB%9D%BC%EC%9A%B4%EB%93%9C%EC%8B%9C%EC%86%8C%20%EC%84%BC%ED%8A%B8%EB%9F%B4,,사진 미완료 · 수동 검색 인계
course-00432,일편등심 강남 → 이바인체험샵 → 가배도 신논현점 코스,일편등심 강남,서울 강남구 테헤란로1길 20,일편등심 강남 → 이바인체험샵 → 가배도 신논현점,"쇼핑, 음식점, 카페",일편등심 강남점 | 강남 일편등심 | 일편등심 테헤란로1길 20 | 일편등심 강남점 서울 강남구 테헤란로1길 20,https://search.naver.com/search.naver?where=image&query=%EC%9D%BC%ED%8E%B8%EB%93%B1%EC%8B%AC%20%EA%B0%95%EB%82%A8%EC%A0%90,/assets/naver-courses/cd6a975f90964b96d30505e6.jpg,검수완료
course-00433,구씨네부엌 → 홍대걷고싶은거리 → 윤형근의 집 코스,구씨네부엌,,구씨네부엌 → 홍대걷고싶은거리 → 윤형근의 집,"관광, 음식점, 전시","구씨네부엌 | 홍대 구씨네 부엌 | 구씨네부엌 신촌 | 홍대 구씨네부엌 피자 | 구씨네부엌 파스타 | ""구씨네부엌""",https://search.naver.com/search.naver?where=image&query=%EA%B5%AC%EC%94%A8%EB%84%A4%EB%B6%80%EC%97%8C,/assets/naver-courses/5cd55c05cceece14a6d44e64.jpg,검수완료
course-00434,정동전망대 → 전광수커피하우스 정동점 → 서울도시건축전시관 코스,정동전망대,서울 중구 덕수궁길 15,정동전망대 → 전광수커피하우스 정동점 → 서울도시건축전시관,"관광, 전시, 카페",정동전망대 | 정동 전망대 | 정동전망대 덕수궁 | 정동전망대 서울 중구 덕수궁길 15,https://search.naver.com/search.naver?where=image&query=%EC%A0%95%EB%8F%99%EC%A0%84%EB%A7%9D%EB%8C%80,,사진 미완료 · 수동 검색 인계
course-00435,로얄마카롱 → 일편등심 강남 → 무신사 스토어 강남 코스,로얄마카롱,,로얄마카롱 → 일편등심 강남 → 무신사 스토어 강남,"쇼핑, 음식점, 카페",로얄마카롱 | 서울 로얄마카롱 | 로얄마카롱 매장,https://search.naver.com/search.naver?where=image&query=%EB%A1%9C%EC%96%84%EB%A7%88%EC%B9%B4%EB%A1%B1,,사진 미완료 · 수동 검색 인계
course-00436,일편등심 강남 → 이바인체험샵 → 크리에잇쿠키 역삼점 코스,일편등심 강남,서울 강남구 테헤란로1길 20,일편등심 강남 → 이바인체험샵 → 크리에잇쿠키 역삼점,"쇼핑, 음식점, 카페",일편등심 강남점 | 강남 일편등심 | 일편등심 테헤란로1길 20 | 일편등심 강남점 서울 강남구 테헤란로1길 20,https://search.naver.com/search.naver?where=image&query=%EC%9D%BC%ED%8E%B8%EB%93%B1%EC%8B%AC%20%EA%B0%95%EB%82%A8%EC%A0%90,/assets/naver-courses/5e1f785ed44dafb2dc3ee7ed.jpg,검수완료
course-00437,정동전망대 → 서울특별시청 하늘광장갤러리 → 무교동북어국집 코스,정동전망대,서울 중구 덕수궁길 15,정동전망대 → 서울특별시청 하늘광장갤러리 → 무교동북어국집,"관광, 음식점, 전시",정동전망대 | 정동 전망대 | 정동전망대 덕수궁 | 정동전망대 서울 중구 덕수궁길 15,https://search.naver.com/search.naver?where=image&query=%EC%A0%95%EB%8F%99%EC%A0%84%EB%A7%9D%EB%8C%80,,사진 미완료 · 수동 검색 인계
course-00438,정동전망대 → 서울도시건축전시관 → 광화문국밥 본점 코스,정동전망대,서울 중구 덕수궁길 15,정동전망대 → 서울도시건축전시관 → 광화문국밥 본점,"관광, 음식점, 전시",정동전망대 | 정동 전망대 | 정동전망대 덕수궁 | 정동전망대 서울 중구 덕수궁길 15,https://search.naver.com/search.naver?where=image&query=%EC%A0%95%EB%8F%99%EC%A0%84%EB%A7%9D%EB%8C%80,/assets/naver-courses/e4b1dc84a70f10368e68aa4d.jpg,검수완료
course-00439,문화역서울284 → 엘카페커피로스터스 → 남산하늘숲길 소월정원 코스,문화역서울284,서울 중구 통일로 1,문화역서울284 → 엘카페커피로스터스 → 남산하늘숲길 소월정원,"관광, 전시, 카페",문화역서울284 | 문화역 서울 284 | 문화역서울 284 전시 | 문화역서울284 서울 중구 통일로 1,https://search.naver.com/search.naver?where=image&query=%EB%AC%B8%ED%99%94%EC%97%AD%EC%84%9C%EC%9A%B8284,,사진 미완료 · 수동 검색 인계
course-00440,잠실지하광장 쇼핑센터 → 넥스트뮤지엄 → 그림제작소 코스,잠실지하광장 쇼핑센터,서울 송파구 잠실로 지하 156,잠실지하광장 쇼핑센터 → 넥스트뮤지엄 → 그림제작소,"쇼핑, 전시, 카페",잠실지하광장 쇼핑센터 | 잠실 지하광장 | 잠실지하광장 상가 | 잠실역 지하광장 | 잠실지하광장 쇼핑센터 서울 송파구 잠실로 지하 156,https://search.naver.com/search.naver?where=image&query=%EC%9E%A0%EC%8B%A4%EC%A7%80%ED%95%98%EA%B4%91%EC%9E%A5%20%EC%87%BC%ED%95%91%EC%84%BC%ED%84%B0,,사진 미완료 · 수동 검색 인계
course-00441,구씨네부엌 → 스페이스갤러리아 서울홍대 → 레드로드 코스,구씨네부엌,,구씨네부엌 → 스페이스갤러리아 서울홍대 → 레드로드,"관광, 음식점, 전시","구씨네부엌 | 홍대 구씨네 부엌 | 구씨네부엌 신촌 | 홍대 구씨네부엌 피자 | 구씨네부엌 파스타 | ""구씨네부엌""",https://search.naver.com/search.naver?where=image&query=%EA%B5%AC%EC%94%A8%EB%84%A4%EB%B6%80%EC%97%8C,/assets/naver-courses/d8ff3c5662d3529f95887f81.jpg,검수완료
course-00442,브이스퀘어 → 건대맛의거리 → 훈춘양꼬치 1호점 코스,브이스퀘어,서울 광진구 아차산로 272,브이스퀘어 → 건대맛의거리 → 훈춘양꼬치 1호점,"관광, 음식점, 전시",브이스퀘어 건대 | 브이스퀘어 롯데시네마 | V SQUARE 건대입구 | 브이스퀘어 건대 서울 광진구 아차산로 272,https://search.naver.com/search.naver?where=image&query=%EB%B8%8C%EC%9D%B4%EC%8A%A4%ED%80%98%EC%96%B4%20%EA%B1%B4%EB%8C%80,,사진 미완료 · 수동 검색 인계
course-00443,잠실지하광장 쇼핑센터 → 넥스트뮤지엄 → 화반 방이점 코스,잠실지하광장 쇼핑센터,서울 송파구 잠실로 지하 156,잠실지하광장 쇼핑센터 → 넥스트뮤지엄 → 화반 방이점,"쇼핑, 음식점, 전시",잠실지하광장 쇼핑센터 | 잠실 지하광장 | 잠실지하광장 상가 | 잠실역 지하광장 | 잠실지하광장 쇼핑센터 서울 송파구 잠실로 지하 156,https://search.naver.com/search.naver?where=image&query=%EC%9E%A0%EC%8B%A4%EC%A7%80%ED%95%98%EA%B4%91%EC%9E%A5%20%EC%87%BC%ED%95%91%EC%84%BC%ED%84%B0,,사진 미완료 · 수동 검색 인계
course-00444,꿈동산 동심쇼핑센터 → 홍대걷고싶은거리 코스,꿈동산 동심쇼핑센터,서울 종로구 종로52길 25,꿈동산 동심쇼핑센터 → 홍대걷고싶은거리,"관광, 쇼핑",꿈동산 동심쇼핑센터 | 동심쇼핑센터 | 창신동 동심 쇼핑센터 | 꿈동산 동심쇼핑센터 서울 종로구 종로52길 25,https://search.naver.com/search.naver?where=image&query=%EA%BF%88%EB%8F%99%EC%82%B0%20%EB%8F%99%EC%8B%AC%EC%87%BC%ED%95%91%EC%84%BC%ED%84%B0,/assets/naver-courses/6d67b76faa911e0673dbe230.jpg,검수완료
course-00445,아트팩토리체험공방 → 타이파 → 왕십리광장 코스,아트팩토리체험공방,서울 성동구 왕십리로 241,아트팩토리체험공방 → 타이파 → 왕십리광장,"관광, 체험, 카페",아트팩토리 체험공방 | 아트팩토리 왕십리 | 아트팩토리 왕십리로 241 | 아트팩토리 체험공방 서울 성동구 왕십리로 241,https://search.naver.com/search.naver?where=image&query=%EC%95%84%ED%8A%B8%ED%8C%A9%ED%86%A0%EB%A6%AC%20%EC%B2%B4%ED%97%98%EA%B3%B5%EB%B0%A9,,사진 미완료 · 수동 검색 인계
course-00446,일편등심 강남 → 크리에잇쿠키 역삼점 → 창업쇼핑 코스,일편등심 강남,서울 강남구 테헤란로1길 20,일편등심 강남 → 크리에잇쿠키 역삼점 → 창업쇼핑,"쇼핑, 음식점, 카페",일편등심 강남점 | 강남 일편등심 | 일편등심 테헤란로1길 20 | 일편등심 강남점 서울 강남구 테헤란로1길 20,https://search.naver.com/search.naver?where=image&query=%EC%9D%BC%ED%8E%B8%EB%93%B1%EC%8B%AC%20%EA%B0%95%EB%82%A8%EC%A0%90,,사진 미완료 · 수동 검색 인계
course-00447,일편등심 강남 → 셀렉티드닉스 → 더샵스앳센터필드 코스,일편등심 강남,서울 강남구 테헤란로1길 20,일편등심 강남 → 셀렉티드닉스 → 더샵스앳센터필드,"쇼핑, 음식점, 카페",일편등심 강남점 | 강남 일편등심 | 일편등심 테헤란로1길 20 | 일편등심 강남점 서울 강남구 테헤란로1길 20,https://search.naver.com/search.naver?where=image&query=%EC%9D%BC%ED%8E%B8%EB%93%B1%EC%8B%AC%20%EA%B0%95%EB%82%A8%EC%A0%90,/assets/naver-courses/19096fb4571b6dfa706a2239.jpg,검수완료
course-00448,신도림이도식당 → 도림천 → 예빛갤러리 코스,신도림이도식당,서울 구로구 경인로 661,신도림이도식당 → 도림천 → 예빛갤러리,"관광, 음식점, 전시",신도림 이도식당 | 이도식당 신도림 | 이도식당 경인로 661 | 신도림 이도식당 서울 구로구 경인로 661,https://search.naver.com/search.naver?where=image&query=%EC%8B%A0%EB%8F%84%EB%A6%BC%20%EC%9D%B4%EB%8F%84%EC%8B%9D%EB%8B%B9,/assets/naver-courses/34d6649b6316eee90c1221ac.jpg,검수완료
course-00449,일편등심 강남 → 이바인체험샵 → 루프808 코스,일편등심 강남,서울 강남구 테헤란로1길 20,일편등심 강남 → 이바인체험샵 → 루프808,"쇼핑, 음식점, 카페",일편등심 강남점 | 강남 일편등심 | 일편등심 테헤란로1길 20 | 일편등심 강남점 서울 강남구 테헤란로1길 20,https://search.naver.com/search.naver?where=image&query=%EC%9D%BC%ED%8E%B8%EB%93%B1%EC%8B%AC%20%EA%B0%95%EB%82%A8%EC%A0%90,/assets/naver-courses/a807406c129ffd371d18def4.jpg,검수완료
course-00450,만동제과 → AC'SCENT(악센트) → 호밀밭 코스,만동제과,서울 서대문구 연희로 32,만동제과 → AC'SCENT(악센트) → 호밀밭,"음식점, 전시, 카페",만동제과 연남점 | 만동제과 홍대 | 만동제과 연희로 32 | 만동제과 연남점 서울 서대문구 연희로 32,https://search.naver.com/search.naver?where=image&query=%EB%A7%8C%EB%8F%99%EC%A0%9C%EA%B3%BC%20%EC%97%B0%EB%82%A8%EC%A0%90,/assets/naver-courses/5fbc5b46836a8ee541828fdd.jpg,검수완료
course-00451,로얄마카롱 → 까사생갈비 → 창업쇼핑 코스,로얄마카롱,,로얄마카롱 → 까사생갈비 → 창업쇼핑,"쇼핑, 음식점, 카페",로얄마카롱 | 서울 로얄마카롱 | 로얄마카롱 매장,https://search.naver.com/search.naver?where=image&query=%EB%A1%9C%EC%96%84%EB%A7%88%EC%B9%B4%EB%A1%B1,,사진 미완료 · 수동 검색 인계
course-00452,잠실지하광장 쇼핑센터 → 롯데갤러리아트홀 → 화반 방이점 코스,잠실지하광장 쇼핑센터,서울 송파구 잠실로 지하 156,잠실지하광장 쇼핑센터 → 롯데갤러리아트홀 → 화반 방이점,"쇼핑, 음식점, 전시",잠실지하광장 쇼핑센터 | 잠실 지하광장 | 잠실지하광장 상가 | 잠실역 지하광장 | 잠실지하광장 쇼핑센터 서울 송파구 잠실로 지하 156,https://search.naver.com/search.naver?where=image&query=%EC%9E%A0%EC%8B%A4%EC%A7%80%ED%95%98%EA%B4%91%EC%9E%A5%20%EC%87%BC%ED%95%91%EC%84%BC%ED%84%B0,,사진 미완료 · 수동 검색 인계
course-00453,구씨네부엌 → 덕스(DUEX) → 레드로드 코스,구씨네부엌,,구씨네부엌 → 덕스(DUEX) → 레드로드,"관광, 음식점, 전시","구씨네부엌 | 홍대 구씨네 부엌 | 구씨네부엌 신촌 | 홍대 구씨네부엌 피자 | 구씨네부엌 파스타 | ""구씨네부엌""",https://search.naver.com/search.naver?where=image&query=%EA%B5%AC%EC%94%A8%EB%84%A4%EB%B6%80%EC%97%8C,/assets/naver-courses/298eaf1b3c40153aec70000a.jpg,검수완료
course-00454,잠실지하광장 쇼핑센터 → 뮤지엄209 → 화반 방이점 코스,잠실지하광장 쇼핑센터,서울 송파구 잠실로 지하 156,잠실지하광장 쇼핑센터 → 뮤지엄209 → 화반 방이점,"쇼핑, 음식점, 전시",잠실지하광장 쇼핑센터 | 잠실 지하광장 | 잠실지하광장 상가 | 잠실역 지하광장 | 잠실지하광장 쇼핑센터 서울 송파구 잠실로 지하 156,https://search.naver.com/search.naver?where=image&query=%EC%9E%A0%EC%8B%A4%EC%A7%80%ED%95%98%EA%B4%91%EC%9E%A5%20%EC%87%BC%ED%95%91%EC%84%BC%ED%84%B0,,사진 미완료 · 수동 검색 인계
course-00455,일편등심 강남 → 루프808 → 갤러리라보 코스,일편등심 강남,서울 강남구 테헤란로1길 20,일편등심 강남 → 루프808 → 갤러리라보,"음식점, 전시, 카페",일편등심 강남점 | 강남 일편등심 | 일편등심 테헤란로1길 20 | 일편등심 강남점 서울 강남구 테헤란로1길 20,https://search.naver.com/search.naver?where=image&query=%EC%9D%BC%ED%8E%B8%EB%93%B1%EC%8B%AC%20%EA%B0%95%EB%82%A8%EC%A0%90,/assets/naver-courses/dbd72095007b26e4da0c6776.jpg,검수완료
course-00456,문화역서울284 → 농민백암순대 시청직영점 → 덕수궁 대한문 코스,문화역서울284,서울 중구 통일로 1,문화역서울284 → 농민백암순대 시청직영점 → 덕수궁 대한문,"관광, 음식점, 전시",문화역서울284 | 문화역 서울 284 | 문화역서울 284 전시 | 문화역서울284 서울 중구 통일로 1,https://search.naver.com/search.naver?where=image&query=%EB%AC%B8%ED%99%94%EC%97%AD%EC%84%9C%EC%9A%B8284,/assets/naver-courses/f8180d1a7c7604629715f425.jpg,검수완료
course-00457,노란돼지 → 스타벅스 사당점 → 윤남아트스페이스 코스,노란돼지,서울 동작구 동작대로7길 97,노란돼지 → 스타벅스 사당점 → 윤남아트스페이스,"음식점, 전시, 카페",노란돼지 사당 | 노란돼지 방배 | 노란돼지 동작대로7길 97 | 노란돼지 사당 서울 동작구 동작대로7길 97,https://search.naver.com/search.naver?where=image&query=%EB%85%B8%EB%9E%80%EB%8F%BC%EC%A7%80%20%EC%82%AC%EB%8B%B9,,사진 미완료 · 수동 검색 인계
course-00458,노란돼지 → 파스텔시티 → 리요리요커피 코스,노란돼지,서울 동작구 동작대로7길 97,노란돼지 → 파스텔시티 → 리요리요커피,"쇼핑, 음식점, 카페",노란돼지 사당 | 노란돼지 방배 | 노란돼지 동작대로7길 97 | 노란돼지 사당 서울 동작구 동작대로7길 97,https://search.naver.com/search.naver?where=image&query=%EB%85%B8%EB%9E%80%EB%8F%BC%EC%A7%80%20%EC%82%AC%EB%8B%B9,,사진 미완료 · 수동 검색 인계
course-00459,로얄마카롱 → 이바인체험샵 → 조양관 코스,로얄마카롱,,로얄마카롱 → 이바인체험샵 → 조양관,"쇼핑, 음식점, 카페",로얄마카롱 | 서울 로얄마카롱 | 로얄마카롱 매장,https://search.naver.com/search.naver?where=image&query=%EB%A1%9C%EC%96%84%EB%A7%88%EC%B9%B4%EB%A1%B1,/assets/naver-courses/90cf3f4967d6a0e18a13964a.jpg,검수완료
course-00460,구씨네부엌 → 동대문디자인플라자 디자인전시관 코스,구씨네부엌,,구씨네부엌 → 동대문디자인플라자 디자인전시관,"음식점, 전시","구씨네부엌 | 홍대 구씨네 부엌 | 구씨네부엌 신촌 | 홍대 구씨네부엌 피자 | 구씨네부엌 파스타 | ""구씨네부엌""",https://search.naver.com/search.naver?where=image&query=%EA%B5%AC%EC%94%A8%EB%84%A4%EB%B6%80%EC%97%8C,/assets/naver-courses/0f9e14fa2dbf09e97e1c9926.jpg,검수완료
course-00461,그라운드시소 센트럴 → 가메골손왕만두 남대문본점 → 텐스퀘어 오슬로 회현 코스,그라운드시소 센트럴,서울 중구 세종대로 14,그라운드시소 센트럴 → 가메골손왕만두 남대문본점 → 텐스퀘어 오슬로 회현,"음식점, 전시, 카페",그라운드시소 센트럴 | 센트럴 그라운드시소 | 그라운드시소 센트럴 전시 | 그라운드시소 센트럴 서울 중구 세종대로 14,https://search.naver.com/search.naver?where=image&query=%EA%B7%B8%EB%9D%BC%EC%9A%B4%EB%93%9C%EC%8B%9C%EC%86%8C%20%EC%84%BC%ED%8A%B8%EB%9F%B4,/assets/naver-courses/a5f2361b2d13812e05e0df7a.jpg,검수완료
course-00462,신도림이도식당 → 도림천 → 그린머그 코스,신도림이도식당,서울 구로구 경인로 661,신도림이도식당 → 도림천 → 그린머그,"관광, 음식점, 카페",신도림 이도식당 | 이도식당 신도림 | 이도식당 경인로 661 | 신도림 이도식당 서울 구로구 경인로 661,https://search.naver.com/search.naver?where=image&query=%EC%8B%A0%EB%8F%84%EB%A6%BC%20%EC%9D%B4%EB%8F%84%EC%8B%9D%EB%8B%B9,/assets/naver-courses/1dd02d24dd12790de4507c02.jpg,검수완료
course-00463,일편등심 강남 → 가배도 신논현점 → 갤러리라보 코스,일편등심 강남,서울 강남구 테헤란로1길 20,일편등심 강남 → 가배도 신논현점 → 갤러리라보,"음식점, 전시, 카페",일편등심 강남점 | 강남 일편등심 | 일편등심 테헤란로1길 20 | 일편등심 강남점 서울 강남구 테헤란로1길 20,https://search.naver.com/search.naver?where=image&query=%EC%9D%BC%ED%8E%B8%EB%93%B1%EC%8B%AC%20%EA%B0%95%EB%82%A8%EC%A0%90,,사진 미완료 · 수동 검색 인계
course-00464,잠실지하광장 쇼핑센터 → BGN갤러리 롯데타워점 → 화반 방이점 코스,잠실지하광장 쇼핑센터,서울 송파구 잠실로 지하 156,잠실지하광장 쇼핑센터 → BGN갤러리 롯데타워점 → 화반 방이점,"쇼핑, 음식점, 전시",잠실지하광장 쇼핑센터 | 잠실 지하광장 | 잠실지하광장 상가 | 잠실역 지하광장 | 잠실지하광장 쇼핑센터 서울 송파구 잠실로 지하 156,https://search.naver.com/search.naver?where=image&query=%EC%9E%A0%EC%8B%A4%EC%A7%80%ED%95%98%EA%B4%91%EC%9E%A5%20%EC%87%BC%ED%95%91%EC%84%BC%ED%84%B0,,사진 미완료 · 수동 검색 인계
course-00465,아트팩토리체험공방 → 마일스톤커피 성수 → 성수동갈비골목 코스,아트팩토리체험공방,서울 성동구 왕십리로 241,아트팩토리체험공방 → 마일스톤커피 성수 → 성수동갈비골목,"관광, 체험, 카페",아트팩토리 체험공방 | 아트팩토리 왕십리 | 아트팩토리 왕십리로 241 | 아트팩토리 체험공방 서울 성동구 왕십리로 241,https://search.naver.com/search.naver?where=image&query=%EC%95%84%ED%8A%B8%ED%8C%A9%ED%86%A0%EB%A6%AC%20%EC%B2%B4%ED%97%98%EA%B3%B5%EB%B0%A9,,사진 미완료 · 수동 검색 인계
course-00466,노란돼지 → 스타벅스 사당점 → 엔지니어링역사관 코스,노란돼지,서울 동작구 동작대로7길 97,노란돼지 → 스타벅스 사당점 → 엔지니어링역사관,"음식점, 전시, 카페",노란돼지 사당 | 노란돼지 방배 | 노란돼지 동작대로7길 97 | 노란돼지 사당 서울 동작구 동작대로7길 97,https://search.naver.com/search.naver?where=image&query=%EB%85%B8%EB%9E%80%EB%8F%BC%EC%A7%80%20%EC%82%AC%EB%8B%B9,,사진 미완료 · 수동 검색 인계
course-00467,문화역서울284 → 쇼핑하는사람들 → 남대문칼국수골목 코스,문화역서울284,서울 중구 통일로 1,문화역서울284 → 쇼핑하는사람들 → 남대문칼국수골목,"관광, 쇼핑, 전시",문화역서울284 | 문화역 서울 284 | 문화역서울 284 전시 | 문화역서울284 서울 중구 통일로 1,https://search.naver.com/search.naver?where=image&query=%EB%AC%B8%ED%99%94%EC%97%AD%EC%84%9C%EC%9A%B8284,/assets/naver-courses/13602a6f24bb5604d92c1454.jpg,검수완료
course-00468,구씨네부엌 → 홍대걷고싶은거리 → 띠아트뮤지엄 홍대 코스,구씨네부엌,,구씨네부엌 → 홍대걷고싶은거리 → 띠아트뮤지엄 홍대,"관광, 음식점, 전시","구씨네부엌 | 홍대 구씨네 부엌 | 구씨네부엌 신촌 | 홍대 구씨네부엌 피자 | 구씨네부엌 파스타 | ""구씨네부엌""",https://search.naver.com/search.naver?where=image&query=%EA%B5%AC%EC%94%A8%EB%84%A4%EB%B6%80%EC%97%8C,/assets/naver-courses/fa5c4535dd5565b810380219.jpg,검수완료
course-00469,잠실지하광장 쇼핑센터 → 이머시브플랫폼딥 → 석촌호수 서호 코스,잠실지하광장 쇼핑센터,서울 송파구 잠실로 지하 156,잠실지하광장 쇼핑센터 → 이머시브플랫폼딥 → 석촌호수 서호,"관광, 쇼핑, 전시",잠실지하광장 쇼핑센터 | 잠실 지하광장 | 잠실지하광장 상가 | 잠실역 지하광장 | 잠실지하광장 쇼핑센터 서울 송파구 잠실로 지하 156,https://search.naver.com/search.naver?where=image&query=%EC%9E%A0%EC%8B%A4%EC%A7%80%ED%95%98%EA%B4%91%EC%9E%A5%20%EC%87%BC%ED%95%91%EC%84%BC%ED%84%B0,,사진 미완료 · 수동 검색 인계
course-00470,신도림이도식당 → 구캔갤러리 → 카페1953위드오드리 코스,신도림이도식당,서울 구로구 경인로 661,신도림이도식당 → 구캔갤러리 → 카페1953위드오드리,"음식점, 전시, 카페",신도림 이도식당 | 이도식당 신도림 | 이도식당 경인로 661 | 신도림 이도식당 서울 구로구 경인로 661,https://search.naver.com/search.naver?where=image&query=%EC%8B%A0%EB%8F%84%EB%A6%BC%20%EC%9D%B4%EB%8F%84%EC%8B%9D%EB%8B%B9,/assets/naver-courses/4611bfff951975ed0ce588dd.jpg,검수완료
course-00471,구씨네부엌 → 덕스(DUEX) → 서울명예도로 끼리끼리5길 코스,구씨네부엌,,구씨네부엌 → 덕스(DUEX) → 서울명예도로 끼리끼리5길,"관광, 음식점, 전시","구씨네부엌 | 홍대 구씨네 부엌 | 구씨네부엌 신촌 | 홍대 구씨네부엌 피자 | 구씨네부엌 파스타 | ""구씨네부엌""",https://search.naver.com/search.naver?where=image&query=%EA%B5%AC%EC%94%A8%EB%84%A4%EB%B6%80%EC%97%8C,/assets/naver-courses/9737fc1d4681be83b26d245b.jpg,검수완료
course-00472,일편등심 강남 → 무신사 스토어 강남 → 갤러리라보 코스,일편등심 강남,서울 강남구 테헤란로1길 20,일편등심 강남 → 무신사 스토어 강남 → 갤러리라보,"쇼핑, 음식점, 전시",일편등심 강남점 | 강남 일편등심 | 일편등심 테헤란로1길 20 | 일편등심 강남점 서울 강남구 테헤란로1길 20,https://search.naver.com/search.naver?where=image&query=%EC%9D%BC%ED%8E%B8%EB%93%B1%EC%8B%AC%20%EA%B0%95%EB%82%A8%EC%A0%90,/assets/naver-courses/fb9041bc4655511279052d8f.jpg,검수완료
course-00473,노란돼지 → 사당1동먹자골목상점가 → 엔지니어링역사관 코스,노란돼지,서울 동작구 동작대로7길 97,노란돼지 → 사당1동먹자골목상점가 → 엔지니어링역사관,"관광, 음식점, 전시",노란돼지 사당 | 노란돼지 방배 | 노란돼지 동작대로7길 97 | 노란돼지 사당 서울 동작구 동작대로7길 97,https://search.naver.com/search.naver?where=image&query=%EB%85%B8%EB%9E%80%EB%8F%BC%EC%A7%80%20%EC%82%AC%EB%8B%B9,,사진 미완료 · 수동 검색 인계
course-00474,신도림이도식당 → 도림천 → 아도 티하우스 코스,신도림이도식당,서울 구로구 경인로 661,신도림이도식당 → 도림천 → 아도 티하우스,"관광, 음식점, 카페",신도림 이도식당 | 이도식당 신도림 | 이도식당 경인로 661 | 신도림 이도식당 서울 구로구 경인로 661,https://search.naver.com/search.naver?where=image&query=%EC%8B%A0%EB%8F%84%EB%A6%BC%20%EC%9D%B4%EB%8F%84%EC%8B%9D%EB%8B%B9,/assets/naver-courses/0c1ff2ec0569fa45d70e4736.jpg,검수완료
course-00475,문화역서울284 → 농민백암순대 시청직영점 → 덕수궁돌담길 코스,문화역서울284,서울 중구 통일로 1,문화역서울284 → 농민백암순대 시청직영점 → 덕수궁돌담길,"관광, 음식점, 전시",문화역서울284 | 문화역 서울 284 | 문화역서울 284 전시 | 문화역서울284 서울 중구 통일로 1,https://search.naver.com/search.naver?where=image&query=%EB%AC%B8%ED%99%94%EC%97%AD%EC%84%9C%EC%9A%B8284,/assets/naver-courses/d747595172786ecee8b91c19.jpg,검수완료
course-00476,잠실지하광장 쇼핑센터 → 커넥트투 → 석촌호수 동호 코스,잠실지하광장 쇼핑센터,서울 송파구 잠실로 지하 156,잠실지하광장 쇼핑센터 → 커넥트투 → 석촌호수 동호,"관광, 쇼핑, 전시",잠실지하광장 쇼핑센터 | 잠실 지하광장 | 잠실지하광장 상가 | 잠실역 지하광장 | 잠실지하광장 쇼핑센터 서울 송파구 잠실로 지하 156,https://search.naver.com/search.naver?where=image&query=%EC%9E%A0%EC%8B%A4%EC%A7%80%ED%95%98%EA%B4%91%EC%9E%A5%20%EC%87%BC%ED%95%91%EC%84%BC%ED%84%B0,,사진 미완료 · 수동 검색 인계
course-00477,건국대학교 일감호 → 스타벅스 건국대점 → 코노하 건대점 코스,건국대학교 일감호,서울 광진구 능동로 120,건국대학교 일감호 → 스타벅스 건국대점 → 코노하 건대점,"관광, 음식점, 카페",건국대학교 일감호 | 건대 일감호 | 일감호 | 건국대학교 일감호 서울 광진구 능동로 120,https://search.naver.com/search.naver?where=image&query=%EA%B1%B4%EA%B5%AD%EB%8C%80%ED%95%99%EA%B5%90%20%EC%9D%BC%EA%B0%90%ED%98%B8,/assets/naver-courses/4427463894e870ea5a3f95ae.jpg,검수완료
course-00478,정동전망대 → 농민백암순대 시청직영점 → 서울특별시청 하늘광장갤러리 코스,정동전망대,서울 중구 덕수궁길 15,정동전망대 → 농민백암순대 시청직영점 → 서울특별시청 하늘광장갤러리,"관광, 음식점, 전시",정동전망대 | 정동 전망대 | 정동전망대 덕수궁 | 정동전망대 서울 중구 덕수궁길 15,https://search.naver.com/search.naver?where=image&query=%EC%A0%95%EB%8F%99%EC%A0%84%EB%A7%9D%EB%8C%80,/assets/naver-courses/88aa6e3c7ba83b83f2053d4c.jpg,검수완료
course-00479,문화역서울284 → 가메골손왕만두 남대문본점 → 커피스니퍼 코스,문화역서울284,서울 중구 통일로 1,문화역서울284 → 가메골손왕만두 남대문본점 → 커피스니퍼,"음식점, 전시, 카페",문화역서울284 | 문화역 서울 284 | 문화역서울 284 전시 | 문화역서울284 서울 중구 통일로 1,https://search.naver.com/search.naver?where=image&query=%EB%AC%B8%ED%99%94%EC%97%AD%EC%84%9C%EC%9A%B8284,,사진 미완료 · 수동 검색 인계
course-00480,브이스퀘어 → 건대맛의거리 → 카페드라이 코스,브이스퀘어,서울 광진구 아차산로 272,브이스퀘어 → 건대맛의거리 → 카페드라이,"관광, 전시, 카페",브이스퀘어 건대 | 브이스퀘어 롯데시네마 | V SQUARE 건대입구 | 브이스퀘어 건대 서울 광진구 아차산로 272,https://search.naver.com/search.naver?where=image&query=%EB%B8%8C%EC%9D%B4%EC%8A%A4%ED%80%98%EC%96%B4%20%EA%B1%B4%EB%8C%80,,사진 미완료 · 수동 검색 인계
course-00481,잠실지하광장 쇼핑센터 → 롯데갤러리아트홀 → 피제리아라고 코스,잠실지하광장 쇼핑센터,서울 송파구 잠실로 지하 156,잠실지하광장 쇼핑센터 → 롯데갤러리아트홀 → 피제리아라고,"쇼핑, 음식점, 전시",잠실지하광장 쇼핑센터 | 잠실 지하광장 | 잠실지하광장 상가 | 잠실역 지하광장 | 잠실지하광장 쇼핑센터 서울 송파구 잠실로 지하 156,https://search.naver.com/search.naver?where=image&query=%EC%9E%A0%EC%8B%A4%EC%A7%80%ED%95%98%EA%B4%91%EC%9E%A5%20%EC%87%BC%ED%95%91%EC%84%BC%ED%84%B0,,사진 미완료 · 수동 검색 인계
course-00482,잠실지하광장 쇼핑센터 → BGN갤러리 롯데타워점 → 그림제작소 코스,잠실지하광장 쇼핑센터,서울 송파구 잠실로 지하 156,잠실지하광장 쇼핑센터 → BGN갤러리 롯데타워점 → 그림제작소,"쇼핑, 전시, 카페",잠실지하광장 쇼핑센터 | 잠실 지하광장 | 잠실지하광장 상가 | 잠실역 지하광장 | 잠실지하광장 쇼핑센터 서울 송파구 잠실로 지하 156,https://search.naver.com/search.naver?where=image&query=%EC%9E%A0%EC%8B%A4%EC%A7%80%ED%95%98%EA%B4%91%EC%9E%A5%20%EC%87%BC%ED%95%91%EC%84%BC%ED%84%B0,,사진 미완료 · 수동 검색 인계
course-00483,신도림이도식당 → 더세인트41 → 예빛갤러리 코스,신도림이도식당,서울 구로구 경인로 661,신도림이도식당 → 더세인트41 → 예빛갤러리,"음식점, 전시, 카페",신도림 이도식당 | 이도식당 신도림 | 이도식당 경인로 661 | 신도림 이도식당 서울 구로구 경인로 661,https://search.naver.com/search.naver?where=image&query=%EC%8B%A0%EB%8F%84%EB%A6%BC%20%EC%9D%B4%EB%8F%84%EC%8B%9D%EB%8B%B9,/assets/naver-courses/8908b739013073ab945e323a.jpg,검수완료
course-00484,일편등심 강남 → 썸띵어바웃커피 → 갤러리라보 코스,일편등심 강남,서울 강남구 테헤란로1길 20,일편등심 강남 → 썸띵어바웃커피 → 갤러리라보,"음식점, 전시, 카페",일편등심 강남점 | 강남 일편등심 | 일편등심 테헤란로1길 20 | 일편등심 강남점 서울 강남구 테헤란로1길 20,https://search.naver.com/search.naver?where=image&query=%EC%9D%BC%ED%8E%B8%EB%93%B1%EC%8B%AC%20%EA%B0%95%EB%82%A8%EC%A0%90,/assets/naver-courses/a51dcaf8a514f819f648758e.jpg,검수완료
course-00485,문화역서울284 → 쇼핑하는사람들 → 가메골손왕만두 남대문본점 코스,문화역서울284,서울 중구 통일로 1,문화역서울284 → 쇼핑하는사람들 → 가메골손왕만두 남대문본점,"쇼핑, 음식점, 전시",문화역서울284 | 문화역 서울 284 | 문화역서울 284 전시 | 문화역서울284 서울 중구 통일로 1,https://search.naver.com/search.naver?where=image&query=%EB%AC%B8%ED%99%94%EC%97%AD%EC%84%9C%EC%9A%B8284,,사진 미완료 · 수동 검색 인계
course-00486,구씨네부엌 → 트릭아이뮤지엄 → 띠아트뮤지엄 홍대 코스,구씨네부엌,,구씨네부엌 → 트릭아이뮤지엄 → 띠아트뮤지엄 홍대,"관광, 음식점, 전시","구씨네부엌 | 홍대 구씨네 부엌 | 구씨네부엌 신촌 | 홍대 구씨네부엌 피자 | 구씨네부엌 파스타 | ""구씨네부엌""",https://search.naver.com/search.naver?where=image&query=%EA%B5%AC%EC%94%A8%EB%84%A4%EB%B6%80%EC%97%8C,/assets/naver-courses/8bdf17b383190945eaa80c6a.jpg,검수완료
course-00487,노란돼지 → 그루타 → 엔지니어링역사관 코스,노란돼지,서울 동작구 동작대로7길 97,노란돼지 → 그루타 → 엔지니어링역사관,"음식점, 전시, 카페",노란돼지 사당 | 노란돼지 방배 | 노란돼지 동작대로7길 97 | 노란돼지 사당 서울 동작구 동작대로7길 97,https://search.naver.com/search.naver?where=image&query=%EB%85%B8%EB%9E%80%EB%8F%BC%EC%A7%80%20%EC%82%AC%EB%8B%B9,,사진 미완료 · 수동 검색 인계
course-00488,구씨네부엌 → 레드로드 → 굽네 플레이타운 코스,구씨네부엌,,구씨네부엌 → 레드로드 → 굽네 플레이타운,"관광, 음식점, 전시","구씨네부엌 | 홍대 구씨네 부엌 | 구씨네부엌 신촌 | 홍대 구씨네부엌 피자 | 구씨네부엌 파스타 | ""구씨네부엌""",https://search.naver.com/search.naver?where=image&query=%EA%B5%AC%EC%94%A8%EB%84%A4%EB%B6%80%EC%97%8C,/assets/naver-courses/5d43ef31270be582f50c3bf5.jpg,검수완료
course-00489,정동전망대 → 전광수커피하우스 정동점 → 광화문국밥 본점 코스,정동전망대,서울 중구 덕수궁길 15,정동전망대 → 전광수커피하우스 정동점 → 광화문국밥 본점,"관광, 음식점, 카페",정동전망대 | 정동 전망대 | 정동전망대 덕수궁 | 정동전망대 서울 중구 덕수궁길 15,https://search.naver.com/search.naver?where=image&query=%EC%A0%95%EB%8F%99%EC%A0%84%EB%A7%9D%EB%8C%80,/assets/naver-courses/3e89ff466f7f0a21ddccd621.jpg,검수완료
course-00490,브이스퀘어 → 코노하 건대점 → 앤시넌 코스,브이스퀘어,서울 광진구 아차산로 272,브이스퀘어 → 코노하 건대점 → 앤시넌,"음식점, 전시, 카페",브이스퀘어 건대 | 브이스퀘어 롯데시네마 | V SQUARE 건대입구 | 브이스퀘어 건대 서울 광진구 아차산로 272,https://search.naver.com/search.naver?where=image&query=%EB%B8%8C%EC%9D%B4%EC%8A%A4%ED%80%98%EC%96%B4%20%EA%B1%B4%EB%8C%80,,사진 미완료 · 수동 검색 인계
course-00491,갓잇 문래점 → 엔지니어링역사관 코스,갓잇 문래점,서울 영등포구 경인로77길 14,갓잇 문래점 → 엔지니어링역사관,"음식점, 전시",갓잇 문래점 | 문래 갓잇 | 갓잇 경인로77길 14 | 갓잇 문래점 서울 영등포구 경인로77길 14,https://search.naver.com/search.naver?where=image&query=%EA%B0%93%EC%9E%87%20%EB%AC%B8%EB%9E%98%EC%A0%90,,사진 미완료 · 수동 검색 인계
course-00492,일편등심 강남 → 썸띵어바웃커피 → 논현가구거리 코스,일편등심 강남,서울 강남구 테헤란로1길 20,일편등심 강남 → 썸띵어바웃커피 → 논현가구거리,"관광, 음식점, 카페",일편등심 강남점 | 강남 일편등심 | 일편등심 테헤란로1길 20 | 일편등심 강남점 서울 강남구 테헤란로1길 20,https://search.naver.com/search.naver?where=image&query=%EC%9D%BC%ED%8E%B8%EB%93%B1%EC%8B%AC%20%EA%B0%95%EB%82%A8%EC%A0%90,,사진 미완료 · 수동 검색 인계
course-00493,브이스퀘어 → 훈춘양꼬치 1호점 → 카페호이 건대점 코스,브이스퀘어,서울 광진구 아차산로 272,브이스퀘어 → 훈춘양꼬치 1호점 → 카페호이 건대점,"음식점, 전시, 카페",브이스퀘어 건대 | 브이스퀘어 롯데시네마 | V SQUARE 건대입구 | 브이스퀘어 건대 서울 광진구 아차산로 272,https://search.naver.com/search.naver?where=image&query=%EB%B8%8C%EC%9D%B4%EC%8A%A4%ED%80%98%EC%96%B4%20%EA%B1%B4%EB%8C%80,/assets/naver-courses/12cf2f3b83c219b8b575cd4b.jpg,검수완료
course-00494,커넥트투 → 한정선 잠실롯데월드몰점 → 잠실지하광장 쇼핑센터 코스,커넥트투,서울 송파구 올림픽로 300,커넥트투 → 한정선 잠실롯데월드몰점 → 잠실지하광장 쇼핑센터,"쇼핑, 전시, 카페",커넥트투 잠실 | 커넥트투 롯데월드몰 | CONNECT TO 잠실 | 커넥트투 잠실 서울 송파구 올림픽로 300,https://search.naver.com/search.naver?where=image&query=%EC%BB%A4%EB%84%A5%ED%8A%B8%ED%88%AC%20%EC%9E%A0%EC%8B%A4,,사진 미완료 · 수동 검색 인계
course-00495,잠실지하광장 쇼핑센터 → 석촌호수 동호 → 아키비스트 송파점 코스,잠실지하광장 쇼핑센터,서울 송파구 잠실로 지하 156,잠실지하광장 쇼핑센터 → 석촌호수 동호 → 아키비스트 송파점,"관광, 쇼핑, 카페",잠실지하광장 쇼핑센터 | 잠실 지하광장 | 잠실지하광장 상가 | 잠실역 지하광장 | 잠실지하광장 쇼핑센터 서울 송파구 잠실로 지하 156,https://search.naver.com/search.naver?where=image&query=%EC%9E%A0%EC%8B%A4%EC%A7%80%ED%95%98%EA%B4%91%EC%9E%A5%20%EC%87%BC%ED%95%91%EC%84%BC%ED%84%B0,,사진 미완료 · 수동 검색 인계
course-00496,그라운드시소 센트럴 → 남대문칼국수골목 → 텐스퀘어 오슬로 회현 코스,그라운드시소 센트럴,서울 중구 세종대로 14,그라운드시소 센트럴 → 남대문칼국수골목 → 텐스퀘어 오슬로 회현,"관광, 전시, 카페",그라운드시소 센트럴 | 센트럴 그라운드시소 | 그라운드시소 센트럴 전시 | 그라운드시소 센트럴 서울 중구 세종대로 14,https://search.naver.com/search.naver?where=image&query=%EA%B7%B8%EB%9D%BC%EC%9A%B4%EB%93%9C%EC%8B%9C%EC%86%8C%20%EC%84%BC%ED%8A%B8%EB%9F%B4,/assets/naver-courses/3f7264fb6d520c5f20946b77.jpg,검수완료
course-00497,로얄마카롱 → 스머프매직포레스트 → 일편등심 강남 코스,로얄마카롱,,로얄마카롱 → 스머프매직포레스트 → 일편등심 강남,"관광, 음식점, 카페",로얄마카롱 | 서울 로얄마카롱 | 로얄마카롱 매장,https://search.naver.com/search.naver?where=image&query=%EB%A1%9C%EC%96%84%EB%A7%88%EC%B9%B4%EB%A1%B1,/assets/naver-courses/12a458eee01d4d2cfb1c6005.jpg,검수완료
course-00498,일편등심 강남 → 힉스커피 → 논현가구거리 코스,일편등심 강남,서울 강남구 테헤란로1길 20,일편등심 강남 → 힉스커피 → 논현가구거리,"관광, 음식점, 카페",일편등심 강남점 | 강남 일편등심 | 일편등심 테헤란로1길 20 | 일편등심 강남점 서울 강남구 테헤란로1길 20,https://search.naver.com/search.naver?where=image&query=%EC%9D%BC%ED%8E%B8%EB%93%B1%EC%8B%AC%20%EA%B0%95%EB%82%A8%EC%A0%90,,사진 미완료 · 수동 검색 인계
course-00499,그라운드시소 센트럴 → 성동 AI미래기술체험센터 코스,그라운드시소 센트럴,서울 중구 세종대로 14,그라운드시소 센트럴 → 성동 AI미래기술체험센터,"전시, 체험",그라운드시소 센트럴 | 센트럴 그라운드시소 | 그라운드시소 센트럴 전시 | 그라운드시소 센트럴 서울 중구 세종대로 14,https://search.naver.com/search.naver?where=image&query=%EA%B7%B8%EB%9D%BC%EC%9A%B4%EB%93%9C%EC%8B%9C%EC%86%8C%20%EC%84%BC%ED%8A%B8%EB%9F%B4,,사진 미완료 · 수동 검색 인계
course-00500,일편등심 강남 → 창업쇼핑 → 갤러리라보 코스,일편등심 강남,서울 강남구 테헤란로1길 20,일편등심 강남 → 창업쇼핑 → 갤러리라보,"쇼핑, 음식점, 전시",일편등심 강남점 | 강남 일편등심 | 일편등심 테헤란로1길 20 | 일편등심 강남점 서울 강남구 테헤란로1길 20,https://search.naver.com/search.naver?where=image&query=%EC%9D%BC%ED%8E%B8%EB%93%B1%EC%8B%AC%20%EA%B0%95%EB%82%A8%EC%A0%90,/assets/naver-courses/d14551c48673577db718c9af.jpg,검수완료
course-00501,문화역서울284 → 남대문칼국수골목 → 커피스니퍼 코스,문화역서울284,서울 중구 통일로 1,문화역서울284 → 남대문칼국수골목 → 커피스니퍼,"관광, 전시, 카페",문화역서울284 | 문화역 서울 284 | 문화역서울 284 전시 | 문화역서울284 서울 중구 통일로 1,https://search.naver.com/search.naver?where=image&query=%EB%AC%B8%ED%99%94%EC%97%AD%EC%84%9C%EC%9A%B8284,,사진 미완료 · 수동 검색 인계
course-00502,동대문디자인플라자 디자인전시관 → 버터스카치 → 은주정 코스,동대문디자인플라자 디자인전시관,서울 중구 을지로 281,동대문디자인플라자 디자인전시관 → 버터스카치 → 은주정,"음식점, 전시, 카페",DDP 디자인전시관 | 동대문디자인플라자 디자인전시관 | DDP 뮤지엄 디자인전시관 | DDP 디자인전시관 서울 중구 을지로 281,https://search.naver.com/search.naver?where=image&query=DDP%20%EB%94%94%EC%9E%90%EC%9D%B8%EC%A0%84%EC%8B%9C%EA%B4%80,/assets/naver-courses/ec37631039a6319c72a59ee7.jpg,검수완료
course-00503,그라운드시소 센트럴 → 숭례문 → 애성회관 코스,그라운드시소 센트럴,서울 중구 세종대로 14,그라운드시소 센트럴 → 숭례문 → 애성회관,"관광, 음식점, 전시",그라운드시소 센트럴 | 센트럴 그라운드시소 | 그라운드시소 센트럴 전시 | 그라운드시소 센트럴 서울 중구 세종대로 14,https://search.naver.com/search.naver?where=image&query=%EA%B7%B8%EB%9D%BC%EC%9A%B4%EB%93%9C%EC%8B%9C%EC%86%8C%20%EC%84%BC%ED%8A%B8%EB%9F%B4,,사진 미완료 · 수동 검색 인계
course-00504,잠실지하광장 쇼핑센터 → 커넥트투 → 화반 방이점 코스,잠실지하광장 쇼핑센터,서울 송파구 잠실로 지하 156,잠실지하광장 쇼핑센터 → 커넥트투 → 화반 방이점,"쇼핑, 음식점, 전시",잠실지하광장 쇼핑센터 | 잠실 지하광장 | 잠실지하광장 상가 | 잠실역 지하광장 | 잠실지하광장 쇼핑센터 서울 송파구 잠실로 지하 156,https://search.naver.com/search.naver?where=image&query=%EC%9E%A0%EC%8B%A4%EC%A7%80%ED%95%98%EA%B4%91%EC%9E%A5%20%EC%87%BC%ED%95%91%EC%84%BC%ED%84%B0,,사진 미완료 · 수동 검색 인계
course-00505,잠실지하광장 쇼핑센터 → 서울스카이 → 아키비스트 송파점 코스,잠실지하광장 쇼핑센터,서울 송파구 잠실로 지하 156,잠실지하광장 쇼핑센터 → 서울스카이 → 아키비스트 송파점,"관광, 쇼핑, 카페",잠실지하광장 쇼핑센터 | 잠실 지하광장 | 잠실지하광장 상가 | 잠실역 지하광장 | 잠실지하광장 쇼핑센터 서울 송파구 잠실로 지하 156,https://search.naver.com/search.naver?where=image&query=%EC%9E%A0%EC%8B%A4%EC%A7%80%ED%95%98%EA%B4%91%EC%9E%A5%20%EC%87%BC%ED%95%91%EC%84%BC%ED%84%B0,,사진 미완료 · 수동 검색 인계
course-00506,잠실지하광장 쇼핑센터 → 서울스카이 → 방이돈가 코스,잠실지하광장 쇼핑센터,서울 송파구 잠실로 지하 156,잠실지하광장 쇼핑센터 → 서울스카이 → 방이돈가,"관광, 쇼핑, 음식점",잠실지하광장 쇼핑센터 | 잠실 지하광장 | 잠실지하광장 상가 | 잠실역 지하광장 | 잠실지하광장 쇼핑센터 서울 송파구 잠실로 지하 156,https://search.naver.com/search.naver?where=image&query=%EC%9E%A0%EC%8B%A4%EC%A7%80%ED%95%98%EA%B4%91%EC%9E%A5%20%EC%87%BC%ED%95%91%EC%84%BC%ED%84%B0,,사진 미완료 · 수동 검색 인계
course-00507,구씨네부엌 → 호러스위치 → 굽네 플레이타운 코스,구씨네부엌,,구씨네부엌 → 호러스위치 → 굽네 플레이타운,"관광, 음식점, 전시","구씨네부엌 | 홍대 구씨네 부엌 | 구씨네부엌 신촌 | 홍대 구씨네부엌 피자 | 구씨네부엌 파스타 | ""구씨네부엌""",https://search.naver.com/search.naver?where=image&query=%EA%B5%AC%EC%94%A8%EB%84%A4%EB%B6%80%EC%97%8C,,사진 미완료 · 수동 검색 인계
course-00508,정동전망대 → 가메골손왕만두 남대문본점 → 피크닉 코스,정동전망대,서울 중구 덕수궁길 15,정동전망대 → 가메골손왕만두 남대문본점 → 피크닉,"관광, 음식점, 전시",정동전망대 | 정동 전망대 | 정동전망대 덕수궁 | 정동전망대 서울 중구 덕수궁길 15,https://search.naver.com/search.naver?where=image&query=%EC%A0%95%EB%8F%99%EC%A0%84%EB%A7%9D%EB%8C%80,/assets/naver-courses/1c1b546f27aaa6a74135972a.jpg,검수완료
course-00509,잠실지하광장 쇼핑센터 → 송파나루공원 삼전도비 → 그림제작소 코스,잠실지하광장 쇼핑센터,서울 송파구 잠실로 지하 156,잠실지하광장 쇼핑센터 → 송파나루공원 삼전도비 → 그림제작소,"관광, 쇼핑, 카페",잠실지하광장 쇼핑센터 | 잠실 지하광장 | 잠실지하광장 상가 | 잠실역 지하광장 | 잠실지하광장 쇼핑센터 서울 송파구 잠실로 지하 156,https://search.naver.com/search.naver?where=image&query=%EC%9E%A0%EC%8B%A4%EC%A7%80%ED%95%98%EA%B4%91%EC%9E%A5%20%EC%87%BC%ED%95%91%EC%84%BC%ED%84%B0,,사진 미완료 · 수동 검색 인계
course-00510,일편등심 강남 → 스머프매직포레스트 → 갤러리라보 코스,일편등심 강남,서울 강남구 테헤란로1길 20,일편등심 강남 → 스머프매직포레스트 → 갤러리라보,"관광, 음식점, 전시",일편등심 강남점 | 강남 일편등심 | 일편등심 테헤란로1길 20 | 일편등심 강남점 서울 강남구 테헤란로1길 20,https://search.naver.com/search.naver?where=image&query=%EC%9D%BC%ED%8E%B8%EB%93%B1%EC%8B%AC%20%EA%B0%95%EB%82%A8%EC%A0%90,/assets/naver-courses/47d0df2357698e9401860b35.jpg,검수완료
course-00511,브이스퀘어 → 건대맛의거리 → 앤시넌 코스,브이스퀘어,서울 광진구 아차산로 272,브이스퀘어 → 건대맛의거리 → 앤시넌,"관광, 전시, 카페",브이스퀘어 건대 | 브이스퀘어 롯데시네마 | V SQUARE 건대입구 | 브이스퀘어 건대 서울 광진구 아차산로 272,https://search.naver.com/search.naver?where=image&query=%EB%B8%8C%EC%9D%B4%EC%8A%A4%ED%80%98%EC%96%B4%20%EA%B1%B4%EB%8C%80,,사진 미완료 · 수동 검색 인계
course-00512,잠실지하광장 쇼핑센터 → 석촌호수 동호 → 화반 방이점 코스,잠실지하광장 쇼핑센터,서울 송파구 잠실로 지하 156,잠실지하광장 쇼핑센터 → 석촌호수 동호 → 화반 방이점,"관광, 쇼핑, 음식점",잠실지하광장 쇼핑센터 | 잠실 지하광장 | 잠실지하광장 상가 | 잠실역 지하광장 | 잠실지하광장 쇼핑센터 서울 송파구 잠실로 지하 156,https://search.naver.com/search.naver?where=image&query=%EC%9E%A0%EC%8B%A4%EC%A7%80%ED%95%98%EA%B4%91%EC%9E%A5%20%EC%87%BC%ED%95%91%EC%84%BC%ED%84%B0,,사진 미완료 · 수동 검색 인계
course-00513,신도림이도식당 → 카페1953위드오드리 → 공간사일삼 코스,신도림이도식당,서울 구로구 경인로 661,신도림이도식당 → 카페1953위드오드리 → 공간사일삼,"음식점, 전시, 카페",신도림 이도식당 | 이도식당 신도림 | 이도식당 경인로 661 | 신도림 이도식당 서울 구로구 경인로 661,https://search.naver.com/search.naver?where=image&query=%EC%8B%A0%EB%8F%84%EB%A6%BC%20%EC%9D%B4%EB%8F%84%EC%8B%9D%EB%8B%B9,/assets/naver-courses/729c5d6aa985a0d6e210713f.jpg,검수완료
course-00514,구씨네부엌 → 홍대갤러리 키르큐펠 → 레드로드 코스,구씨네부엌,,구씨네부엌 → 홍대갤러리 키르큐펠 → 레드로드,"관광, 음식점, 전시","구씨네부엌 | 홍대 구씨네 부엌 | 구씨네부엌 신촌 | 홍대 구씨네부엌 피자 | 구씨네부엌 파스타 | ""구씨네부엌""",https://search.naver.com/search.naver?where=image&query=%EA%B5%AC%EC%94%A8%EB%84%A4%EB%B6%80%EC%97%8C,,사진 미완료 · 수동 검색 인계
course-00515,구씨네부엌 → 홍대걷고싶은거리 → 굽네 플레이타운 코스,구씨네부엌,,구씨네부엌 → 홍대걷고싶은거리 → 굽네 플레이타운,"관광, 음식점, 전시","구씨네부엌 | 홍대 구씨네 부엌 | 구씨네부엌 신촌 | 홍대 구씨네부엌 피자 | 구씨네부엌 파스타 | ""구씨네부엌""",https://search.naver.com/search.naver?where=image&query=%EA%B5%AC%EC%94%A8%EB%84%A4%EB%B6%80%EC%97%8C,,사진 미완료 · 수동 검색 인계
course-00516,브이스퀘어 → 육일관 본점 → 카페호이 건대점 코스,브이스퀘어,서울 광진구 아차산로 272,브이스퀘어 → 육일관 본점 → 카페호이 건대점,"음식점, 전시, 카페",브이스퀘어 건대 | 브이스퀘어 롯데시네마 | V SQUARE 건대입구 | 브이스퀘어 건대 서울 광진구 아차산로 272,https://search.naver.com/search.naver?where=image&query=%EB%B8%8C%EC%9D%B4%EC%8A%A4%ED%80%98%EC%96%B4%20%EA%B1%B4%EB%8C%80,,사진 미완료 · 수동 검색 인계
course-00517,만동제과 → 소녀전선2망명갤러리 → 금옥당 연희점 코스,만동제과,서울 서대문구 연희로 32,만동제과 → 소녀전선2망명갤러리 → 금옥당 연희점,"음식점, 전시, 카페",만동제과 연남점 | 만동제과 홍대 | 만동제과 연희로 32 | 만동제과 연남점 서울 서대문구 연희로 32,https://search.naver.com/search.naver?where=image&query=%EB%A7%8C%EB%8F%99%EC%A0%9C%EA%B3%BC%20%EC%97%B0%EB%82%A8%EC%A0%90,,사진 미완료 · 수동 검색 인계
course-00518,잠실지하광장 쇼핑센터 → 에비뉴엘아트홀 → 방이돈가 코스,잠실지하광장 쇼핑센터,서울 송파구 잠실로 지하 156,잠실지하광장 쇼핑센터 → 에비뉴엘아트홀 → 방이돈가,"쇼핑, 음식점, 전시",잠실지하광장 쇼핑센터 | 잠실 지하광장 | 잠실지하광장 상가 | 잠실역 지하광장 | 잠실지하광장 쇼핑센터 서울 송파구 잠실로 지하 156,https://search.naver.com/search.naver?where=image&query=%EC%9E%A0%EC%8B%A4%EC%A7%80%ED%95%98%EA%B4%91%EC%9E%A5%20%EC%87%BC%ED%95%91%EC%84%BC%ED%84%B0,,사진 미완료 · 수동 검색 인계
course-00519,일편등심 강남 → 서리풀푸드트럭존 → 아펜즈커피 서초교대역점 코스,일편등심 강남,서울 강남구 테헤란로1길 20,일편등심 강남 → 서리풀푸드트럭존 → 아펜즈커피 서초교대역점,"관광, 음식점, 카페",일편등심 강남점 | 강남 일편등심 | 일편등심 테헤란로1길 20 | 일편등심 강남점 서울 강남구 테헤란로1길 20,https://search.naver.com/search.naver?where=image&query=%EC%9D%BC%ED%8E%B8%EB%93%B1%EC%8B%AC%20%EA%B0%95%EB%82%A8%EC%A0%90,/assets/naver-courses/11c91ebb57f5a6c6eaca94e7.jpg,검수완료
course-00520,일편등심 강남 → 창업쇼핑 → 논현가구거리 코스,일편등심 강남,서울 강남구 테헤란로1길 20,일편등심 강남 → 창업쇼핑 → 논현가구거리,"관광, 쇼핑, 음식점",일편등심 강남점 | 강남 일편등심 | 일편등심 테헤란로1길 20 | 일편등심 강남점 서울 강남구 테헤란로1길 20,https://search.naver.com/search.naver?where=image&query=%EC%9D%BC%ED%8E%B8%EB%93%B1%EC%8B%AC%20%EA%B0%95%EB%82%A8%EC%A0%90,,사진 미완료 · 수동 검색 인계
course-00521,잠실지하광장 쇼핑센터 → 송파나루공원 삼전도비 → 커넥트투 코스,잠실지하광장 쇼핑센터,서울 송파구 잠실로 지하 156,잠실지하광장 쇼핑센터 → 송파나루공원 삼전도비 → 커넥트투,"관광, 쇼핑, 전시",잠실지하광장 쇼핑센터 | 잠실 지하광장 | 잠실지하광장 상가 | 잠실역 지하광장 | 잠실지하광장 쇼핑센터 서울 송파구 잠실로 지하 156,https://search.naver.com/search.naver?where=image&query=%EC%9E%A0%EC%8B%A4%EC%A7%80%ED%95%98%EA%B4%91%EC%9E%A5%20%EC%87%BC%ED%95%91%EC%84%BC%ED%84%B0,,사진 미완료 · 수동 검색 인계
course-00522,만동제과 → 뉴스뮤지엄 연희점 → 104고지전적비 코스,만동제과,서울 서대문구 연희로 32,만동제과 → 뉴스뮤지엄 연희점 → 104고지전적비,"관광, 음식점, 전시",만동제과 연남점 | 만동제과 홍대 | 만동제과 연희로 32 | 만동제과 연남점 서울 서대문구 연희로 32,https://search.naver.com/search.naver?where=image&query=%EB%A7%8C%EB%8F%99%EC%A0%9C%EA%B3%BC%20%EC%97%B0%EB%82%A8%EC%A0%90,/assets/naver-courses/c95590b0d9b76e2c5be1c3d7.jpg,검수완료
course-00523,문화역서울284 → 이이네 → 숭례문 코스,문화역서울284,서울 중구 통일로 1,문화역서울284 → 이이네 → 숭례문,"관광, 음식점, 전시",문화역서울284 | 문화역 서울 284 | 문화역서울 284 전시 | 문화역서울284 서울 중구 통일로 1,https://search.naver.com/search.naver?where=image&query=%EB%AC%B8%ED%99%94%EC%97%AD%EC%84%9C%EC%9A%B8284,,사진 미완료 · 수동 검색 인계
course-00524,구씨네부엌 → 버터앤쉘터 연남점 → 서울명예도로 끼리끼리5길 코스,구씨네부엌,,구씨네부엌 → 버터앤쉘터 연남점 → 서울명예도로 끼리끼리5길,"관광, 음식점, 카페","구씨네부엌 | 홍대 구씨네 부엌 | 구씨네부엌 신촌 | 홍대 구씨네부엌 피자 | 구씨네부엌 파스타 | ""구씨네부엌""",https://search.naver.com/search.naver?where=image&query=%EA%B5%AC%EC%94%A8%EB%84%A4%EB%B6%80%EC%97%8C,,사진 미완료 · 수동 검색 인계
course-00525,일편등심 강남 → 가배도 신논현점 → 논현가구거리 코스,일편등심 강남,서울 강남구 테헤란로1길 20,일편등심 강남 → 가배도 신논현점 → 논현가구거리,"관광, 음식점, 카페",일편등심 강남점 | 강남 일편등심 | 일편등심 테헤란로1길 20 | 일편등심 강남점 서울 강남구 테헤란로1길 20,https://search.naver.com/search.naver?where=image&query=%EC%9D%BC%ED%8E%B8%EB%93%B1%EC%8B%AC%20%EA%B0%95%EB%82%A8%EC%A0%90,/assets/naver-courses/8ea69ef215043b43c7eb267f.jpg,검수완료
course-00526,브이스퀘어 → 스타벅스 건국클래식점 → 육일관 본점 코스,브이스퀘어,서울 광진구 아차산로 272,브이스퀘어 → 스타벅스 건국클래식점 → 육일관 본점,"음식점, 전시, 카페",브이스퀘어 건대 | 브이스퀘어 롯데시네마 | V SQUARE 건대입구 | 브이스퀘어 건대 서울 광진구 아차산로 272,https://search.naver.com/search.naver?where=image&query=%EB%B8%8C%EC%9D%B4%EC%8A%A4%ED%80%98%EC%96%B4%20%EA%B1%B4%EB%8C%80,,사진 미완료 · 수동 검색 인계
course-00527,정동전망대 → 서울특별시청 하늘광장갤러리 → 초류향 코스,정동전망대,서울 중구 덕수궁길 15,정동전망대 → 서울특별시청 하늘광장갤러리 → 초류향,"관광, 음식점, 전시",정동전망대 | 정동 전망대 | 정동전망대 덕수궁 | 정동전망대 서울 중구 덕수궁길 15,https://search.naver.com/search.naver?where=image&query=%EC%A0%95%EB%8F%99%EC%A0%84%EB%A7%9D%EB%8C%80,/assets/naver-courses/24eddba317782850d2112f04.jpg,검수완료
course-00528,브이스퀘어 → 노란돼지 코스,브이스퀘어,서울 광진구 아차산로 272,브이스퀘어 → 노란돼지,"음식점, 전시",브이스퀘어 건대 | 브이스퀘어 롯데시네마 | V SQUARE 건대입구 | 브이스퀘어 건대 서울 광진구 아차산로 272,https://search.naver.com/search.naver?where=image&query=%EB%B8%8C%EC%9D%B4%EC%8A%A4%ED%80%98%EC%96%B4%20%EA%B1%B4%EB%8C%80,/assets/naver-courses/2d72f5deca297a95309bf36f.jpg,검수완료
course-00529,일편등심 강남 → 루프808 → 논현가구거리 코스,일편등심 강남,서울 강남구 테헤란로1길 20,일편등심 강남 → 루프808 → 논현가구거리,"관광, 음식점, 카페",일편등심 강남점 | 강남 일편등심 | 일편등심 테헤란로1길 20 | 일편등심 강남점 서울 강남구 테헤란로1길 20,https://search.naver.com/search.naver?where=image&query=%EC%9D%BC%ED%8E%B8%EB%93%B1%EC%8B%AC%20%EA%B0%95%EB%82%A8%EC%A0%90,/assets/naver-courses/0803b815775373edbae3cc4f.jpg,검수완료
course-00530,문화역서울284 → 엘카페커피로스터스 → 양푼이동태탕 코스,문화역서울284,서울 중구 통일로 1,문화역서울284 → 엘카페커피로스터스 → 양푼이동태탕,"음식점, 전시, 카페",문화역서울284 | 문화역 서울 284 | 문화역서울 284 전시 | 문화역서울284 서울 중구 통일로 1,https://search.naver.com/search.naver?where=image&query=%EB%AC%B8%ED%99%94%EC%97%AD%EC%84%9C%EC%9A%B8284,/assets/naver-courses/aad88346c03f2694f7caccc3.jpg,검수완료
course-00531,꿈동산 동심쇼핑센터 → 동대문디자인플라자 이간수문전시장 → 진옥화할매원조닭한마리 본점 코스,꿈동산 동심쇼핑센터,서울 종로구 종로52길 25,꿈동산 동심쇼핑센터 → 동대문디자인플라자 이간수문전시장 → 진옥화할매원조닭한마리 본점,"쇼핑, 음식점, 전시",꿈동산 동심쇼핑센터 | 동심쇼핑센터 | 창신동 동심 쇼핑센터 | 꿈동산 동심쇼핑센터 서울 종로구 종로52길 25,https://search.naver.com/search.naver?where=image&query=%EA%BF%88%EB%8F%99%EC%82%B0%20%EB%8F%99%EC%8B%AC%EC%87%BC%ED%95%91%EC%84%BC%ED%84%B0,/assets/naver-courses/08e56cfdb9c3371bb66d3ad6.jpg,검수완료
course-00532,일편등심 강남 → 셀렉티드닉스 → 캐논갤러리 코스,일편등심 강남,서울 강남구 테헤란로1길 20,일편등심 강남 → 셀렉티드닉스 → 캐논갤러리,"음식점, 전시, 카페",일편등심 강남점 | 강남 일편등심 | 일편등심 테헤란로1길 20 | 일편등심 강남점 서울 강남구 테헤란로1길 20,https://search.naver.com/search.naver?where=image&query=%EC%9D%BC%ED%8E%B8%EB%93%B1%EC%8B%AC%20%EA%B0%95%EB%82%A8%EC%A0%90,/assets/naver-courses/cb316231866f816904284452.jpg,검수완료
course-00533,그라운드시소 센트럴 → 남대문갈치조림골목 → 농민백암순대 시청직영점 코스,그라운드시소 센트럴,서울 중구 세종대로 14,그라운드시소 센트럴 → 남대문갈치조림골목 → 농민백암순대 시청직영점,"관광, 음식점, 전시",그라운드시소 센트럴 | 센트럴 그라운드시소 | 그라운드시소 센트럴 전시 | 그라운드시소 센트럴 서울 중구 세종대로 14,https://search.naver.com/search.naver?where=image&query=%EA%B7%B8%EB%9D%BC%EC%9A%B4%EB%93%9C%EC%8B%9C%EC%86%8C%20%EC%84%BC%ED%8A%B8%EB%9F%B4,/assets/naver-courses/bbeb4b56ad83e0922edc0955.jpg,검수완료
course-00534,커넥트투 → 방이동먹자골목 → 화반 방이점 코스,커넥트투,서울 송파구 올림픽로 300,커넥트투 → 방이동먹자골목 → 화반 방이점,"관광, 음식점, 전시",커넥트투 잠실 | 커넥트투 롯데월드몰 | CONNECT TO 잠실 | 커넥트투 잠실 서울 송파구 올림픽로 300,https://search.naver.com/search.naver?where=image&query=%EC%BB%A4%EB%84%A5%ED%8A%B8%ED%88%AC%20%EC%9E%A0%EC%8B%A4,/assets/naver-courses/86ec9d33ce59628714ce0ec1.jpg,검수완료
course-00535,커넥트투 → 석촌호수 동호 → 그림제작소 코스,커넥트투,서울 송파구 올림픽로 300,커넥트투 → 석촌호수 동호 → 그림제작소,"관광, 전시, 카페",커넥트투 잠실 | 커넥트투 롯데월드몰 | CONNECT TO 잠실 | 커넥트투 잠실 서울 송파구 올림픽로 300,https://search.naver.com/search.naver?where=image&query=%EC%BB%A4%EB%84%A5%ED%8A%B8%ED%88%AC%20%EC%9E%A0%EC%8B%A4,/assets/naver-courses/8f173fec0c48637f31ff7a95.jpg,검수완료
course-00536,커넥트투 → 롯데월드타워&롯데월드몰 → 화반 방이점 코스,커넥트투,서울 송파구 올림픽로 300,커넥트투 → 롯데월드타워&롯데월드몰 → 화반 방이점,"쇼핑, 음식점, 전시",커넥트투 잠실 | 커넥트투 롯데월드몰 | CONNECT TO 잠실 | 커넥트투 잠실 서울 송파구 올림픽로 300,https://search.naver.com/search.naver?where=image&query=%EC%BB%A4%EB%84%A5%ED%8A%B8%ED%88%AC%20%EC%9E%A0%EC%8B%A4,/assets/naver-courses/df994818de95c425215e06c2.jpg,검수완료
course-00537,문화역서울284 → 엘카페커피로스터스 → 남산둘레길 코스,문화역서울284,서울 중구 통일로 1,문화역서울284 → 엘카페커피로스터스 → 남산둘레길,"관광, 전시, 카페",문화역서울284 | 문화역 서울 284 | 문화역서울 284 전시 | 문화역서울284 서울 중구 통일로 1,https://search.naver.com/search.naver?where=image&query=%EB%AC%B8%ED%99%94%EC%97%AD%EC%84%9C%EC%9A%B8284,,사진 미완료 · 수동 검색 인계
course-00538,잠실지하광장 쇼핑센터 → 석촌호수 동호 → 피제리아라고 코스,잠실지하광장 쇼핑센터,서울 송파구 잠실로 지하 156,잠실지하광장 쇼핑센터 → 석촌호수 동호 → 피제리아라고,"관광, 쇼핑, 음식점",잠실지하광장 쇼핑센터 | 잠실 지하광장 | 잠실지하광장 상가 | 잠실역 지하광장 | 잠실지하광장 쇼핑센터 서울 송파구 잠실로 지하 156,https://search.naver.com/search.naver?where=image&query=%EC%9E%A0%EC%8B%A4%EC%A7%80%ED%95%98%EA%B4%91%EC%9E%A5%20%EC%87%BC%ED%95%91%EC%84%BC%ED%84%B0,,사진 미완료 · 수동 검색 인계
course-00539,잠실지하광장 쇼핑센터 → 에비뉴엘아트홀 → 아키비스트 송파점 코스,잠실지하광장 쇼핑센터,서울 송파구 잠실로 지하 156,잠실지하광장 쇼핑센터 → 에비뉴엘아트홀 → 아키비스트 송파점,"쇼핑, 전시, 카페",잠실지하광장 쇼핑센터 | 잠실 지하광장 | 잠실지하광장 상가 | 잠실역 지하광장 | 잠실지하광장 쇼핑센터 서울 송파구 잠실로 지하 156,https://search.naver.com/search.naver?where=image&query=%EC%9E%A0%EC%8B%A4%EC%A7%80%ED%95%98%EA%B4%91%EC%9E%A5%20%EC%87%BC%ED%95%91%EC%84%BC%ED%84%B0,,사진 미완료 · 수동 검색 인계
course-00540,구씨네부엌 → 홍대갤러리 키르큐펠 → 홍대클럽거리 코스,구씨네부엌,,구씨네부엌 → 홍대갤러리 키르큐펠 → 홍대클럽거리,"관광, 음식점, 전시","구씨네부엌 | 홍대 구씨네 부엌 | 구씨네부엌 신촌 | 홍대 구씨네부엌 피자 | 구씨네부엌 파스타 | ""구씨네부엌""",https://search.naver.com/search.naver?where=image&query=%EA%B5%AC%EC%94%A8%EB%84%A4%EB%B6%80%EC%97%8C,,사진 미완료 · 수동 검색 인계
course-00541,건국대학교 일감호 → 모서리에커피집 → 스튜디오N갤러리 이리오다 코스,건국대학교 일감호,서울 광진구 능동로 120,건국대학교 일감호 → 모서리에커피집 → 스튜디오N갤러리 이리오다,"관광, 전시, 카페",건국대학교 일감호 | 건대 일감호 | 일감호 | 건국대학교 일감호 서울 광진구 능동로 120,https://search.naver.com/search.naver?where=image&query=%EA%B1%B4%EA%B5%AD%EB%8C%80%ED%95%99%EA%B5%90%20%EC%9D%BC%EA%B0%90%ED%98%B8,/assets/naver-courses/f81b369a26a9848fdcf9462c.jpg,검수완료
course-00542,문화역서울284 → 덕수정 → 덕수궁 코스,문화역서울284,서울 중구 통일로 1,문화역서울284 → 덕수정 → 덕수궁,"관광, 음식점, 전시",문화역서울284 | 문화역 서울 284 | 문화역서울 284 전시 | 문화역서울284 서울 중구 통일로 1,https://search.naver.com/search.naver?where=image&query=%EB%AC%B8%ED%99%94%EC%97%AD%EC%84%9C%EC%9A%B8284,,사진 미완료 · 수동 검색 인계
course-00543,잠실지하광장 쇼핑센터 → 피제리아라고 → 하우피 코스,잠실지하광장 쇼핑센터,서울 송파구 잠실로 지하 156,잠실지하광장 쇼핑센터 → 피제리아라고 → 하우피,"쇼핑, 음식점, 카페",잠실지하광장 쇼핑센터 | 잠실 지하광장 | 잠실지하광장 상가 | 잠실역 지하광장 | 잠실지하광장 쇼핑센터 서울 송파구 잠실로 지하 156,https://search.naver.com/search.naver?where=image&query=%EC%9E%A0%EC%8B%A4%EC%A7%80%ED%95%98%EA%B4%91%EC%9E%A5%20%EC%87%BC%ED%95%91%EC%84%BC%ED%84%B0,,사진 미완료 · 수동 검색 인계
course-00544,구씨네부엌 → 트릭아이뮤지엄 → 굽네 플레이타운 코스,구씨네부엌,,구씨네부엌 → 트릭아이뮤지엄 → 굽네 플레이타운,"관광, 음식점, 전시","구씨네부엌 | 홍대 구씨네 부엌 | 구씨네부엌 신촌 | 홍대 구씨네부엌 피자 | 구씨네부엌 파스타 | ""구씨네부엌""",https://search.naver.com/search.naver?where=image&query=%EA%B5%AC%EC%94%A8%EB%84%A4%EB%B6%80%EC%97%8C,,사진 미완료 · 수동 검색 인계
course-00545,노란돼지 → 엔지니어링역사관 → 안밀 코스,노란돼지,서울 동작구 동작대로7길 97,노란돼지 → 엔지니어링역사관 → 안밀,"음식점, 전시, 카페",노란돼지 사당 | 노란돼지 방배 | 노란돼지 동작대로7길 97 | 노란돼지 사당 서울 동작구 동작대로7길 97,https://search.naver.com/search.naver?where=image&query=%EB%85%B8%EB%9E%80%EB%8F%BC%EC%A7%80%20%EC%82%AC%EB%8B%B9,,사진 미완료 · 수동 검색 인계
course-00546,문화역서울284 → 전광수커피하우스 정동점 → 덕수궁 코스,문화역서울284,서울 중구 통일로 1,문화역서울284 → 전광수커피하우스 정동점 → 덕수궁,"관광, 전시, 카페",문화역서울284 | 문화역 서울 284 | 문화역서울 284 전시 | 문화역서울284 서울 중구 통일로 1,https://search.naver.com/search.naver?where=image&query=%EB%AC%B8%ED%99%94%EC%97%AD%EC%84%9C%EC%9A%B8284,/assets/naver-courses/d29588827fca70f9553c98dc.jpg,검수완료
course-00547,구씨네부엌 → 토로스쇼핑타워 → 띠아트뮤지엄 홍대 코스,구씨네부엌,,구씨네부엌 → 토로스쇼핑타워 → 띠아트뮤지엄 홍대,"쇼핑, 음식점, 전시","구씨네부엌 | 홍대 구씨네 부엌 | 구씨네부엌 신촌 | 홍대 구씨네부엌 피자 | 구씨네부엌 파스타 | ""구씨네부엌""",https://search.naver.com/search.naver?where=image&query=%EA%B5%AC%EC%94%A8%EB%84%A4%EB%B6%80%EC%97%8C,,사진 미완료 · 수동 검색 인계
course-00548,그라운드시소 센트럴 → 남대문갈치조림골목 → 텐스퀘어 오슬로 회현 코스,그라운드시소 센트럴,서울 중구 세종대로 14,그라운드시소 센트럴 → 남대문갈치조림골목 → 텐스퀘어 오슬로 회현,"관광, 전시, 카페",그라운드시소 센트럴 | 센트럴 그라운드시소 | 그라운드시소 센트럴 전시 | 그라운드시소 센트럴 서울 중구 세종대로 14,https://search.naver.com/search.naver?where=image&query=%EA%B7%B8%EB%9D%BC%EC%9A%B4%EB%93%9C%EC%8B%9C%EC%86%8C%20%EC%84%BC%ED%8A%B8%EB%9F%B4,/assets/naver-courses/5eb109fc03d0b240543236b0.jpg,검수완료
course-00549,신도림이도식당 → 도림천 → 카페솔트 코스,신도림이도식당,서울 구로구 경인로 661,신도림이도식당 → 도림천 → 카페솔트,"관광, 음식점, 카페",신도림 이도식당 | 이도식당 신도림 | 이도식당 경인로 661 | 신도림 이도식당 서울 구로구 경인로 661,https://search.naver.com/search.naver?where=image&query=%EC%8B%A0%EB%8F%84%EB%A6%BC%20%EC%9D%B4%EB%8F%84%EC%8B%9D%EB%8B%B9,/assets/naver-courses/a9471f1769929f6394b6d8b3.jpg,검수완료
course-00550,일편등심 강남 → 서리풀푸드트럭존 → 캐논갤러리 코스,일편등심 강남,서울 강남구 테헤란로1길 20,일편등심 강남 → 서리풀푸드트럭존 → 캐논갤러리,"관광, 음식점, 전시",일편등심 강남점 | 강남 일편등심 | 일편등심 테헤란로1길 20 | 일편등심 강남점 서울 강남구 테헤란로1길 20,https://search.naver.com/search.naver?where=image&query=%EC%9D%BC%ED%8E%B8%EB%93%B1%EC%8B%AC%20%EA%B0%95%EB%82%A8%EC%A0%90,/assets/naver-courses/7ec2c612070ec7ca0d08f69b.jpg,검수완료
course-00551,문화역서울284 → 희락갈치 → 정동전망대 코스,문화역서울284,서울 중구 통일로 1,문화역서울284 → 희락갈치 → 정동전망대,"관광, 음식점, 전시",문화역서울284 | 문화역 서울 284 | 문화역서울 284 전시 | 문화역서울284 서울 중구 통일로 1,https://search.naver.com/search.naver?where=image&query=%EB%AC%B8%ED%99%94%EC%97%AD%EC%84%9C%EC%9A%B8284,/assets/naver-courses/03c5f4220d5b89d4efc86aae.jpg,검수완료
course-00552,일편등심 강남 → 가배도 신논현점 → 캐논갤러리 코스,일편등심 강남,서울 강남구 테헤란로1길 20,일편등심 강남 → 가배도 신논현점 → 캐논갤러리,"음식점, 전시, 카페",일편등심 강남점 | 강남 일편등심 | 일편등심 테헤란로1길 20 | 일편등심 강남점 서울 강남구 테헤란로1길 20,https://search.naver.com/search.naver?where=image&query=%EC%9D%BC%ED%8E%B8%EB%93%B1%EC%8B%AC%20%EA%B0%95%EB%82%A8%EC%A0%90,/assets/naver-courses/8dfa840f9d381e9c01a9f6bd.jpg,검수완료
course-00553,신도림이도식당 → 그린머그 → 그녀만의쇼핑 코스,신도림이도식당,서울 구로구 경인로 661,신도림이도식당 → 그린머그 → 그녀만의쇼핑,"쇼핑, 음식점, 카페",신도림 이도식당 | 이도식당 신도림 | 이도식당 경인로 661 | 신도림 이도식당 서울 구로구 경인로 661,https://search.naver.com/search.naver?where=image&query=%EC%8B%A0%EB%8F%84%EB%A6%BC%20%EC%9D%B4%EB%8F%84%EC%8B%9D%EB%8B%B9,/assets/naver-courses/332144a50a0ff0ba416e066a.jpg,검수완료
course-00554,신도림이도식당 → 콘피 → 그녀만의쇼핑 코스,신도림이도식당,서울 구로구 경인로 661,신도림이도식당 → 콘피 → 그녀만의쇼핑,"쇼핑, 음식점, 카페",신도림 이도식당 | 이도식당 신도림 | 이도식당 경인로 661 | 신도림 이도식당 서울 구로구 경인로 661,https://search.naver.com/search.naver?where=image&query=%EC%8B%A0%EB%8F%84%EB%A6%BC%20%EC%9D%B4%EB%8F%84%EC%8B%9D%EB%8B%B9,/assets/naver-courses/3553a85539c5389cde8e8476.jpg,검수완료
course-00555,구씨네부엌 → 더마틴 → 서울명예도로 끼리끼리5길 코스,구씨네부엌,,구씨네부엌 → 더마틴 → 서울명예도로 끼리끼리5길,"관광, 음식점, 카페","구씨네부엌 | 홍대 구씨네 부엌 | 구씨네부엌 신촌 | 홍대 구씨네부엌 피자 | 구씨네부엌 파스타 | ""구씨네부엌""",https://search.naver.com/search.naver?where=image&query=%EA%B5%AC%EC%94%A8%EB%84%A4%EB%B6%80%EC%97%8C,,사진 미완료 · 수동 검색 인계
course-00556,동대문디자인플라자 디자인전시관 → 구씨네부엌 코스,동대문디자인플라자 디자인전시관,서울 중구 을지로 281,동대문디자인플라자 디자인전시관 → 구씨네부엌,"음식점, 전시",DDP 디자인전시관 | 동대문디자인플라자 디자인전시관 | DDP 뮤지엄 디자인전시관 | DDP 디자인전시관 서울 중구 을지로 281,https://search.naver.com/search.naver?where=image&query=DDP%20%EB%94%94%EC%9E%90%EC%9D%B8%EC%A0%84%EC%8B%9C%EA%B4%80,/assets/naver-courses/35e3731a4a116a9ffc6c0452.jpg,검수완료
course-00557,문화역서울284 → 쇼핑하는사람들 → 양푼이동태탕 코스,문화역서울284,서울 중구 통일로 1,문화역서울284 → 쇼핑하는사람들 → 양푼이동태탕,"쇼핑, 음식점, 전시",문화역서울284 | 문화역 서울 284 | 문화역서울 284 전시 | 문화역서울284 서울 중구 통일로 1,https://search.naver.com/search.naver?where=image&query=%EB%AC%B8%ED%99%94%EC%97%AD%EC%84%9C%EC%9A%B8284,/assets/naver-courses/217c4e80418f6f040f0ea0dc.jpg,검수완료
course-00558,커넥트투 → 성동 AI미래기술체험센터 코스,커넥트투,서울 송파구 올림픽로 300,커넥트투 → 성동 AI미래기술체험센터,"전시, 체험",커넥트투 잠실 | 커넥트투 롯데월드몰 | CONNECT TO 잠실 | 커넥트투 잠실 서울 송파구 올림픽로 300,https://search.naver.com/search.naver?where=image&query=%EC%BB%A4%EB%84%A5%ED%8A%B8%ED%88%AC%20%EC%9E%A0%EC%8B%A4,/assets/naver-courses/ce500de056fb09bc8d709b39.jpg,검수완료
course-00559,문화역서울284 → 베르시 → 쇼핑하는사람들 코스,문화역서울284,서울 중구 통일로 1,문화역서울284 → 베르시 → 쇼핑하는사람들,"쇼핑, 전시, 카페",문화역서울284 | 문화역 서울 284 | 문화역서울 284 전시 | 문화역서울284 서울 중구 통일로 1,https://search.naver.com/search.naver?where=image&query=%EB%AC%B8%ED%99%94%EC%97%AD%EC%84%9C%EC%9A%B8284,,사진 미완료 · 수동 검색 인계
course-00560,신도림이도식당 → 구로스마트라운지 → 백야 코스,신도림이도식당,서울 구로구 경인로 661,신도림이도식당 → 구로스마트라운지 → 백야,"음식점, 전시, 카페",신도림 이도식당 | 이도식당 신도림 | 이도식당 경인로 661 | 신도림 이도식당 서울 구로구 경인로 661,https://search.naver.com/search.naver?where=image&query=%EC%8B%A0%EB%8F%84%EB%A6%BC%20%EC%9D%B4%EB%8F%84%EC%8B%9D%EB%8B%B9,/assets/naver-courses/6b35551abf935e5042e585f7.jpg,검수완료
course-00561,잠실지하광장 쇼핑센터 → 석촌호수 동호 → 방이돈가 코스,잠실지하광장 쇼핑센터,서울 송파구 잠실로 지하 156,잠실지하광장 쇼핑센터 → 석촌호수 동호 → 방이돈가,"관광, 쇼핑, 음식점",잠실지하광장 쇼핑센터 | 잠실 지하광장 | 잠실지하광장 상가 | 잠실역 지하광장 | 잠실지하광장 쇼핑센터 서울 송파구 잠실로 지하 156,https://search.naver.com/search.naver?where=image&query=%EC%9E%A0%EC%8B%A4%EC%A7%80%ED%95%98%EA%B4%91%EC%9E%A5%20%EC%87%BC%ED%95%91%EC%84%BC%ED%84%B0,,사진 미완료 · 수동 검색 인계
course-00562,구씨네부엌 → 4233 마음센터 연남점 → 비뮤티커피 코스,구씨네부엌,,구씨네부엌 → 4233 마음센터 연남점 → 비뮤티커피,"음식점, 전시, 카페","구씨네부엌 | 홍대 구씨네 부엌 | 구씨네부엌 신촌 | 홍대 구씨네부엌 피자 | 구씨네부엌 파스타 | ""구씨네부엌""",https://search.naver.com/search.naver?where=image&query=%EA%B5%AC%EC%94%A8%EB%84%A4%EB%B6%80%EC%97%8C,,사진 미완료 · 수동 검색 인계
course-00563,꿈동산 동심쇼핑센터 → 엘씨오 코스,꿈동산 동심쇼핑센터,서울 종로구 종로52길 25,꿈동산 동심쇼핑센터 → 엘씨오,"쇼핑, 전시",꿈동산 동심쇼핑센터 | 동심쇼핑센터 | 창신동 동심 쇼핑센터 | 꿈동산 동심쇼핑센터 서울 종로구 종로52길 25,https://search.naver.com/search.naver?where=image&query=%EA%BF%88%EB%8F%99%EC%82%B0%20%EB%8F%99%EC%8B%AC%EC%87%BC%ED%95%91%EC%84%BC%ED%84%B0,/assets/naver-courses/84a976c6da7da0543013bc32.jpg,검수완료
course-00564,동대문디자인플라자 디자인전시관 → 아트팩토리체험공방 코스,동대문디자인플라자 디자인전시관,서울 중구 을지로 281,동대문디자인플라자 디자인전시관 → 아트팩토리체험공방,"전시, 체험",DDP 디자인전시관 | 동대문디자인플라자 디자인전시관 | DDP 뮤지엄 디자인전시관 | DDP 디자인전시관 서울 중구 을지로 281,https://search.naver.com/search.naver?where=image&query=DDP%20%EB%94%94%EC%9E%90%EC%9D%B8%EC%A0%84%EC%8B%9C%EA%B4%80,/assets/naver-courses/d2f3e8aead87bd5114ef94c2.jpg,검수완료
course-00565,잠실지하광장 쇼핑센터 → 넥스트뮤지엄 → 스타벅스 석촌호수점 코스,잠실지하광장 쇼핑센터,서울 송파구 잠실로 지하 156,잠실지하광장 쇼핑센터 → 넥스트뮤지엄 → 스타벅스 석촌호수점,"쇼핑, 전시, 카페",잠실지하광장 쇼핑센터 | 잠실 지하광장 | 잠실지하광장 상가 | 잠실역 지하광장 | 잠실지하광장 쇼핑센터 서울 송파구 잠실로 지하 156,https://search.naver.com/search.naver?where=image&query=%EC%9E%A0%EC%8B%A4%EC%A7%80%ED%95%98%EA%B4%91%EC%9E%A5%20%EC%87%BC%ED%95%91%EC%84%BC%ED%84%B0,,사진 미완료 · 수동 검색 인계
course-00566,그라운드시소 센트럴 → 엘씨오 코스,그라운드시소 센트럴,서울 중구 세종대로 14,그라운드시소 센트럴 → 엘씨오,전시,그라운드시소 센트럴 | 센트럴 그라운드시소 | 그라운드시소 센트럴 전시 | 그라운드시소 센트럴 서울 중구 세종대로 14,https://search.naver.com/search.naver?where=image&query=%EA%B7%B8%EB%9D%BC%EC%9A%B4%EB%93%9C%EC%8B%9C%EC%86%8C%20%EC%84%BC%ED%8A%B8%EB%9F%B4,/assets/naver-courses/a98b9b461385948b969a5a6c.jpg,검수완료
course-00567,구씨네부엌 → 트릭아이뮤지엄 → 윤형근의 집 코스,구씨네부엌,,구씨네부엌 → 트릭아이뮤지엄 → 윤형근의 집,"관광, 음식점, 전시","구씨네부엌 | 홍대 구씨네 부엌 | 구씨네부엌 신촌 | 홍대 구씨네부엌 피자 | 구씨네부엌 파스타 | ""구씨네부엌""",https://search.naver.com/search.naver?where=image&query=%EA%B5%AC%EC%94%A8%EB%84%A4%EB%B6%80%EC%97%8C,,사진 미완료 · 수동 검색 인계
course-00568,구씨네부엌 → 윤형근의 집 → 레드로드 코스,구씨네부엌,,구씨네부엌 → 윤형근의 집 → 레드로드,"관광, 음식점, 전시","구씨네부엌 | 홍대 구씨네 부엌 | 구씨네부엌 신촌 | 홍대 구씨네부엌 피자 | 구씨네부엌 파스타 | ""구씨네부엌""",https://search.naver.com/search.naver?where=image&query=%EA%B5%AC%EC%94%A8%EB%84%A4%EB%B6%80%EC%97%8C,,사진 미완료 · 수동 검색 인계
course-00569,문화역서울284 → 쇼핑하는사람들 → 텐스퀘어 오슬로 회현 코스,문화역서울284,서울 중구 통일로 1,문화역서울284 → 쇼핑하는사람들 → 텐스퀘어 오슬로 회현,"쇼핑, 전시, 카페",문화역서울284 | 문화역 서울 284 | 문화역서울 284 전시 | 문화역서울284 서울 중구 통일로 1,https://search.naver.com/search.naver?where=image&query=%EB%AC%B8%ED%99%94%EC%97%AD%EC%84%9C%EC%9A%B8284,/assets/naver-courses/feae525fb708fe5aeaa9c29c.jpg,검수완료
course-00570,노란돼지 → 그루타 → 쇼핑그라운드 코스,노란돼지,서울 동작구 동작대로7길 97,노란돼지 → 그루타 → 쇼핑그라운드,"쇼핑, 음식점, 카페",노란돼지 사당 | 노란돼지 방배 | 노란돼지 동작대로7길 97 | 노란돼지 사당 서울 동작구 동작대로7길 97,https://search.naver.com/search.naver?where=image&query=%EB%85%B8%EB%9E%80%EB%8F%BC%EC%A7%80%20%EC%82%AC%EB%8B%B9,,사진 미완료 · 수동 검색 인계
course-00571,문화역서울284 → 베르시 → 이이네 코스,문화역서울284,서울 중구 통일로 1,문화역서울284 → 베르시 → 이이네,"음식점, 전시, 카페",문화역서울284 | 문화역 서울 284 | 문화역서울 284 전시 | 문화역서울284 서울 중구 통일로 1,https://search.naver.com/search.naver?where=image&query=%EB%AC%B8%ED%99%94%EC%97%AD%EC%84%9C%EC%9A%B8284,/assets/naver-courses/049b6773377610f0c7b1a7fd.jpg,검수완료
course-00572,문화역서울284 → 텐스퀘어 오슬로 회현 → 금성관 코스,문화역서울284,서울 중구 통일로 1,문화역서울284 → 텐스퀘어 오슬로 회현 → 금성관,"음식점, 전시, 카페",문화역서울284 | 문화역 서울 284 | 문화역서울 284 전시 | 문화역서울284 서울 중구 통일로 1,https://search.naver.com/search.naver?where=image&query=%EB%AC%B8%ED%99%94%EC%97%AD%EC%84%9C%EC%9A%B8284,/assets/naver-courses/21e98cc114aa0fa0f803b91b.jpg,검수완료
course-00573,노란돼지 → 스타벅스 사당역점 → 엔지니어링역사관 코스,노란돼지,서울 동작구 동작대로7길 97,노란돼지 → 스타벅스 사당역점 → 엔지니어링역사관,"음식점, 전시, 카페",노란돼지 사당 | 노란돼지 방배 | 노란돼지 동작대로7길 97 | 노란돼지 사당 서울 동작구 동작대로7길 97,https://search.naver.com/search.naver?where=image&query=%EB%85%B8%EB%9E%80%EB%8F%BC%EC%A7%80%20%EC%82%AC%EB%8B%B9,,사진 미완료 · 수동 검색 인계
course-00574,문화역서울284 → 이이네 → 남산케이블카 코스,문화역서울284,서울 중구 통일로 1,문화역서울284 → 이이네 → 남산케이블카,"관광, 음식점, 전시",문화역서울284 | 문화역 서울 284 | 문화역서울 284 전시 | 문화역서울284 서울 중구 통일로 1,https://search.naver.com/search.naver?where=image&query=%EB%AC%B8%ED%99%94%EC%97%AD%EC%84%9C%EC%9A%B8284,/assets/naver-courses/72b790afd7d14dfc652a9e64.jpg,검수완료
course-00575,잠실지하광장 쇼핑센터 → 아트팩토리체험공방 코스,잠실지하광장 쇼핑센터,서울 송파구 잠실로 지하 156,잠실지하광장 쇼핑센터 → 아트팩토리체험공방,"쇼핑, 체험",잠실지하광장 쇼핑센터 | 잠실 지하광장 | 잠실지하광장 상가 | 잠실역 지하광장 | 잠실지하광장 쇼핑센터 서울 송파구 잠실로 지하 156,https://search.naver.com/search.naver?where=image&query=%EC%9E%A0%EC%8B%A4%EC%A7%80%ED%95%98%EA%B4%91%EC%9E%A5%20%EC%87%BC%ED%95%91%EC%84%BC%ED%84%B0,,사진 미완료 · 수동 검색 인계
course-00576,구씨네부엌 → 토로스쇼핑타워 → 레드로드 코스,구씨네부엌,,구씨네부엌 → 토로스쇼핑타워 → 레드로드,"관광, 쇼핑, 음식점","구씨네부엌 | 홍대 구씨네 부엌 | 구씨네부엌 신촌 | 홍대 구씨네부엌 피자 | 구씨네부엌 파스타 | ""구씨네부엌""",https://search.naver.com/search.naver?where=image&query=%EA%B5%AC%EC%94%A8%EB%84%A4%EB%B6%80%EC%97%8C,,사진 미완료 · 수동 검색 인계
course-00577,그라운드시소 센트럴 → 농민백암순대 시청직영점 → 커피스니퍼 코스,그라운드시소 센트럴,서울 중구 세종대로 14,그라운드시소 센트럴 → 농민백암순대 시청직영점 → 커피스니퍼,"음식점, 전시, 카페",그라운드시소 센트럴 | 센트럴 그라운드시소 | 그라운드시소 센트럴 전시 | 그라운드시소 센트럴 서울 중구 세종대로 14,https://search.naver.com/search.naver?where=image&query=%EA%B7%B8%EB%9D%BC%EC%9A%B4%EB%93%9C%EC%8B%9C%EC%86%8C%20%EC%84%BC%ED%8A%B8%EB%9F%B4,,사진 미완료 · 수동 검색 인계
course-00578,구씨네부엌 → 윤형근의 집 → 홍대클럽거리 코스,구씨네부엌,,구씨네부엌 → 윤형근의 집 → 홍대클럽거리,"관광, 음식점, 전시","구씨네부엌 | 홍대 구씨네 부엌 | 구씨네부엌 신촌 | 홍대 구씨네부엌 피자 | 구씨네부엌 파스타 | ""구씨네부엌""",https://search.naver.com/search.naver?where=image&query=%EA%B5%AC%EC%94%A8%EB%84%A4%EB%B6%80%EC%97%8C,,사진 미완료 · 수동 검색 인계
course-00579,노란돼지 → 엔지니어링역사관 → 스타벅스 낙성대DT점 코스,노란돼지,서울 동작구 동작대로7길 97,노란돼지 → 엔지니어링역사관 → 스타벅스 낙성대DT점,"음식점, 전시, 카페",노란돼지 사당 | 노란돼지 방배 | 노란돼지 동작대로7길 97 | 노란돼지 사당 서울 동작구 동작대로7길 97,https://search.naver.com/search.naver?where=image&query=%EB%85%B8%EB%9E%80%EB%8F%BC%EC%A7%80%20%EC%82%AC%EB%8B%B9,,사진 미완료 · 수동 검색 인계
course-00580,정동전망대 → 농민백암순대 시청직영점 → 서울도시건축전시관 코스,정동전망대,서울 중구 덕수궁길 15,정동전망대 → 농민백암순대 시청직영점 → 서울도시건축전시관,"관광, 음식점, 전시",정동전망대 | 정동 전망대 | 정동전망대 덕수궁 | 정동전망대 서울 중구 덕수궁길 15,https://search.naver.com/search.naver?where=image&query=%EC%A0%95%EB%8F%99%EC%A0%84%EB%A7%9D%EB%8C%80,/assets/naver-courses/de72cbda7f0912070ea1305d.jpg,검수완료
course-00581,구씨네부엌 → 굽네 플레이타운 → 홍대축제거리 코스,구씨네부엌,,구씨네부엌 → 굽네 플레이타운 → 홍대축제거리,"관광, 음식점, 전시","구씨네부엌 | 홍대 구씨네 부엌 | 구씨네부엌 신촌 | 홍대 구씨네부엌 피자 | 구씨네부엌 파스타 | ""구씨네부엌""",https://search.naver.com/search.naver?where=image&query=%EA%B5%AC%EC%94%A8%EB%84%A4%EB%B6%80%EC%97%8C,,사진 미완료 · 수동 검색 인계
course-00582,커넥트투 → 롯데월드타워&롯데월드몰 → 그림제작소 코스,커넥트투,서울 송파구 올림픽로 300,커넥트투 → 롯데월드타워&롯데월드몰 → 그림제작소,"쇼핑, 전시, 카페",커넥트투 잠실 | 커넥트투 롯데월드몰 | CONNECT TO 잠실 | 커넥트투 잠실 서울 송파구 올림픽로 300,https://search.naver.com/search.naver?where=image&query=%EC%BB%A4%EB%84%A5%ED%8A%B8%ED%88%AC%20%EC%9E%A0%EC%8B%A4,/assets/naver-courses/1df54bad82d3a027f4198392.jpg,검수완료
course-00583,건국대학교 일감호 → 스타벅스 건국대점 → 요비 코스,건국대학교 일감호,서울 광진구 능동로 120,건국대학교 일감호 → 스타벅스 건국대점 → 요비,"관광, 음식점, 카페",건국대학교 일감호 | 건대 일감호 | 일감호 | 건국대학교 일감호 서울 광진구 능동로 120,https://search.naver.com/search.naver?where=image&query=%EA%B1%B4%EA%B5%AD%EB%8C%80%ED%95%99%EA%B5%90%20%EC%9D%BC%EA%B0%90%ED%98%B8,/assets/naver-courses/bd4a2aa22e1b7e4ac79d238b.jpg,검수완료
course-00584,잠실지하광장 쇼핑센터 → 한정선 잠실롯데월드몰점 → 방이돈가 코스,잠실지하광장 쇼핑센터,서울 송파구 잠실로 지하 156,잠실지하광장 쇼핑센터 → 한정선 잠실롯데월드몰점 → 방이돈가,"쇼핑, 음식점, 카페",잠실지하광장 쇼핑센터 | 잠실 지하광장 | 잠실지하광장 상가 | 잠실역 지하광장 | 잠실지하광장 쇼핑센터 서울 송파구 잠실로 지하 156,https://search.naver.com/search.naver?where=image&query=%EC%9E%A0%EC%8B%A4%EC%A7%80%ED%95%98%EA%B4%91%EC%9E%A5%20%EC%87%BC%ED%95%91%EC%84%BC%ED%84%B0,,사진 미완료 · 수동 검색 인계
course-00585,신도림이도식당 → 콘피 → 도림천 코스,신도림이도식당,서울 구로구 경인로 661,신도림이도식당 → 콘피 → 도림천,"관광, 음식점, 카페",신도림 이도식당 | 이도식당 신도림 | 이도식당 경인로 661 | 신도림 이도식당 서울 구로구 경인로 661,https://search.naver.com/search.naver?where=image&query=%EC%8B%A0%EB%8F%84%EB%A6%BC%20%EC%9D%B4%EB%8F%84%EC%8B%9D%EB%8B%B9,/assets/naver-courses/d3fd751a97dd96f8af91c4e6.jpg,검수완료
course-00586,태양커피 서울사당점 → 사당1동먹자골목상점가 → 작은피자집 코스,태양커피 서울사당점,서울 서초구 방배천로 32,태양커피 서울사당점 → 사당1동먹자골목상점가 → 작은피자집,"관광, 음식점, 카페",태양커피 사당점 | 사당 태양커피 | 태양커피 방배천로 32 | 태양커피 사당점 서울 서초구 방배천로 32,https://search.naver.com/search.naver?where=image&query=%ED%83%9C%EC%96%91%EC%BB%A4%ED%94%BC%20%EC%82%AC%EB%8B%B9%EC%A0%90,/assets/naver-courses/0ca730b97368130021e09355.jpg,검수완료
course-00587,문화역서울284 → 텐스퀘어 오슬로 회현 → 남산케이블카 코스,문화역서울284,서울 중구 통일로 1,문화역서울284 → 텐스퀘어 오슬로 회현 → 남산케이블카,"관광, 전시, 카페",문화역서울284 | 문화역 서울 284 | 문화역서울 284 전시 | 문화역서울284 서울 중구 통일로 1,https://search.naver.com/search.naver?where=image&query=%EB%AC%B8%ED%99%94%EC%97%AD%EC%84%9C%EC%9A%B8284,/assets/naver-courses/05ba6da87daeae57f8f60f15.jpg,검수완료
course-00588,그라운드시소 센트럴 → 숭례문 → 커피스니퍼 코스,그라운드시소 센트럴,서울 중구 세종대로 14,그라운드시소 센트럴 → 숭례문 → 커피스니퍼,"관광, 전시, 카페",그라운드시소 센트럴 | 센트럴 그라운드시소 | 그라운드시소 센트럴 전시 | 그라운드시소 센트럴 서울 중구 세종대로 14,https://search.naver.com/search.naver?where=image&query=%EA%B7%B8%EB%9D%BC%EC%9A%B4%EB%93%9C%EC%8B%9C%EC%86%8C%20%EC%84%BC%ED%8A%B8%EB%9F%B4,/assets/naver-courses/5cfce330687b2bc917b3ac45.jpg,검수완료
course-00589,잠실지하광장 쇼핑센터 → 에비뉴엘아트홀 → 방이동먹자골목 코스,잠실지하광장 쇼핑센터,서울 송파구 잠실로 지하 156,잠실지하광장 쇼핑센터 → 에비뉴엘아트홀 → 방이동먹자골목,"관광, 쇼핑, 전시",잠실지하광장 쇼핑센터 | 잠실 지하광장 | 잠실지하광장 상가 | 잠실역 지하광장 | 잠실지하광장 쇼핑센터 서울 송파구 잠실로 지하 156,https://search.naver.com/search.naver?where=image&query=%EC%9E%A0%EC%8B%A4%EC%A7%80%ED%95%98%EA%B4%91%EC%9E%A5%20%EC%87%BC%ED%95%91%EC%84%BC%ED%84%B0,,사진 미완료 · 수동 검색 인계
course-00590,잠실지하광장 쇼핑센터 → 한정선 잠실롯데월드몰점 → 방이동먹자골목 코스,잠실지하광장 쇼핑센터,서울 송파구 잠실로 지하 156,잠실지하광장 쇼핑센터 → 한정선 잠실롯데월드몰점 → 방이동먹자골목,"관광, 쇼핑, 카페",잠실지하광장 쇼핑센터 | 잠실 지하광장 | 잠실지하광장 상가 | 잠실역 지하광장 | 잠실지하광장 쇼핑센터 서울 송파구 잠실로 지하 156,https://search.naver.com/search.naver?where=image&query=%EC%9E%A0%EC%8B%A4%EC%A7%80%ED%95%98%EA%B4%91%EC%9E%A5%20%EC%87%BC%ED%95%91%EC%84%BC%ED%84%B0,,사진 미완료 · 수동 검색 인계
course-00591,노란돼지 → 머치커피 → 엔지니어링역사관 코스,노란돼지,서울 동작구 동작대로7길 97,노란돼지 → 머치커피 → 엔지니어링역사관,"음식점, 전시, 카페",노란돼지 사당 | 노란돼지 방배 | 노란돼지 동작대로7길 97 | 노란돼지 사당 서울 동작구 동작대로7길 97,https://search.naver.com/search.naver?where=image&query=%EB%85%B8%EB%9E%80%EB%8F%BC%EC%A7%80%20%EC%82%AC%EB%8B%B9,,사진 미완료 · 수동 검색 인계
course-00592,잠실지하광장 쇼핑센터 → 넥스트뮤지엄 → 방이동먹자골목 코스,잠실지하광장 쇼핑센터,서울 송파구 잠실로 지하 156,잠실지하광장 쇼핑센터 → 넥스트뮤지엄 → 방이동먹자골목,"관광, 쇼핑, 전시",잠실지하광장 쇼핑센터 | 잠실 지하광장 | 잠실지하광장 상가 | 잠실역 지하광장 | 잠실지하광장 쇼핑센터 서울 송파구 잠실로 지하 156,https://search.naver.com/search.naver?where=image&query=%EC%9E%A0%EC%8B%A4%EC%A7%80%ED%95%98%EA%B4%91%EC%9E%A5%20%EC%87%BC%ED%95%91%EC%84%BC%ED%84%B0,,사진 미완료 · 수동 검색 인계
course-00593,아트팩토리체험공방 → 마일스톤커피 성수 → 성수베이킹스튜디오 코스,아트팩토리체험공방,서울 성동구 왕십리로 241,아트팩토리체험공방 → 마일스톤커피 성수 → 성수베이킹스튜디오,"음식점, 체험, 카페",아트팩토리 체험공방 | 아트팩토리 왕십리 | 아트팩토리 왕십리로 241 | 아트팩토리 체험공방 서울 성동구 왕십리로 241,https://search.naver.com/search.naver?where=image&query=%EC%95%84%ED%8A%B8%ED%8C%A9%ED%86%A0%EB%A6%AC%20%EC%B2%B4%ED%97%98%EA%B3%B5%EB%B0%A9,,사진 미완료 · 수동 검색 인계
course-00594,브이스퀘어 → 우주로캣 → 매운향솥 코스,브이스퀘어,서울 광진구 아차산로 272,브이스퀘어 → 우주로캣 → 매운향솥,"음식점, 전시, 카페",브이스퀘어 건대 | 브이스퀘어 롯데시네마 | V SQUARE 건대입구 | 브이스퀘어 건대 서울 광진구 아차산로 272,https://search.naver.com/search.naver?where=image&query=%EB%B8%8C%EC%9D%B4%EC%8A%A4%ED%80%98%EC%96%B4%20%EA%B1%B4%EB%8C%80,/assets/naver-courses/9b5b5e8b09af678f8e6756b1.jpg,검수완료
course-00595,그라운드시소 센트럴 → 희락갈치 → 텐스퀘어 오슬로 회현 코스,그라운드시소 센트럴,서울 중구 세종대로 14,그라운드시소 센트럴 → 희락갈치 → 텐스퀘어 오슬로 회현,"음식점, 전시, 카페",그라운드시소 센트럴 | 센트럴 그라운드시소 | 그라운드시소 센트럴 전시 | 그라운드시소 센트럴 서울 중구 세종대로 14,https://search.naver.com/search.naver?where=image&query=%EA%B7%B8%EB%9D%BC%EC%9A%B4%EB%93%9C%EC%8B%9C%EC%86%8C%20%EC%84%BC%ED%8A%B8%EB%9F%B4,,사진 미완료 · 수동 검색 인계
course-00596,문화역서울284 → 정동전망대 → 커피스니퍼 코스,문화역서울284,서울 중구 통일로 1,문화역서울284 → 정동전망대 → 커피스니퍼,"관광, 전시, 카페",문화역서울284 | 문화역 서울 284 | 문화역서울 284 전시 | 문화역서울284 서울 중구 통일로 1,https://search.naver.com/search.naver?where=image&query=%EB%AC%B8%ED%99%94%EC%97%AD%EC%84%9C%EC%9A%B8284,/assets/naver-courses/c7945797eb795e665d27db21.jpg,검수완료
course-00597,구씨네부엌 → 스페이스갤러리아 서울홍대 → 홍대클럽거리 코스,구씨네부엌,,구씨네부엌 → 스페이스갤러리아 서울홍대 → 홍대클럽거리,"관광, 음식점, 전시","구씨네부엌 | 홍대 구씨네 부엌 | 구씨네부엌 신촌 | 홍대 구씨네부엌 피자 | 구씨네부엌 파스타 | ""구씨네부엌""",https://search.naver.com/search.naver?where=image&query=%EA%B5%AC%EC%94%A8%EB%84%A4%EB%B6%80%EC%97%8C,,사진 미완료 · 수동 검색 인계
course-00598,신도림이도식당 → 도림천 → 백야 코스,신도림이도식당,서울 구로구 경인로 661,신도림이도식당 → 도림천 → 백야,"관광, 음식점, 카페",신도림 이도식당 | 이도식당 신도림 | 이도식당 경인로 661 | 신도림 이도식당 서울 구로구 경인로 661,https://search.naver.com/search.naver?where=image&query=%EC%8B%A0%EB%8F%84%EB%A6%BC%20%EC%9D%B4%EB%8F%84%EC%8B%9D%EB%8B%B9,/assets/naver-courses/678be100b11f3cac59c9277b.jpg,검수완료
course-00599,문화역서울284 → 베르시 → 쌍대포 본점 코스,문화역서울284,서울 중구 통일로 1,문화역서울284 → 베르시 → 쌍대포 본점,"음식점, 전시, 카페",문화역서울284 | 문화역 서울 284 | 문화역서울 284 전시 | 문화역서울284 서울 중구 통일로 1,https://search.naver.com/search.naver?where=image&query=%EB%AC%B8%ED%99%94%EC%97%AD%EC%84%9C%EC%9A%B8284,/assets/naver-courses/74867db25e45e910e3ccd05d.jpg,검수완료
course-00600,문화역서울284 → 현대수산 → 전광수커피하우스 정동점 코스,문화역서울284,서울 중구 통일로 1,문화역서울284 → 현대수산 → 전광수커피하우스 정동점,"음식점, 전시, 카페",문화역서울284 | 문화역 서울 284 | 문화역서울 284 전시 | 문화역서울284 서울 중구 통일로 1,https://search.naver.com/search.naver?where=image&query=%EB%AC%B8%ED%99%94%EC%97%AD%EC%84%9C%EC%9A%B8284,/assets/naver-courses/f1b4c53b62fcba022e35e2f7.jpg,검수완료
course-00601,노란돼지 → 파스텔시티 → 엔지니어링역사관 코스,노란돼지,서울 동작구 동작대로7길 97,노란돼지 → 파스텔시티 → 엔지니어링역사관,"쇼핑, 음식점, 전시",노란돼지 사당 | 노란돼지 방배 | 노란돼지 동작대로7길 97 | 노란돼지 사당 서울 동작구 동작대로7길 97,https://search.naver.com/search.naver?where=image&query=%EB%85%B8%EB%9E%80%EB%8F%BC%EC%A7%80%20%EC%82%AC%EB%8B%B9,,사진 미완료 · 수동 검색 인계
course-00602,브이스퀘어 → 우주로캣 → 코노하 건대점 코스,브이스퀘어,서울 광진구 아차산로 272,브이스퀘어 → 우주로캣 → 코노하 건대점,"음식점, 전시, 카페",브이스퀘어 건대 | 브이스퀘어 롯데시네마 | V SQUARE 건대입구 | 브이스퀘어 건대 서울 광진구 아차산로 272,https://search.naver.com/search.naver?where=image&query=%EB%B8%8C%EC%9D%B4%EC%8A%A4%ED%80%98%EC%96%B4%20%EA%B1%B4%EB%8C%80,/assets/naver-courses/b0ffff66eed337ae6b8f059d.jpg,검수완료
course-00603,정동전망대 → 커피스니퍼 → 서울특별시청 하늘광장갤러리 코스,정동전망대,서울 중구 덕수궁길 15,정동전망대 → 커피스니퍼 → 서울특별시청 하늘광장갤러리,"관광, 전시, 카페",정동전망대 | 정동 전망대 | 정동전망대 덕수궁 | 정동전망대 서울 중구 덕수궁길 15,https://search.naver.com/search.naver?where=image&query=%EC%A0%95%EB%8F%99%EC%A0%84%EB%A7%9D%EB%8C%80,/assets/naver-courses/f8b817ad552f890adfdf250a.jpg,검수완료
course-00604,구씨네부엌 → 스페이스갤러리아 서울홍대 → 홍대축제거리 코스,구씨네부엌,,구씨네부엌 → 스페이스갤러리아 서울홍대 → 홍대축제거리,"관광, 음식점, 전시","구씨네부엌 | 홍대 구씨네 부엌 | 구씨네부엌 신촌 | 홍대 구씨네부엌 피자 | 구씨네부엌 파스타 | ""구씨네부엌""",https://search.naver.com/search.naver?where=image&query=%EA%B5%AC%EC%94%A8%EB%84%A4%EB%B6%80%EC%97%8C,,사진 미완료 · 수동 검색 인계
course-00605,잠실지하광장 쇼핑센터 → 뮤지엄209 → 방이동먹자골목 코스,잠실지하광장 쇼핑센터,서울 송파구 잠실로 지하 156,잠실지하광장 쇼핑센터 → 뮤지엄209 → 방이동먹자골목,"관광, 쇼핑, 전시",잠실지하광장 쇼핑센터 | 잠실 지하광장 | 잠실지하광장 상가 | 잠실역 지하광장 | 잠실지하광장 쇼핑센터 서울 송파구 잠실로 지하 156,https://search.naver.com/search.naver?where=image&query=%EC%9E%A0%EC%8B%A4%EC%A7%80%ED%95%98%EA%B4%91%EC%9E%A5%20%EC%87%BC%ED%95%91%EC%84%BC%ED%84%B0,,사진 미완료 · 수동 검색 인계
course-00606,브이스퀘어 → 육일관 본점 → 카페드라이 코스,브이스퀘어,서울 광진구 아차산로 272,브이스퀘어 → 육일관 본점 → 카페드라이,"음식점, 전시, 카페",브이스퀘어 건대 | 브이스퀘어 롯데시네마 | V SQUARE 건대입구 | 브이스퀘어 건대 서울 광진구 아차산로 272,https://search.naver.com/search.naver?where=image&query=%EB%B8%8C%EC%9D%B4%EC%8A%A4%ED%80%98%EC%96%B4%20%EA%B1%B4%EB%8C%80,/assets/naver-courses/67a06b7c0818279edc6e7126.jpg,검수완료
course-00607,갓잇 문래점 → 엘씨오 코스,갓잇 문래점,서울 영등포구 경인로77길 14,갓잇 문래점 → 엘씨오,"음식점, 전시",갓잇 문래점 | 문래 갓잇 | 갓잇 경인로77길 14 | 갓잇 문래점 서울 영등포구 경인로77길 14,https://search.naver.com/search.naver?where=image&query=%EA%B0%93%EC%9E%87%20%EB%AC%B8%EB%9E%98%EC%A0%90,/assets/naver-courses/625f63fa782f63e3945408e6.jpg,검수완료
course-00608,일편등심 강남 → 힉스커피 → 더샵스앳센터필드 코스,일편등심 강남,서울 강남구 테헤란로1길 20,일편등심 강남 → 힉스커피 → 더샵스앳센터필드,"쇼핑, 음식점, 카페",일편등심 강남점 | 강남 일편등심 | 일편등심 테헤란로1길 20 | 일편등심 강남점 서울 강남구 테헤란로1길 20,https://search.naver.com/search.naver?where=image&query=%EC%9D%BC%ED%8E%B8%EB%93%B1%EC%8B%AC%20%EA%B0%95%EB%82%A8%EC%A0%90,/assets/naver-courses/4d8d4e2d9adb5d6bbc56cc95.jpg,검수완료
course-00609,노란돼지 → 머치커피 → 쇼핑그라운드 코스,노란돼지,서울 동작구 동작대로7길 97,노란돼지 → 머치커피 → 쇼핑그라운드,"쇼핑, 음식점, 카페",노란돼지 사당 | 노란돼지 방배 | 노란돼지 동작대로7길 97 | 노란돼지 사당 서울 동작구 동작대로7길 97,https://search.naver.com/search.naver?where=image&query=%EB%85%B8%EB%9E%80%EB%8F%BC%EC%A7%80%20%EC%82%AC%EB%8B%B9,,사진 미완료 · 수동 검색 인계
course-00610,구씨네부엌 → 토로스쇼핑타워 → 더마틴 코스,구씨네부엌,,구씨네부엌 → 토로스쇼핑타워 → 더마틴,"쇼핑, 음식점, 카페","구씨네부엌 | 홍대 구씨네 부엌 | 구씨네부엌 신촌 | 홍대 구씨네부엌 피자 | 구씨네부엌 파스타 | ""구씨네부엌""",https://search.naver.com/search.naver?where=image&query=%EA%B5%AC%EC%94%A8%EB%84%A4%EB%B6%80%EC%97%8C,,사진 미완료 · 수동 검색 인계
course-00611,구씨네부엌 → 윤형근의 집 → 홍대축제거리 코스,구씨네부엌,,구씨네부엌 → 윤형근의 집 → 홍대축제거리,"관광, 음식점, 전시","구씨네부엌 | 홍대 구씨네 부엌 | 구씨네부엌 신촌 | 홍대 구씨네부엌 피자 | 구씨네부엌 파스타 | ""구씨네부엌""",https://search.naver.com/search.naver?where=image&query=%EA%B5%AC%EC%94%A8%EB%84%A4%EB%B6%80%EC%97%8C,,사진 미완료 · 수동 검색 인계
course-00612,문화역서울284 → 가메골손왕만두 남대문본점 → 남산케이블카 코스,문화역서울284,서울 중구 통일로 1,문화역서울284 → 가메골손왕만두 남대문본점 → 남산케이블카,"관광, 음식점, 전시",문화역서울284 | 문화역 서울 284 | 문화역서울 284 전시 | 문화역서울284 서울 중구 통일로 1,https://search.naver.com/search.naver?where=image&query=%EB%AC%B8%ED%99%94%EC%97%AD%EC%84%9C%EC%9A%B8284,/assets/naver-courses/d172c649d47112284e19d84f.jpg,검수완료
course-00613,일편등심 강남 → 힉스커피 → 갤러리라보 코스,일편등심 강남,서울 강남구 테헤란로1길 20,일편등심 강남 → 힉스커피 → 갤러리라보,"음식점, 전시, 카페",일편등심 강남점 | 강남 일편등심 | 일편등심 테헤란로1길 20 | 일편등심 강남점 서울 강남구 테헤란로1길 20,https://search.naver.com/search.naver?where=image&query=%EC%9D%BC%ED%8E%B8%EB%93%B1%EC%8B%AC%20%EA%B0%95%EB%82%A8%EC%A0%90,/assets/naver-courses/bb4a9e6f7193bb7ea616a8e3.jpg,검수완료
course-00614,문화역서울284 → 희락갈치 → 덕수궁 대한문 코스,문화역서울284,서울 중구 통일로 1,문화역서울284 → 희락갈치 → 덕수궁 대한문,"관광, 음식점, 전시",문화역서울284 | 문화역 서울 284 | 문화역서울 284 전시 | 문화역서울284 서울 중구 통일로 1,https://search.naver.com/search.naver?where=image&query=%EB%AC%B8%ED%99%94%EC%97%AD%EC%84%9C%EC%9A%B8284,,사진 미완료 · 수동 검색 인계
course-00615,브이스퀘어 → 카페호이 건대점 → 매운향솥 코스,브이스퀘어,서울 광진구 아차산로 272,브이스퀘어 → 카페호이 건대점 → 매운향솥,"음식점, 전시, 카페",브이스퀘어 건대 | 브이스퀘어 롯데시네마 | V SQUARE 건대입구 | 브이스퀘어 건대 서울 광진구 아차산로 272,https://search.naver.com/search.naver?where=image&query=%EB%B8%8C%EC%9D%B4%EC%8A%A4%ED%80%98%EC%96%B4%20%EA%B1%B4%EB%8C%80,,사진 미완료 · 수동 검색 인계
course-00616,문화역서울284 → 숭례문 → 덕수정 코스,문화역서울284,서울 중구 통일로 1,문화역서울284 → 숭례문 → 덕수정,"관광, 음식점, 전시",문화역서울284 | 문화역 서울 284 | 문화역서울 284 전시 | 문화역서울284 서울 중구 통일로 1,https://search.naver.com/search.naver?where=image&query=%EB%AC%B8%ED%99%94%EC%97%AD%EC%84%9C%EC%9A%B8284,,사진 미완료 · 수동 검색 인계
course-00617,문화역서울284 → 커피스니퍼 → 덕수궁 대한문 코스,문화역서울284,서울 중구 통일로 1,문화역서울284 → 커피스니퍼 → 덕수궁 대한문,"관광, 전시, 카페",문화역서울284 | 문화역 서울 284 | 문화역서울 284 전시 | 문화역서울284 서울 중구 통일로 1,https://search.naver.com/search.naver?where=image&query=%EB%AC%B8%ED%99%94%EC%97%AD%EC%84%9C%EC%9A%B8284,/assets/naver-courses/3bb1cf8723dc0583982bd118.jpg,검수완료
course-00618,일편등심 강남 → 무신사 스토어 강남 → 슬로우커피 코스,일편등심 강남,서울 강남구 테헤란로1길 20,일편등심 강남 → 무신사 스토어 강남 → 슬로우커피,"쇼핑, 음식점, 카페",일편등심 강남점 | 강남 일편등심 | 일편등심 테헤란로1길 20 | 일편등심 강남점 서울 강남구 테헤란로1길 20,https://search.naver.com/search.naver?where=image&query=%EC%9D%BC%ED%8E%B8%EB%93%B1%EC%8B%AC%20%EA%B0%95%EB%82%A8%EC%A0%90,/assets/naver-courses/170fda0b9be8c6dd97ff8c8d.jpg,검수완료
course-00619,신도림이도식당 → 구캔갤러리 → 그녀만의쇼핑 코스,신도림이도식당,서울 구로구 경인로 661,신도림이도식당 → 구캔갤러리 → 그녀만의쇼핑,"쇼핑, 음식점, 전시",신도림 이도식당 | 이도식당 신도림 | 이도식당 경인로 661 | 신도림 이도식당 서울 구로구 경인로 661,https://search.naver.com/search.naver?where=image&query=%EC%8B%A0%EB%8F%84%EB%A6%BC%20%EC%9D%B4%EB%8F%84%EC%8B%9D%EB%8B%B9,/assets/naver-courses/afb8a0305f56aaced866d258.jpg,검수완료
course-00620,구씨네부엌 → 스타광장 → 독수리다방 코스,구씨네부엌,,구씨네부엌 → 스타광장 → 독수리다방,"관광, 음식점, 카페","구씨네부엌 | 홍대 구씨네 부엌 | 구씨네부엌 신촌 | 홍대 구씨네부엌 피자 | 구씨네부엌 파스타 | ""구씨네부엌""",https://search.naver.com/search.naver?where=image&query=%EA%B5%AC%EC%94%A8%EB%84%A4%EB%B6%80%EC%97%8C,,사진 미완료 · 수동 검색 인계
course-00621,일편등심 강남 → 무신사 스토어 강남 → 캐논갤러리 코스,일편등심 강남,서울 강남구 테헤란로1길 20,일편등심 강남 → 무신사 스토어 강남 → 캐논갤러리,"쇼핑, 음식점, 전시",일편등심 강남점 | 강남 일편등심 | 일편등심 테헤란로1길 20 | 일편등심 강남점 서울 강남구 테헤란로1길 20,https://search.naver.com/search.naver?where=image&query=%EC%9D%BC%ED%8E%B8%EB%93%B1%EC%8B%AC%20%EA%B0%95%EB%82%A8%EC%A0%90,/assets/naver-courses/c03328f27171fb1554af34fb.jpg,검수완료
course-00622,신도림이도식당 → 구캔갤러리 → 패스드 코스,신도림이도식당,서울 구로구 경인로 661,신도림이도식당 → 구캔갤러리 → 패스드,"음식점, 전시, 카페",신도림 이도식당 | 이도식당 신도림 | 이도식당 경인로 661 | 신도림 이도식당 서울 구로구 경인로 661,https://search.naver.com/search.naver?where=image&query=%EC%8B%A0%EB%8F%84%EB%A6%BC%20%EC%9D%B4%EB%8F%84%EC%8B%9D%EB%8B%B9,/assets/naver-courses/d93ae09872144e2c41137421.jpg,검수완료
course-00623,일편등심 강남 → 서리풀푸드트럭존 → 미니말레 뢰스터리&커피바 서초교대점 코스,일편등심 강남,서울 강남구 테헤란로1길 20,일편등심 강남 → 서리풀푸드트럭존 → 미니말레 뢰스터리&커피바 서초교대점,"관광, 음식점, 카페",일편등심 강남점 | 강남 일편등심 | 일편등심 테헤란로1길 20 | 일편등심 강남점 서울 강남구 테헤란로1길 20,https://search.naver.com/search.naver?where=image&query=%EC%9D%BC%ED%8E%B8%EB%93%B1%EC%8B%AC%20%EA%B0%95%EB%82%A8%EC%A0%90,/assets/naver-courses/ad768b6f2fc9c5377035deea.jpg,검수완료
course-00624,정동전망대 → 희락갈치 → 텐스퀘어 오슬로 회현 코스,정동전망대,서울 중구 덕수궁길 15,정동전망대 → 희락갈치 → 텐스퀘어 오슬로 회현,"관광, 음식점, 카페",정동전망대 | 정동 전망대 | 정동전망대 덕수궁 | 정동전망대 서울 중구 덕수궁길 15,https://search.naver.com/search.naver?where=image&query=%EC%A0%95%EB%8F%99%EC%A0%84%EB%A7%9D%EB%8C%80,/assets/naver-courses/d0db587761f324d8c59d98a1.jpg,검수완료
course-00625,일편등심 강남 → 썸띵어바웃커피 → 더샵스앳센터필드 코스,일편등심 강남,서울 강남구 테헤란로1길 20,일편등심 강남 → 썸띵어바웃커피 → 더샵스앳센터필드,"쇼핑, 음식점, 카페",일편등심 강남점 | 강남 일편등심 | 일편등심 테헤란로1길 20 | 일편등심 강남점 서울 강남구 테헤란로1길 20,https://search.naver.com/search.naver?where=image&query=%EC%9D%BC%ED%8E%B8%EB%93%B1%EC%8B%AC%20%EA%B0%95%EB%82%A8%EC%A0%90,/assets/naver-courses/38bf7cfcd9f8ed3af94b7d94.jpg,검수완료
course-00626,구씨네부엌 → 호러스위치 → 띠아트뮤지엄 홍대 코스,구씨네부엌,,구씨네부엌 → 호러스위치 → 띠아트뮤지엄 홍대,"관광, 음식점, 전시","구씨네부엌 | 홍대 구씨네 부엌 | 구씨네부엌 신촌 | 홍대 구씨네부엌 피자 | 구씨네부엌 파스타 | ""구씨네부엌""",https://search.naver.com/search.naver?where=image&query=%EA%B5%AC%EC%94%A8%EB%84%A4%EB%B6%80%EC%97%8C,,사진 미완료 · 수동 검색 인계
course-00627,정동전망대 → 아트팩토리체험공방 코스,정동전망대,서울 중구 덕수궁길 15,정동전망대 → 아트팩토리체험공방,"관광, 체험",정동전망대 | 정동 전망대 | 정동전망대 덕수궁 | 정동전망대 서울 중구 덕수궁길 15,https://search.naver.com/search.naver?where=image&query=%EC%A0%95%EB%8F%99%EC%A0%84%EB%A7%9D%EB%8C%80,/assets/naver-courses/20995ff8747afed8d1a3f1c2.jpg,검수완료
course-00628,잠실지하광장 쇼핑센터 → BGN갤러리 롯데타워점 → 방이동먹자골목 코스,잠실지하광장 쇼핑센터,서울 송파구 잠실로 지하 156,잠실지하광장 쇼핑센터 → BGN갤러리 롯데타워점 → 방이동먹자골목,"관광, 쇼핑, 전시",잠실지하광장 쇼핑센터 | 잠실 지하광장 | 잠실지하광장 상가 | 잠실역 지하광장 | 잠실지하광장 쇼핑센터 서울 송파구 잠실로 지하 156,https://search.naver.com/search.naver?where=image&query=%EC%9E%A0%EC%8B%A4%EC%A7%80%ED%95%98%EA%B4%91%EC%9E%A5%20%EC%87%BC%ED%95%91%EC%84%BC%ED%84%B0,,사진 미완료 · 수동 검색 인계
course-00629,브이스퀘어 → 스타벅스 건국클래식점 → 매운향솥 코스,브이스퀘어,서울 광진구 아차산로 272,브이스퀘어 → 스타벅스 건국클래식점 → 매운향솥,"음식점, 전시, 카페",브이스퀘어 건대 | 브이스퀘어 롯데시네마 | V SQUARE 건대입구 | 브이스퀘어 건대 서울 광진구 아차산로 272,https://search.naver.com/search.naver?where=image&query=%EB%B8%8C%EC%9D%B4%EC%8A%A4%ED%80%98%EC%96%B4%20%EA%B1%B4%EB%8C%80,,사진 미완료 · 수동 검색 인계
course-00630,신도림이도식당 → 구캔갤러리 → 그린머그 코스,신도림이도식당,서울 구로구 경인로 661,신도림이도식당 → 구캔갤러리 → 그린머그,"음식점, 전시, 카페",신도림 이도식당 | 이도식당 신도림 | 이도식당 경인로 661 | 신도림 이도식당 서울 구로구 경인로 661,https://search.naver.com/search.naver?where=image&query=%EC%8B%A0%EB%8F%84%EB%A6%BC%20%EC%9D%B4%EB%8F%84%EC%8B%9D%EB%8B%B9,/assets/naver-courses/a8ccf0e0206741a330b5b0bb.jpg,검수완료
course-00631,노란돼지 → 아트팩토리체험공방 코스,노란돼지,서울 동작구 동작대로7길 97,노란돼지 → 아트팩토리체험공방,"음식점, 체험",노란돼지 사당 | 노란돼지 방배 | 노란돼지 동작대로7길 97 | 노란돼지 사당 서울 동작구 동작대로7길 97,https://search.naver.com/search.naver?where=image&query=%EB%85%B8%EB%9E%80%EB%8F%BC%EC%A7%80%20%EC%82%AC%EB%8B%B9,,사진 미완료 · 수동 검색 인계
course-00632,문화역서울284 → 희락갈치 → 덕수궁돌담길 코스,문화역서울284,서울 중구 통일로 1,문화역서울284 → 희락갈치 → 덕수궁돌담길,"관광, 음식점, 전시",문화역서울284 | 문화역 서울 284 | 문화역서울 284 전시 | 문화역서울284 서울 중구 통일로 1,https://search.naver.com/search.naver?where=image&query=%EB%AC%B8%ED%99%94%EC%97%AD%EC%84%9C%EC%9A%B8284,/assets/naver-courses/a50ddfc0d3e10299c7f31d76.jpg,검수완료
course-00633,잠실지하광장 쇼핑센터 → 송파나루공원 삼전도비 → 뮤지엄209 코스,잠실지하광장 쇼핑센터,서울 송파구 잠실로 지하 156,잠실지하광장 쇼핑센터 → 송파나루공원 삼전도비 → 뮤지엄209,"관광, 쇼핑, 전시",잠실지하광장 쇼핑센터 | 잠실 지하광장 | 잠실지하광장 상가 | 잠실역 지하광장 | 잠실지하광장 쇼핑센터 서울 송파구 잠실로 지하 156,https://search.naver.com/search.naver?where=image&query=%EC%9E%A0%EC%8B%A4%EC%A7%80%ED%95%98%EA%B4%91%EC%9E%A5%20%EC%87%BC%ED%95%91%EC%84%BC%ED%84%B0,,사진 미완료 · 수동 검색 인계
course-00634,잠실지하광장 쇼핑센터 → 한정선 잠실롯데월드몰점 → 피제리아라고 코스,잠실지하광장 쇼핑센터,서울 송파구 잠실로 지하 156,잠실지하광장 쇼핑센터 → 한정선 잠실롯데월드몰점 → 피제리아라고,"쇼핑, 음식점, 카페",잠실지하광장 쇼핑센터 | 잠실 지하광장 | 잠실지하광장 상가 | 잠실역 지하광장 | 잠실지하광장 쇼핑센터 서울 송파구 잠실로 지하 156,https://search.naver.com/search.naver?where=image&query=%EC%9E%A0%EC%8B%A4%EC%A7%80%ED%95%98%EA%B4%91%EC%9E%A5%20%EC%87%BC%ED%95%91%EC%84%BC%ED%84%B0,,사진 미완료 · 수동 검색 인계
course-00635,잠실지하광장 쇼핑센터 → 커넥트투 → 방이동먹자골목 코스,잠실지하광장 쇼핑센터,서울 송파구 잠실로 지하 156,잠실지하광장 쇼핑센터 → 커넥트투 → 방이동먹자골목,"관광, 쇼핑, 전시",잠실지하광장 쇼핑센터 | 잠실 지하광장 | 잠실지하광장 상가 | 잠실역 지하광장 | 잠실지하광장 쇼핑센터 서울 송파구 잠실로 지하 156,https://search.naver.com/search.naver?where=image&query=%EC%9E%A0%EC%8B%A4%EC%A7%80%ED%95%98%EA%B4%91%EC%9E%A5%20%EC%87%BC%ED%95%91%EC%84%BC%ED%84%B0,,사진 미완료 · 수동 검색 인계
course-00636,잠실지하광장 쇼핑센터 → 롯데갤러리아트홀 → 방이동먹자골목 코스,잠실지하광장 쇼핑센터,서울 송파구 잠실로 지하 156,잠실지하광장 쇼핑센터 → 롯데갤러리아트홀 → 방이동먹자골목,"관광, 쇼핑, 전시",잠실지하광장 쇼핑센터 | 잠실 지하광장 | 잠실지하광장 상가 | 잠실역 지하광장 | 잠실지하광장 쇼핑센터 서울 송파구 잠실로 지하 156,https://search.naver.com/search.naver?where=image&query=%EC%9E%A0%EC%8B%A4%EC%A7%80%ED%95%98%EA%B4%91%EC%9E%A5%20%EC%87%BC%ED%95%91%EC%84%BC%ED%84%B0,,사진 미완료 · 수동 검색 인계
course-00637,정동전망대 → 덕수정 → 담다닷컴 코스,정동전망대,서울 중구 덕수궁길 15,정동전망대 → 덕수정 → 담다닷컴,"관광, 쇼핑, 음식점",정동전망대 | 정동 전망대 | 정동전망대 덕수궁 | 정동전망대 서울 중구 덕수궁길 15,https://search.naver.com/search.naver?where=image&query=%EC%A0%95%EB%8F%99%EC%A0%84%EB%A7%9D%EB%8C%80,/assets/naver-courses/26cc012a15f63c83f32eed9c.jpg,검수완료
course-00638,일편등심 강남 → 무신사 스토어 강남 → 논현가구거리 코스,일편등심 강남,서울 강남구 테헤란로1길 20,일편등심 강남 → 무신사 스토어 강남 → 논현가구거리,"관광, 쇼핑, 음식점",일편등심 강남점 | 강남 일편등심 | 일편등심 테헤란로1길 20 | 일편등심 강남점 서울 강남구 테헤란로1길 20,https://search.naver.com/search.naver?where=image&query=%EC%9D%BC%ED%8E%B8%EB%93%B1%EC%8B%AC%20%EA%B0%95%EB%82%A8%EC%A0%90,/assets/naver-courses/07776e235d7d8dc996e658e4.jpg,검수완료
course-00639,문화역서울284 → 농민백암순대 시청직영점 → 덕수궁 코스,문화역서울284,서울 중구 통일로 1,문화역서울284 → 농민백암순대 시청직영점 → 덕수궁,"관광, 음식점, 전시",문화역서울284 | 문화역 서울 284 | 문화역서울 284 전시 | 문화역서울284 서울 중구 통일로 1,https://search.naver.com/search.naver?where=image&query=%EB%AC%B8%ED%99%94%EC%97%AD%EC%84%9C%EC%9A%B8284,/assets/naver-courses/9005beffc975202ae2115385.jpg,검수완료
course-00640,신도림이도식당 → 카페1953위드오드리 → 스페이스엑스엑스 코스,신도림이도식당,서울 구로구 경인로 661,신도림이도식당 → 카페1953위드오드리 → 스페이스엑스엑스,"음식점, 전시, 카페",신도림 이도식당 | 이도식당 신도림 | 이도식당 경인로 661 | 신도림 이도식당 서울 구로구 경인로 661,https://search.naver.com/search.naver?where=image&query=%EC%8B%A0%EB%8F%84%EB%A6%BC%20%EC%9D%B4%EB%8F%84%EC%8B%9D%EB%8B%B9,/assets/naver-courses/8d43d9fb18391e960af79794.jpg,검수완료
course-00641,구씨네부엌 → 농협경제지주 온라인사업부 → 독수리다방 코스,구씨네부엌,,구씨네부엌 → 농협경제지주 온라인사업부 → 독수리다방,"쇼핑, 음식점, 카페","구씨네부엌 | 홍대 구씨네 부엌 | 구씨네부엌 신촌 | 홍대 구씨네부엌 피자 | 구씨네부엌 파스타 | ""구씨네부엌""",https://search.naver.com/search.naver?where=image&query=%EA%B5%AC%EC%94%A8%EB%84%A4%EB%B6%80%EC%97%8C,,사진 미완료 · 수동 검색 인계
course-00642,로얄마카롱 → 스머프매직포레스트 → 해몽 코스,로얄마카롱,,로얄마카롱 → 스머프매직포레스트 → 해몽,"관광, 음식점, 카페",로얄마카롱 | 서울 로얄마카롱 | 로얄마카롱 매장,https://search.naver.com/search.naver?where=image&query=%EB%A1%9C%EC%96%84%EB%A7%88%EC%B9%B4%EB%A1%B1,/assets/naver-courses/56ee9c21bc2d67e60ec203bd.jpg,검수완료
course-00643,잠실지하광장 쇼핑센터 → 롯데갤러리아트홀 → 방이돈가 코스,잠실지하광장 쇼핑센터,서울 송파구 잠실로 지하 156,잠실지하광장 쇼핑센터 → 롯데갤러리아트홀 → 방이돈가,"쇼핑, 음식점, 전시",잠실지하광장 쇼핑센터 | 잠실 지하광장 | 잠실지하광장 상가 | 잠실역 지하광장 | 잠실지하광장 쇼핑센터 서울 송파구 잠실로 지하 156,https://search.naver.com/search.naver?where=image&query=%EC%9E%A0%EC%8B%A4%EC%A7%80%ED%95%98%EA%B4%91%EC%9E%A5%20%EC%87%BC%ED%95%91%EC%84%BC%ED%84%B0,,사진 미완료 · 수동 검색 인계
course-00644,정동전망대 → 희락갈치 → 그라운드시소 센트럴 코스,정동전망대,서울 중구 덕수궁길 15,정동전망대 → 희락갈치 → 그라운드시소 센트럴,"관광, 음식점, 전시",정동전망대 | 정동 전망대 | 정동전망대 덕수궁 | 정동전망대 서울 중구 덕수궁길 15,https://search.naver.com/search.naver?where=image&query=%EC%A0%95%EB%8F%99%EC%A0%84%EB%A7%9D%EB%8C%80,/assets/naver-courses/f7658800cb7efe994d2e7c38.jpg,검수완료
course-00645,잠실지하광장 쇼핑센터 → 에비뉴엘아트홀 → 하우피 코스,잠실지하광장 쇼핑센터,서울 송파구 잠실로 지하 156,잠실지하광장 쇼핑센터 → 에비뉴엘아트홀 → 하우피,"쇼핑, 전시, 카페",잠실지하광장 쇼핑센터 | 잠실 지하광장 | 잠실지하광장 상가 | 잠실역 지하광장 | 잠실지하광장 쇼핑센터 서울 송파구 잠실로 지하 156,https://search.naver.com/search.naver?where=image&query=%EC%9E%A0%EC%8B%A4%EC%A7%80%ED%95%98%EA%B4%91%EC%9E%A5%20%EC%87%BC%ED%95%91%EC%84%BC%ED%84%B0,,사진 미완료 · 수동 검색 인계
course-00646,문화역서울284 → 숭례문 → 전광수커피하우스 정동점 코스,문화역서울284,서울 중구 통일로 1,문화역서울284 → 숭례문 → 전광수커피하우스 정동점,"관광, 전시, 카페",문화역서울284 | 문화역 서울 284 | 문화역서울 284 전시 | 문화역서울284 서울 중구 통일로 1,https://search.naver.com/search.naver?where=image&query=%EB%AC%B8%ED%99%94%EC%97%AD%EC%84%9C%EC%9A%B8284,,사진 미완료 · 수동 검색 인계
course-00647,신도림이도식당 → 카페솔트 → 스페이스엑스엑스 코스,신도림이도식당,서울 구로구 경인로 661,신도림이도식당 → 카페솔트 → 스페이스엑스엑스,"음식점, 전시, 카페",신도림 이도식당 | 이도식당 신도림 | 이도식당 경인로 661 | 신도림 이도식당 서울 구로구 경인로 661,https://search.naver.com/search.naver?where=image&query=%EC%8B%A0%EB%8F%84%EB%A6%BC%20%EC%9D%B4%EB%8F%84%EC%8B%9D%EB%8B%B9,/assets/naver-courses/3441d77b8d03636c18e4a0e7.jpg,검수완료
course-00648,정동전망대 → 전광수커피하우스 정동점 → 담다닷컴 코스,정동전망대,서울 중구 덕수궁길 15,정동전망대 → 전광수커피하우스 정동점 → 담다닷컴,"관광, 쇼핑, 카페",정동전망대 | 정동 전망대 | 정동전망대 덕수궁 | 정동전망대 서울 중구 덕수궁길 15,https://search.naver.com/search.naver?where=image&query=%EC%A0%95%EB%8F%99%EC%A0%84%EB%A7%9D%EB%8C%80,/assets/naver-courses/8a4f2bf45f8ad4add8dab7c4.jpg,검수완료
course-00649,구씨네부엌 → 덕스(DUEX) → 홍대축제거리 코스,구씨네부엌,,구씨네부엌 → 덕스(DUEX) → 홍대축제거리,"관광, 음식점, 전시","구씨네부엌 | 홍대 구씨네 부엌 | 구씨네부엌 신촌 | 홍대 구씨네부엌 피자 | 구씨네부엌 파스타 | ""구씨네부엌""",https://search.naver.com/search.naver?where=image&query=%EA%B5%AC%EC%94%A8%EB%84%A4%EB%B6%80%EC%97%8C,,사진 미완료 · 수동 검색 인계
course-00650,잠실지하광장 쇼핑센터 → 서울스카이 → 하우피 코스,잠실지하광장 쇼핑센터,서울 송파구 잠실로 지하 156,잠실지하광장 쇼핑센터 → 서울스카이 → 하우피,"관광, 쇼핑, 카페",잠실지하광장 쇼핑센터 | 잠실 지하광장 | 잠실지하광장 상가 | 잠실역 지하광장 | 잠실지하광장 쇼핑센터 서울 송파구 잠실로 지하 156,https://search.naver.com/search.naver?where=image&query=%EC%9E%A0%EC%8B%A4%EC%A7%80%ED%95%98%EA%B4%91%EC%9E%A5%20%EC%87%BC%ED%95%91%EC%84%BC%ED%84%B0,,사진 미완료 · 수동 검색 인계
course-00651,문화역서울284 → 쌍대포 본점 → 때가이르매 숙대점 코스,문화역서울284,서울 중구 통일로 1,문화역서울284 → 쌍대포 본점 → 때가이르매 숙대점,"음식점, 전시, 카페",문화역서울284 | 문화역 서울 284 | 문화역서울 284 전시 | 문화역서울284 서울 중구 통일로 1,https://search.naver.com/search.naver?where=image&query=%EB%AC%B8%ED%99%94%EC%97%AD%EC%84%9C%EC%9A%B8284,/assets/naver-courses/e9c7deeab99201b0955986cd.jpg,검수완료
course-00652,잠실지하광장 쇼핑센터 → 넥스트뮤지엄 → 방이돈가 코스,잠실지하광장 쇼핑센터,서울 송파구 잠실로 지하 156,잠실지하광장 쇼핑센터 → 넥스트뮤지엄 → 방이돈가,"쇼핑, 음식점, 전시",잠실지하광장 쇼핑센터 | 잠실 지하광장 | 잠실지하광장 상가 | 잠실역 지하광장 | 잠실지하광장 쇼핑센터 서울 송파구 잠실로 지하 156,https://search.naver.com/search.naver?where=image&query=%EC%9E%A0%EC%8B%A4%EC%A7%80%ED%95%98%EA%B4%91%EC%9E%A5%20%EC%87%BC%ED%95%91%EC%84%BC%ED%84%B0,,사진 미완료 · 수동 검색 인계
course-00653,일편등심 강남 → 스머프매직포레스트 → 슬로우커피 코스,일편등심 강남,서울 강남구 테헤란로1길 20,일편등심 강남 → 스머프매직포레스트 → 슬로우커피,"관광, 음식점, 카페",일편등심 강남점 | 강남 일편등심 | 일편등심 테헤란로1길 20 | 일편등심 강남점 서울 강남구 테헤란로1길 20,https://search.naver.com/search.naver?where=image&query=%EC%9D%BC%ED%8E%B8%EB%93%B1%EC%8B%AC%20%EA%B0%95%EB%82%A8%EC%A0%90,,사진 미완료 · 수동 검색 인계
course-00654,만동제과 → 던던 동대문점 코스,만동제과,서울 서대문구 연희로 32,만동제과 → 던던 동대문점,"쇼핑, 음식점",만동제과 연남점 | 만동제과 홍대 | 만동제과 연희로 32 | 만동제과 연남점 서울 서대문구 연희로 32,https://search.naver.com/search.naver?where=image&query=%EB%A7%8C%EB%8F%99%EC%A0%9C%EA%B3%BC%20%EC%97%B0%EB%82%A8%EC%A0%90,,사진 미완료 · 수동 검색 인계
course-00655,로얄마카롱 → 무신사 스토어 강남 → 해몽 코스,로얄마카롱,,로얄마카롱 → 무신사 스토어 강남 → 해몽,"쇼핑, 음식점, 카페",로얄마카롱 | 서울 로얄마카롱 | 로얄마카롱 매장,https://search.naver.com/search.naver?where=image&query=%EB%A1%9C%EC%96%84%EB%A7%88%EC%B9%B4%EB%A1%B1,/assets/naver-courses/ee9b9118693773431b12024b.jpg,검수완료
course-00656,일편등심 강남 → 서리풀푸드트럭존 → 더샵스앳센터필드 코스,일편등심 강남,서울 강남구 테헤란로1길 20,일편등심 강남 → 서리풀푸드트럭존 → 더샵스앳센터필드,"관광, 쇼핑, 음식점",일편등심 강남점 | 강남 일편등심 | 일편등심 테헤란로1길 20 | 일편등심 강남점 서울 강남구 테헤란로1길 20,https://search.naver.com/search.naver?where=image&query=%EC%9D%BC%ED%8E%B8%EB%93%B1%EC%8B%AC%20%EA%B0%95%EB%82%A8%EC%A0%90,/assets/naver-courses/875b7e4950ff22406e156ec9.jpg,검수완료
course-00657,잠실지하광장 쇼핑센터 → 그림제작소 → 방이돈가 코스,잠실지하광장 쇼핑센터,서울 송파구 잠실로 지하 156,잠실지하광장 쇼핑센터 → 그림제작소 → 방이돈가,"쇼핑, 음식점, 카페",잠실지하광장 쇼핑센터 | 잠실 지하광장 | 잠실지하광장 상가 | 잠실역 지하광장 | 잠실지하광장 쇼핑센터 서울 송파구 잠실로 지하 156,https://search.naver.com/search.naver?where=image&query=%EC%9E%A0%EC%8B%A4%EC%A7%80%ED%95%98%EA%B4%91%EC%9E%A5%20%EC%87%BC%ED%95%91%EC%84%BC%ED%84%B0,,사진 미완료 · 수동 검색 인계
course-00658,신도림이도식당 → 도림천 → 그녀만의쇼핑 코스,신도림이도식당,서울 구로구 경인로 661,신도림이도식당 → 도림천 → 그녀만의쇼핑,"관광, 쇼핑, 음식점",신도림 이도식당 | 이도식당 신도림 | 이도식당 경인로 661 | 신도림 이도식당 서울 구로구 경인로 661,https://search.naver.com/search.naver?where=image&query=%EC%8B%A0%EB%8F%84%EB%A6%BC%20%EC%9D%B4%EB%8F%84%EC%8B%9D%EB%8B%B9,/assets/naver-courses/a041005d7361e51698ae454a.jpg,검수완료
course-00659,일편등심 강남 → 서리풀푸드트럭존 → 갤러리라보 코스,일편등심 강남,서울 강남구 테헤란로1길 20,일편등심 강남 → 서리풀푸드트럭존 → 갤러리라보,"관광, 음식점, 전시",일편등심 강남점 | 강남 일편등심 | 일편등심 테헤란로1길 20 | 일편등심 강남점 서울 강남구 테헤란로1길 20,https://search.naver.com/search.naver?where=image&query=%EC%9D%BC%ED%8E%B8%EB%93%B1%EC%8B%AC%20%EA%B0%95%EB%82%A8%EC%A0%90,/assets/naver-courses/3638605416cf8d3d5ca13049.jpg,검수완료
course-00660,잠실지하광장 쇼핑센터 → 롯데갤러리아트홀 → 아키비스트 송파점 코스,잠실지하광장 쇼핑센터,서울 송파구 잠실로 지하 156,잠실지하광장 쇼핑센터 → 롯데갤러리아트홀 → 아키비스트 송파점,"쇼핑, 전시, 카페",잠실지하광장 쇼핑센터 | 잠실 지하광장 | 잠실지하광장 상가 | 잠실역 지하광장 | 잠실지하광장 쇼핑센터 서울 송파구 잠실로 지하 156,https://search.naver.com/search.naver?where=image&query=%EC%9E%A0%EC%8B%A4%EC%A7%80%ED%95%98%EA%B4%91%EC%9E%A5%20%EC%87%BC%ED%95%91%EC%84%BC%ED%84%B0,,사진 미완료 · 수동 검색 인계
course-00661,일편등심 강남 → 블루보틀 역삼카페 → 논현가구거리 코스,일편등심 강남,서울 강남구 테헤란로1길 20,일편등심 강남 → 블루보틀 역삼카페 → 논현가구거리,"관광, 음식점, 카페",일편등심 강남점 | 강남 일편등심 | 일편등심 테헤란로1길 20 | 일편등심 강남점 서울 강남구 테헤란로1길 20,https://search.naver.com/search.naver?where=image&query=%EC%9D%BC%ED%8E%B8%EB%93%B1%EC%8B%AC%20%EA%B0%95%EB%82%A8%EC%A0%90,/assets/naver-courses/061f345f2c5ab696a01e62f5.jpg,검수완료
course-00662,구씨네부엌 → 홍대갤러리 키르큐펠 → 홍대축제거리 코스,구씨네부엌,,구씨네부엌 → 홍대갤러리 키르큐펠 → 홍대축제거리,"관광, 음식점, 전시","구씨네부엌 | 홍대 구씨네 부엌 | 구씨네부엌 신촌 | 홍대 구씨네부엌 피자 | 구씨네부엌 파스타 | ""구씨네부엌""",https://search.naver.com/search.naver?where=image&query=%EA%B5%AC%EC%94%A8%EB%84%A4%EB%B6%80%EC%97%8C,,사진 미완료 · 수동 검색 인계
course-00663,구씨네부엌 → 덕스(DUEX) → 홍대클럽거리 코스,구씨네부엌,,구씨네부엌 → 덕스(DUEX) → 홍대클럽거리,"관광, 음식점, 전시","구씨네부엌 | 홍대 구씨네 부엌 | 구씨네부엌 신촌 | 홍대 구씨네부엌 피자 | 구씨네부엌 파스타 | ""구씨네부엌""",https://search.naver.com/search.naver?where=image&query=%EA%B5%AC%EC%94%A8%EB%84%A4%EB%B6%80%EC%97%8C,,사진 미완료 · 수동 검색 인계
course-00664,문화역서울284 → 정동전망대 → 덕수정 코스,문화역서울284,서울 중구 통일로 1,문화역서울284 → 정동전망대 → 덕수정,"관광, 음식점, 전시",문화역서울284 | 문화역 서울 284 | 문화역서울 284 전시 | 문화역서울284 서울 중구 통일로 1,https://search.naver.com/search.naver?where=image&query=%EB%AC%B8%ED%99%94%EC%97%AD%EC%84%9C%EC%9A%B8284,/assets/naver-courses/1ca85831b449b1213667f9ed.jpg,검수완료
course-00665,잠실지하광장 쇼핑센터 → 뮤지엄209 → 그림제작소 코스,잠실지하광장 쇼핑센터,서울 송파구 잠실로 지하 156,잠실지하광장 쇼핑센터 → 뮤지엄209 → 그림제작소,"쇼핑, 전시, 카페",잠실지하광장 쇼핑센터 | 잠실 지하광장 | 잠실지하광장 상가 | 잠실역 지하광장 | 잠실지하광장 쇼핑센터 서울 송파구 잠실로 지하 156,https://search.naver.com/search.naver?where=image&query=%EC%9E%A0%EC%8B%A4%EC%A7%80%ED%95%98%EA%B4%91%EC%9E%A5%20%EC%87%BC%ED%95%91%EC%84%BC%ED%84%B0,,사진 미완료 · 수동 검색 인계
course-00666,잠실지하광장 쇼핑센터 → BGN갤러리 롯데타워점 → 스타벅스 석촌호수점 코스,잠실지하광장 쇼핑센터,서울 송파구 잠실로 지하 156,잠실지하광장 쇼핑센터 → BGN갤러리 롯데타워점 → 스타벅스 석촌호수점,"쇼핑, 전시, 카페",잠실지하광장 쇼핑센터 | 잠실 지하광장 | 잠실지하광장 상가 | 잠실역 지하광장 | 잠실지하광장 쇼핑센터 서울 송파구 잠실로 지하 156,https://search.naver.com/search.naver?where=image&query=%EC%9E%A0%EC%8B%A4%EC%A7%80%ED%95%98%EA%B4%91%EC%9E%A5%20%EC%87%BC%ED%95%91%EC%84%BC%ED%84%B0,,사진 미완료 · 수동 검색 인계
course-00667,잠실지하광장 쇼핑센터 → BGN갤러리 롯데타워점 → 방이돈가 코스,잠실지하광장 쇼핑센터,서울 송파구 잠실로 지하 156,잠실지하광장 쇼핑센터 → BGN갤러리 롯데타워점 → 방이돈가,"쇼핑, 음식점, 전시",잠실지하광장 쇼핑센터 | 잠실 지하광장 | 잠실지하광장 상가 | 잠실역 지하광장 | 잠실지하광장 쇼핑센터 서울 송파구 잠실로 지하 156,https://search.naver.com/search.naver?where=image&query=%EC%9E%A0%EC%8B%A4%EC%A7%80%ED%95%98%EA%B4%91%EC%9E%A5%20%EC%87%BC%ED%95%91%EC%84%BC%ED%84%B0,,사진 미완료 · 수동 검색 인계
course-00668,잠실지하광장 쇼핑센터 → 송파나루공원 삼전도비 → 하우피 코스,잠실지하광장 쇼핑센터,서울 송파구 잠실로 지하 156,잠실지하광장 쇼핑센터 → 송파나루공원 삼전도비 → 하우피,"관광, 쇼핑, 카페",잠실지하광장 쇼핑센터 | 잠실 지하광장 | 잠실지하광장 상가 | 잠실역 지하광장 | 잠실지하광장 쇼핑센터 서울 송파구 잠실로 지하 156,https://search.naver.com/search.naver?where=image&query=%EC%9E%A0%EC%8B%A4%EC%A7%80%ED%95%98%EA%B4%91%EC%9E%A5%20%EC%87%BC%ED%95%91%EC%84%BC%ED%84%B0,,사진 미완료 · 수동 검색 인계
course-00669,갓잇 문래점 → 조양관 코스,갓잇 문래점,서울 영등포구 경인로77길 14,갓잇 문래점 → 조양관,음식점,갓잇 문래점 | 문래 갓잇 | 갓잇 경인로77길 14 | 갓잇 문래점 서울 영등포구 경인로77길 14,https://search.naver.com/search.naver?where=image&query=%EA%B0%93%EC%9E%87%20%EB%AC%B8%EB%9E%98%EC%A0%90,/assets/naver-courses/9baaf498d49b8d85f201e4e9.jpg,검수완료
course-00670,태양커피 서울사당점 → 사당1동먹자골목상점가 → 파스텔시티 코스,태양커피 서울사당점,서울 서초구 방배천로 32,태양커피 서울사당점 → 사당1동먹자골목상점가 → 파스텔시티,"관광, 쇼핑, 카페",태양커피 사당점 | 사당 태양커피 | 태양커피 방배천로 32 | 태양커피 사당점 서울 서초구 방배천로 32,https://search.naver.com/search.naver?where=image&query=%ED%83%9C%EC%96%91%EC%BB%A4%ED%94%BC%20%EC%82%AC%EB%8B%B9%EC%A0%90,/assets/naver-courses/b7c1fb0c6ba903830ba31bfb.jpg,검수완료
course-00671,브이스퀘어 → 훈춘양꼬치 1호점 → 카페드라이 코스,브이스퀘어,서울 광진구 아차산로 272,브이스퀘어 → 훈춘양꼬치 1호점 → 카페드라이,"음식점, 전시, 카페",브이스퀘어 건대 | 브이스퀘어 롯데시네마 | V SQUARE 건대입구 | 브이스퀘어 건대 서울 광진구 아차산로 272,https://search.naver.com/search.naver?where=image&query=%EB%B8%8C%EC%9D%B4%EC%8A%A4%ED%80%98%EC%96%B4%20%EA%B1%B4%EB%8C%80,,사진 미완료 · 수동 검색 인계
course-00672,타이파 → 현대수산 코스,타이파,서울 성동구 마조로 24,타이파 → 현대수산,"음식점, 카페",왕십리 타이파 | 한양대 타이파 | 타이파 마조로 24 | 왕십리 타이파 서울 성동구 마조로 24,https://search.naver.com/search.naver?where=image&query=%EC%99%95%EC%8B%AD%EB%A6%AC%20%ED%83%80%EC%9D%B4%ED%8C%8C,/assets/naver-courses/f49fe95a16f7f21ad4c0151b.jpg,검수완료
course-00673,잠실지하광장 쇼핑센터 → 롯데갤러리아트홀 → 석촌호수 서호 코스,잠실지하광장 쇼핑센터,서울 송파구 잠실로 지하 156,잠실지하광장 쇼핑센터 → 롯데갤러리아트홀 → 석촌호수 서호,"관광, 쇼핑, 전시",잠실지하광장 쇼핑센터 | 잠실 지하광장 | 잠실지하광장 상가 | 잠실역 지하광장 | 잠실지하광장 쇼핑센터 서울 송파구 잠실로 지하 156,https://search.naver.com/search.naver?where=image&query=%EC%9E%A0%EC%8B%A4%EC%A7%80%ED%95%98%EA%B4%91%EC%9E%A5%20%EC%87%BC%ED%95%91%EC%84%BC%ED%84%B0,,사진 미완료 · 수동 검색 인계
course-00674,갓잇 문래점 → 카페솔트 → 스페이스엑스엑스 코스,갓잇 문래점,서울 영등포구 경인로77길 14,갓잇 문래점 → 카페솔트 → 스페이스엑스엑스,"음식점, 전시, 카페",갓잇 문래점 | 문래 갓잇 | 갓잇 경인로77길 14 | 갓잇 문래점 서울 영등포구 경인로77길 14,https://search.naver.com/search.naver?where=image&query=%EA%B0%93%EC%9E%87%20%EB%AC%B8%EB%9E%98%EC%A0%90,/assets/naver-courses/0b5fcc4329874d78dde485c6.jpg,검수완료
course-00675,커넥트투 → 롯데월드타워&롯데월드몰 → 송파나루공원 삼전도비 코스,커넥트투,서울 송파구 올림픽로 300,커넥트투 → 롯데월드타워&롯데월드몰 → 송파나루공원 삼전도비,"관광, 쇼핑, 전시",커넥트투 잠실 | 커넥트투 롯데월드몰 | CONNECT TO 잠실 | 커넥트투 잠실 서울 송파구 올림픽로 300,https://search.naver.com/search.naver?where=image&query=%EC%BB%A4%EB%84%A5%ED%8A%B8%ED%88%AC%20%EC%9E%A0%EC%8B%A4,/assets/naver-courses/83d7eca48e809ca961c07422.jpg,검수완료
course-00676,로얄마카롱 → 이바인체험샵 → 열 코스,로얄마카롱,,로얄마카롱 → 이바인체험샵 → 열,"쇼핑, 음식점, 카페",로얄마카롱 | 서울 로얄마카롱 | 로얄마카롱 매장,https://search.naver.com/search.naver?where=image&query=%EB%A1%9C%EC%96%84%EB%A7%88%EC%B9%B4%EB%A1%B1,,사진 미완료 · 수동 검색 인계
course-00677,로얄마카롱 → 서리풀푸드트럭존 → 조양관 코스,로얄마카롱,,로얄마카롱 → 서리풀푸드트럭존 → 조양관,"관광, 음식점, 카페",로얄마카롱 | 서울 로얄마카롱 | 로얄마카롱 매장,https://search.naver.com/search.naver?where=image&query=%EB%A1%9C%EC%96%84%EB%A7%88%EC%B9%B4%EB%A1%B1,/assets/naver-courses/5e1cfcbdb6d142c2a51688cb.jpg,검수완료
course-00678,그라운드시소 센트럴 → 숭례문 → 텐스퀘어 오슬로 회현 코스,그라운드시소 센트럴,서울 중구 세종대로 14,그라운드시소 센트럴 → 숭례문 → 텐스퀘어 오슬로 회현,"관광, 전시, 카페",그라운드시소 센트럴 | 센트럴 그라운드시소 | 그라운드시소 센트럴 전시 | 그라운드시소 센트럴 서울 중구 세종대로 14,https://search.naver.com/search.naver?where=image&query=%EA%B7%B8%EB%9D%BC%EC%9A%B4%EB%93%9C%EC%8B%9C%EC%86%8C%20%EC%84%BC%ED%8A%B8%EB%9F%B4,,사진 미완료 · 수동 검색 인계
course-00679,잠실지하광장 쇼핑센터 → 커넥트투 → 그림제작소 코스,잠실지하광장 쇼핑센터,서울 송파구 잠실로 지하 156,잠실지하광장 쇼핑센터 → 커넥트투 → 그림제작소,"쇼핑, 전시, 카페",잠실지하광장 쇼핑센터 | 잠실 지하광장 | 잠실지하광장 상가 | 잠실역 지하광장 | 잠실지하광장 쇼핑센터 서울 송파구 잠실로 지하 156,https://search.naver.com/search.naver?where=image&query=%EC%9E%A0%EC%8B%A4%EC%A7%80%ED%95%98%EA%B4%91%EC%9E%A5%20%EC%87%BC%ED%95%91%EC%84%BC%ED%84%B0,,사진 미완료 · 수동 검색 인계
course-00680,신도림이도식당 → 아도 티하우스 → 스페이스엑스엑스 코스,신도림이도식당,서울 구로구 경인로 661,신도림이도식당 → 아도 티하우스 → 스페이스엑스엑스,"음식점, 전시, 카페",신도림 이도식당 | 이도식당 신도림 | 이도식당 경인로 661 | 신도림 이도식당 서울 구로구 경인로 661,https://search.naver.com/search.naver?where=image&query=%EC%8B%A0%EB%8F%84%EB%A6%BC%20%EC%9D%B4%EB%8F%84%EC%8B%9D%EB%8B%B9,/assets/naver-courses/e2e3a8520405fda2c2e030b9.jpg,검수완료
course-00681,노란돼지 → 카페 미토 → 이수역꼬치거리 코스,노란돼지,서울 동작구 동작대로7길 97,노란돼지 → 카페 미토 → 이수역꼬치거리,"관광, 음식점, 카페",노란돼지 사당 | 노란돼지 방배 | 노란돼지 동작대로7길 97 | 노란돼지 사당 서울 동작구 동작대로7길 97,https://search.naver.com/search.naver?where=image&query=%EB%85%B8%EB%9E%80%EB%8F%BC%EC%A7%80%20%EC%82%AC%EB%8B%B9,,사진 미완료 · 수동 검색 인계
course-00682,문화역서울284 → 희락갈치 → 백범광장 코스,문화역서울284,서울 중구 통일로 1,문화역서울284 → 희락갈치 → 백범광장,"관광, 음식점, 전시",문화역서울284 | 문화역 서울 284 | 문화역서울 284 전시 | 문화역서울284 서울 중구 통일로 1,https://search.naver.com/search.naver?where=image&query=%EB%AC%B8%ED%99%94%EC%97%AD%EC%84%9C%EC%9A%B8284,/assets/naver-courses/3fcf29963fecf1e878e206b5.jpg,검수완료
course-00683,그라운드시소 센트럴 → 남대문갈치조림골목 → 애성회관 코스,그라운드시소 센트럴,서울 중구 세종대로 14,그라운드시소 센트럴 → 남대문갈치조림골목 → 애성회관,"관광, 음식점, 전시",그라운드시소 센트럴 | 센트럴 그라운드시소 | 그라운드시소 센트럴 전시 | 그라운드시소 센트럴 서울 중구 세종대로 14,https://search.naver.com/search.naver?where=image&query=%EA%B7%B8%EB%9D%BC%EC%9A%B4%EB%93%9C%EC%8B%9C%EC%86%8C%20%EC%84%BC%ED%8A%B8%EB%9F%B4,/assets/naver-courses/ee175d7ad5599b32b42bb019.jpg,검수완료
course-00684,문화역서울284 → 정동전망대 → 전광수커피하우스 정동점 코스,문화역서울284,서울 중구 통일로 1,문화역서울284 → 정동전망대 → 전광수커피하우스 정동점,"관광, 전시, 카페",문화역서울284 | 문화역 서울 284 | 문화역서울 284 전시 | 문화역서울284 서울 중구 통일로 1,https://search.naver.com/search.naver?where=image&query=%EB%AC%B8%ED%99%94%EC%97%AD%EC%84%9C%EC%9A%B8284,/assets/naver-courses/27616fd961063dddc7065d5b.jpg,검수완료
course-00685,문화역서울284 → 비에이글 → 한옥집김치찜 서대문본점 코스,문화역서울284,서울 중구 통일로 1,문화역서울284 → 비에이글 → 한옥집김치찜 서대문본점,"음식점, 전시, 카페",문화역서울284 | 문화역 서울 284 | 문화역서울 284 전시 | 문화역서울284 서울 중구 통일로 1,https://search.naver.com/search.naver?where=image&query=%EB%AC%B8%ED%99%94%EC%97%AD%EC%84%9C%EC%9A%B8284,/assets/naver-courses/e8d1a963ec4ca4267c72067f.jpg,검수완료
course-00686,구씨네부엌 → 홍대걷고싶은거리 → 더마틴 코스,구씨네부엌,,구씨네부엌 → 홍대걷고싶은거리 → 더마틴,"관광, 음식점, 카페","구씨네부엌 | 홍대 구씨네 부엌 | 구씨네부엌 신촌 | 홍대 구씨네부엌 피자 | 구씨네부엌 파스타 | ""구씨네부엌""",https://search.naver.com/search.naver?where=image&query=%EA%B5%AC%EC%94%A8%EB%84%A4%EB%B6%80%EC%97%8C,,사진 미완료 · 수동 검색 인계
course-00687,만동제과 → WP → 고원 연희 코스,만동제과,서울 서대문구 연희로 32,만동제과 → WP → 고원 연희,"음식점, 전시, 카페",만동제과 연남점 | 만동제과 홍대 | 만동제과 연희로 32 | 만동제과 연남점 서울 서대문구 연희로 32,https://search.naver.com/search.naver?where=image&query=%EB%A7%8C%EB%8F%99%EC%A0%9C%EA%B3%BC%20%EC%97%B0%EB%82%A8%EC%A0%90,/assets/naver-courses/97b38664b1c4a1f8f79a035c.jpg,검수완료
course-00688,잠실지하광장 쇼핑센터 → 뮤지엄209 → 방이돈가 코스,잠실지하광장 쇼핑센터,서울 송파구 잠실로 지하 156,잠실지하광장 쇼핑센터 → 뮤지엄209 → 방이돈가,"쇼핑, 음식점, 전시",잠실지하광장 쇼핑센터 | 잠실 지하광장 | 잠실지하광장 상가 | 잠실역 지하광장 | 잠실지하광장 쇼핑센터 서울 송파구 잠실로 지하 156,https://search.naver.com/search.naver?where=image&query=%EC%9E%A0%EC%8B%A4%EC%A7%80%ED%95%98%EA%B4%91%EC%9E%A5%20%EC%87%BC%ED%95%91%EC%84%BC%ED%84%B0,,사진 미완료 · 수동 검색 인계
course-00689,일편등심 강남 → 스머프매직포레스트 → 더샵스앳센터필드 코스,일편등심 강남,서울 강남구 테헤란로1길 20,일편등심 강남 → 스머프매직포레스트 → 더샵스앳센터필드,"관광, 쇼핑, 음식점",일편등심 강남점 | 강남 일편등심 | 일편등심 테헤란로1길 20 | 일편등심 강남점 서울 강남구 테헤란로1길 20,https://search.naver.com/search.naver?where=image&query=%EC%9D%BC%ED%8E%B8%EB%93%B1%EC%8B%AC%20%EA%B0%95%EB%82%A8%EC%A0%90,/assets/naver-courses/434747cdb7364e7586a35782.jpg,검수완료
course-00690,일편등심 강남 → 이바인체험샵 → 아펜즈커피 서초교대역점 코스,일편등심 강남,서울 강남구 테헤란로1길 20,일편등심 강남 → 이바인체험샵 → 아펜즈커피 서초교대역점,"쇼핑, 음식점, 카페",일편등심 강남점 | 강남 일편등심 | 일편등심 테헤란로1길 20 | 일편등심 강남점 서울 강남구 테헤란로1길 20,https://search.naver.com/search.naver?where=image&query=%EC%9D%BC%ED%8E%B8%EB%93%B1%EC%8B%AC%20%EA%B0%95%EB%82%A8%EC%A0%90,,사진 미완료 · 수동 검색 인계
course-00691,그라운드시소 센트럴 → 남대문칼국수골목 → 금성관 코스,그라운드시소 센트럴,서울 중구 세종대로 14,그라운드시소 센트럴 → 남대문칼국수골목 → 금성관,"관광, 음식점, 전시",그라운드시소 센트럴 | 센트럴 그라운드시소 | 그라운드시소 센트럴 전시 | 그라운드시소 센트럴 서울 중구 세종대로 14,https://search.naver.com/search.naver?where=image&query=%EA%B7%B8%EB%9D%BC%EC%9A%B4%EB%93%9C%EC%8B%9C%EC%86%8C%20%EC%84%BC%ED%8A%B8%EB%9F%B4,,사진 미완료 · 수동 검색 인계
course-00692,아트팩토리체험공방 → 성수동갈비골목 → 성수베이킹스튜디오 코스,아트팩토리체험공방,서울 성동구 왕십리로 241,아트팩토리체험공방 → 성수동갈비골목 → 성수베이킹스튜디오,"관광, 음식점, 체험",아트팩토리 체험공방 | 아트팩토리 왕십리 | 아트팩토리 왕십리로 241 | 아트팩토리 체험공방 서울 성동구 왕십리로 241,https://search.naver.com/search.naver?where=image&query=%EC%95%84%ED%8A%B8%ED%8C%A9%ED%86%A0%EB%A6%AC%20%EC%B2%B4%ED%97%98%EA%B3%B5%EB%B0%A9,,사진 미완료 · 수동 검색 인계
course-00693,그라운드시소 센트럴 → 이이네 → 쇼핑하는사람들 코스,그라운드시소 센트럴,서울 중구 세종대로 14,그라운드시소 센트럴 → 이이네 → 쇼핑하는사람들,"쇼핑, 음식점, 전시",그라운드시소 센트럴 | 센트럴 그라운드시소 | 그라운드시소 센트럴 전시 | 그라운드시소 센트럴 서울 중구 세종대로 14,https://search.naver.com/search.naver?where=image&query=%EA%B7%B8%EB%9D%BC%EC%9A%B4%EB%93%9C%EC%8B%9C%EC%86%8C%20%EC%84%BC%ED%8A%B8%EB%9F%B4,,사진 미완료 · 수동 검색 인계
course-00694,노란돼지 → 머치커피 → 이수역꼬치거리 코스,노란돼지,서울 동작구 동작대로7길 97,노란돼지 → 머치커피 → 이수역꼬치거리,"관광, 음식점, 카페",노란돼지 사당 | 노란돼지 방배 | 노란돼지 동작대로7길 97 | 노란돼지 사당 서울 동작구 동작대로7길 97,https://search.naver.com/search.naver?where=image&query=%EB%85%B8%EB%9E%80%EB%8F%BC%EC%A7%80%20%EC%82%AC%EB%8B%B9,,사진 미완료 · 수동 검색 인계
course-00695,문화역서울284 → 덕수정 → 덕수궁돌담길 코스,문화역서울284,서울 중구 통일로 1,문화역서울284 → 덕수정 → 덕수궁돌담길,"관광, 음식점, 전시",문화역서울284 | 문화역 서울 284 | 문화역서울 284 전시 | 문화역서울284 서울 중구 통일로 1,https://search.naver.com/search.naver?where=image&query=%EB%AC%B8%ED%99%94%EC%97%AD%EC%84%9C%EC%9A%B8284,/assets/naver-courses/6ec520f0606e5e540c559d41.jpg,검수완료
course-00696,잠실지하광장 쇼핑센터 → 넥스트뮤지엄 → 아키비스트 송파점 코스,잠실지하광장 쇼핑센터,서울 송파구 잠실로 지하 156,잠실지하광장 쇼핑센터 → 넥스트뮤지엄 → 아키비스트 송파점,"쇼핑, 전시, 카페",잠실지하광장 쇼핑센터 | 잠실 지하광장 | 잠실지하광장 상가 | 잠실역 지하광장 | 잠실지하광장 쇼핑센터 서울 송파구 잠실로 지하 156,https://search.naver.com/search.naver?where=image&query=%EC%9E%A0%EC%8B%A4%EC%A7%80%ED%95%98%EA%B4%91%EC%9E%A5%20%EC%87%BC%ED%95%91%EC%84%BC%ED%84%B0,,사진 미완료 · 수동 검색 인계
course-00697,아트팩토리체험공방 → 서울숲카페거리 → 성수베이킹스튜디오 코스,아트팩토리체험공방,서울 성동구 왕십리로 241,아트팩토리체험공방 → 서울숲카페거리 → 성수베이킹스튜디오,"음식점, 체험, 카페",아트팩토리 체험공방 | 아트팩토리 왕십리 | 아트팩토리 왕십리로 241 | 아트팩토리 체험공방 서울 성동구 왕십리로 241,https://search.naver.com/search.naver?where=image&query=%EC%95%84%ED%8A%B8%ED%8C%A9%ED%86%A0%EB%A6%AC%20%EC%B2%B4%ED%97%98%EA%B3%B5%EB%B0%A9,,사진 미완료 · 수동 검색 인계
course-00698,문화역서울284 → 백범광장 → 목멱산방 남산타워점 코스,문화역서울284,서울 중구 통일로 1,문화역서울284 → 백범광장 → 목멱산방 남산타워점,"관광, 음식점, 전시",문화역서울284 | 문화역 서울 284 | 문화역서울 284 전시 | 문화역서울284 서울 중구 통일로 1,https://search.naver.com/search.naver?where=image&query=%EB%AC%B8%ED%99%94%EC%97%AD%EC%84%9C%EC%9A%B8284,/assets/naver-courses/260e4978e012e39e09445467.jpg,검수완료
course-00699,문화역서울284 → 스타벅스 충정로역점 → 한옥집김치찜 서대문본점 코스,문화역서울284,서울 중구 통일로 1,문화역서울284 → 스타벅스 충정로역점 → 한옥집김치찜 서대문본점,"음식점, 전시, 카페",문화역서울284 | 문화역 서울 284 | 문화역서울 284 전시 | 문화역서울284 서울 중구 통일로 1,https://search.naver.com/search.naver?where=image&query=%EB%AC%B8%ED%99%94%EC%97%AD%EC%84%9C%EC%9A%B8284,/assets/naver-courses/b2d0623793673bdcb4efe887.jpg,검수완료
course-00700,노란돼지 → 그루타 → 이수역꼬치거리 코스,노란돼지,서울 동작구 동작대로7길 97,노란돼지 → 그루타 → 이수역꼬치거리,"관광, 음식점, 카페",노란돼지 사당 | 노란돼지 방배 | 노란돼지 동작대로7길 97 | 노란돼지 사당 서울 동작구 동작대로7길 97,https://search.naver.com/search.naver?where=image&query=%EB%85%B8%EB%9E%80%EB%8F%BC%EC%A7%80%20%EC%82%AC%EB%8B%B9,,사진 미완료 · 수동 검색 인계
course-00701,신도림이도식당 → 콘피 → MKSHOPPING(엠케이쇼핑) 코스,신도림이도식당,서울 구로구 경인로 661,신도림이도식당 → 콘피 → MKSHOPPING(엠케이쇼핑),"쇼핑, 음식점, 카페",신도림 이도식당 | 이도식당 신도림 | 이도식당 경인로 661 | 신도림 이도식당 서울 구로구 경인로 661,https://search.naver.com/search.naver?where=image&query=%EC%8B%A0%EB%8F%84%EB%A6%BC%20%EC%9D%B4%EB%8F%84%EC%8B%9D%EB%8B%B9,/assets/naver-courses/0dea99fbb8674e3adde3fcbc.jpg,검수완료
course-00702,아트팩토리체험공방 → 정동전망대 코스,아트팩토리체험공방,서울 성동구 왕십리로 241,아트팩토리체험공방 → 정동전망대,"관광, 체험",아트팩토리 체험공방 | 아트팩토리 왕십리 | 아트팩토리 왕십리로 241 | 아트팩토리 체험공방 서울 성동구 왕십리로 241,https://search.naver.com/search.naver?where=image&query=%EC%95%84%ED%8A%B8%ED%8C%A9%ED%86%A0%EB%A6%AC%20%EC%B2%B4%ED%97%98%EA%B3%B5%EB%B0%A9,,사진 미완료 · 수동 검색 인계
course-00703,브이스퀘어 → 육일관 본점 → 앤시넌 코스,브이스퀘어,서울 광진구 아차산로 272,브이스퀘어 → 육일관 본점 → 앤시넌,"음식점, 전시, 카페",브이스퀘어 건대 | 브이스퀘어 롯데시네마 | V SQUARE 건대입구 | 브이스퀘어 건대 서울 광진구 아차산로 272,https://search.naver.com/search.naver?where=image&query=%EB%B8%8C%EC%9D%B4%EC%8A%A4%ED%80%98%EC%96%B4%20%EA%B1%B4%EB%8C%80,,사진 미완료 · 수동 검색 인계
course-00704,일편등심 강남 → 루프808 → 캐논갤러리 코스,일편등심 강남,서울 강남구 테헤란로1길 20,일편등심 강남 → 루프808 → 캐논갤러리,"음식점, 전시, 카페",일편등심 강남점 | 강남 일편등심 | 일편등심 테헤란로1길 20 | 일편등심 강남점 서울 강남구 테헤란로1길 20,https://search.naver.com/search.naver?where=image&query=%EC%9D%BC%ED%8E%B8%EB%93%B1%EC%8B%AC%20%EA%B0%95%EB%82%A8%EC%A0%90,/assets/naver-courses/43126c55a2aa31ca74017e46.jpg,검수완료
course-00705,로얄마카롱 → 성동 AI미래기술체험센터 코스,로얄마카롱,,로얄마카롱 → 성동 AI미래기술체험센터,"체험, 카페",로얄마카롱 | 서울 로얄마카롱 | 로얄마카롱 매장,https://search.naver.com/search.naver?where=image&query=%EB%A1%9C%EC%96%84%EB%A7%88%EC%B9%B4%EB%A1%B1,/assets/naver-courses/256c8280dcc65bcb509484f8.jpg,검수완료
course-00706,잠실지하광장 쇼핑센터 → 석촌호수 서호 → 청와옥 석촌호수점 코스,잠실지하광장 쇼핑센터,서울 송파구 잠실로 지하 156,잠실지하광장 쇼핑센터 → 석촌호수 서호 → 청와옥 석촌호수점,"관광, 쇼핑, 음식점",잠실지하광장 쇼핑센터 | 잠실 지하광장 | 잠실지하광장 상가 | 잠실역 지하광장 | 잠실지하광장 쇼핑센터 서울 송파구 잠실로 지하 156,https://search.naver.com/search.naver?where=image&query=%EC%9E%A0%EC%8B%A4%EC%A7%80%ED%95%98%EA%B4%91%EC%9E%A5%20%EC%87%BC%ED%95%91%EC%84%BC%ED%84%B0,,사진 미완료 · 수동 검색 인계
course-00707,일편등심 강남 → 스머프매직포레스트 → 수목금토카페 코스,일편등심 강남,서울 강남구 테헤란로1길 20,일편등심 강남 → 스머프매직포레스트 → 수목금토카페,"관광, 음식점, 카페",일편등심 강남점 | 강남 일편등심 | 일편등심 테헤란로1길 20 | 일편등심 강남점 서울 강남구 테헤란로1길 20,https://search.naver.com/search.naver?where=image&query=%EC%9D%BC%ED%8E%B8%EB%93%B1%EC%8B%AC%20%EA%B0%95%EB%82%A8%EC%A0%90,/assets/naver-courses/1aa3baa6acff2bdf42394306.jpg,검수완료
course-00708,문화역서울284 → 전광수커피하우스 정동점 → 덕수궁돌담길 코스,문화역서울284,서울 중구 통일로 1,문화역서울284 → 전광수커피하우스 정동점 → 덕수궁돌담길,"관광, 전시, 카페",문화역서울284 | 문화역 서울 284 | 문화역서울 284 전시 | 문화역서울284 서울 중구 통일로 1,https://search.naver.com/search.naver?where=image&query=%EB%AC%B8%ED%99%94%EC%97%AD%EC%84%9C%EC%9A%B8284,,사진 미완료 · 수동 검색 인계
course-00709,커넥트투 → 한정선 잠실롯데월드몰점 → 송파나루공원 삼전도비 코스,커넥트투,서울 송파구 올림픽로 300,커넥트투 → 한정선 잠실롯데월드몰점 → 송파나루공원 삼전도비,"관광, 전시, 카페",커넥트투 잠실 | 커넥트투 롯데월드몰 | CONNECT TO 잠실 | 커넥트투 잠실 서울 송파구 올림픽로 300,https://search.naver.com/search.naver?where=image&query=%EC%BB%A4%EB%84%A5%ED%8A%B8%ED%88%AC%20%EC%9E%A0%EC%8B%A4,/assets/naver-courses/dd2f26385220dc8ba297ccb9.jpg,검수완료
course-00710,커넥트투 → 화반 방이점 → 아키비스트 송파점 코스,커넥트투,서울 송파구 올림픽로 300,커넥트투 → 화반 방이점 → 아키비스트 송파점,"음식점, 전시, 카페",커넥트투 잠실 | 커넥트투 롯데월드몰 | CONNECT TO 잠실 | 커넥트투 잠실 서울 송파구 올림픽로 300,https://search.naver.com/search.naver?where=image&query=%EC%BB%A4%EB%84%A5%ED%8A%B8%ED%88%AC%20%EC%9E%A0%EC%8B%A4,/assets/naver-courses/9f3d757ec44ab5c507f940d9.jpg,검수완료
course-00711,구씨네부엌 → 토로스쇼핑타워 → 윤형근의 집 코스,구씨네부엌,,구씨네부엌 → 토로스쇼핑타워 → 윤형근의 집,"쇼핑, 음식점, 전시","구씨네부엌 | 홍대 구씨네 부엌 | 구씨네부엌 신촌 | 홍대 구씨네부엌 피자 | 구씨네부엌 파스타 | ""구씨네부엌""",https://search.naver.com/search.naver?where=image&query=%EA%B5%AC%EC%94%A8%EB%84%A4%EB%B6%80%EC%97%8C,,사진 미완료 · 수동 검색 인계
course-00712,구씨네부엌 → 홍대갤러리 키르큐펠 → 모멘트커피 코스,구씨네부엌,,구씨네부엌 → 홍대갤러리 키르큐펠 → 모멘트커피,"음식점, 전시, 카페","구씨네부엌 | 홍대 구씨네 부엌 | 구씨네부엌 신촌 | 홍대 구씨네부엌 피자 | 구씨네부엌 파스타 | ""구씨네부엌""",https://search.naver.com/search.naver?where=image&query=%EA%B5%AC%EC%94%A8%EB%84%A4%EB%B6%80%EC%97%8C,,사진 미완료 · 수동 검색 인계
course-00713,일편등심 강남 → 창업쇼핑 → 캐논갤러리 코스,일편등심 강남,서울 강남구 테헤란로1길 20,일편등심 강남 → 창업쇼핑 → 캐논갤러리,"쇼핑, 음식점, 전시",일편등심 강남점 | 강남 일편등심 | 일편등심 테헤란로1길 20 | 일편등심 강남점 서울 강남구 테헤란로1길 20,https://search.naver.com/search.naver?where=image&query=%EC%9D%BC%ED%8E%B8%EB%93%B1%EC%8B%AC%20%EA%B0%95%EB%82%A8%EC%A0%90,,사진 미완료 · 수동 검색 인계
course-00714,정동전망대 → 희락갈치 → 피크닉 코스,정동전망대,서울 중구 덕수궁길 15,정동전망대 → 희락갈치 → 피크닉,"관광, 음식점, 전시",정동전망대 | 정동 전망대 | 정동전망대 덕수궁 | 정동전망대 서울 중구 덕수궁길 15,https://search.naver.com/search.naver?where=image&query=%EC%A0%95%EB%8F%99%EC%A0%84%EB%A7%9D%EB%8C%80,/assets/naver-courses/1122f9838354430b099114aa.jpg,검수완료
course-00715,갓잇 문래점 → 카페1953위드오드리 → 도림천 코스,갓잇 문래점,서울 영등포구 경인로77길 14,갓잇 문래점 → 카페1953위드오드리 → 도림천,"관광, 음식점, 카페",갓잇 문래점 | 문래 갓잇 | 갓잇 경인로77길 14 | 갓잇 문래점 서울 영등포구 경인로77길 14,https://search.naver.com/search.naver?where=image&query=%EA%B0%93%EC%9E%87%20%EB%AC%B8%EB%9E%98%EC%A0%90,/assets/naver-courses/74f4aadf94620c370f458c44.jpg,검수완료
course-00716,노란돼지 → 윤남아트스페이스 → 이수역꼬치거리 코스,노란돼지,서울 동작구 동작대로7길 97,노란돼지 → 윤남아트스페이스 → 이수역꼬치거리,"관광, 음식점, 전시",노란돼지 사당 | 노란돼지 방배 | 노란돼지 동작대로7길 97 | 노란돼지 사당 서울 동작구 동작대로7길 97,https://search.naver.com/search.naver?where=image&query=%EB%85%B8%EB%9E%80%EB%8F%BC%EC%A7%80%20%EC%82%AC%EB%8B%B9,,사진 미완료 · 수동 검색 인계
course-00717,노란돼지 → 엔지니어링역사관 → 카페 미토 코스,노란돼지,서울 동작구 동작대로7길 97,노란돼지 → 엔지니어링역사관 → 카페 미토,"음식점, 전시, 카페",노란돼지 사당 | 노란돼지 방배 | 노란돼지 동작대로7길 97 | 노란돼지 사당 서울 동작구 동작대로7길 97,https://search.naver.com/search.naver?where=image&query=%EB%85%B8%EB%9E%80%EB%8F%BC%EC%A7%80%20%EC%82%AC%EB%8B%B9,,사진 미완료 · 수동 검색 인계
course-00718,만동제과 → 고원 연희 → 104고지전적비 코스,만동제과,서울 서대문구 연희로 32,만동제과 → 고원 연희 → 104고지전적비,"관광, 음식점, 전시",만동제과 연남점 | 만동제과 홍대 | 만동제과 연희로 32 | 만동제과 연남점 서울 서대문구 연희로 32,https://search.naver.com/search.naver?where=image&query=%EB%A7%8C%EB%8F%99%EC%A0%9C%EA%B3%BC%20%EC%97%B0%EB%82%A8%EC%A0%90,/assets/naver-courses/2b509a6aa49d4479380df4f3.jpg,검수완료
course-00719,구씨네부엌 → 토로스쇼핑타워 → 굽네 플레이타운 코스,구씨네부엌,,구씨네부엌 → 토로스쇼핑타워 → 굽네 플레이타운,"쇼핑, 음식점, 전시","구씨네부엌 | 홍대 구씨네 부엌 | 구씨네부엌 신촌 | 홍대 구씨네부엌 피자 | 구씨네부엌 파스타 | ""구씨네부엌""",https://search.naver.com/search.naver?where=image&query=%EA%B5%AC%EC%94%A8%EB%84%A4%EB%B6%80%EC%97%8C,,사진 미완료 · 수동 검색 인계
course-00720,아트팩토리체험공방 → 성수베이킹스튜디오 → 5TO7 코스,아트팩토리체험공방,서울 성동구 왕십리로 241,아트팩토리체험공방 → 성수베이킹스튜디오 → 5TO7,"음식점, 체험, 카페",아트팩토리 체험공방 | 아트팩토리 왕십리 | 아트팩토리 왕십리로 241 | 아트팩토리 체험공방 서울 성동구 왕십리로 241,https://search.naver.com/search.naver?where=image&query=%EC%95%84%ED%8A%B8%ED%8C%A9%ED%86%A0%EB%A6%AC%20%EC%B2%B4%ED%97%98%EA%B3%B5%EB%B0%A9,,사진 미완료 · 수동 검색 인계
course-00721,일편등심 강남 → 논현가구거리 → 수목금토카페 코스,일편등심 강남,서울 강남구 테헤란로1길 20,일편등심 강남 → 논현가구거리 → 수목금토카페,"관광, 음식점, 카페",일편등심 강남점 | 강남 일편등심 | 일편등심 테헤란로1길 20 | 일편등심 강남점 서울 강남구 테헤란로1길 20,https://search.naver.com/search.naver?where=image&query=%EC%9D%BC%ED%8E%B8%EB%93%B1%EC%8B%AC%20%EA%B0%95%EB%82%A8%EC%A0%90,,사진 미완료 · 수동 검색 인계
course-00722,브이스퀘어 → 건대맛의거리 → 매운향솥 코스,브이스퀘어,서울 광진구 아차산로 272,브이스퀘어 → 건대맛의거리 → 매운향솥,"관광, 음식점, 전시",브이스퀘어 건대 | 브이스퀘어 롯데시네마 | V SQUARE 건대입구 | 브이스퀘어 건대 서울 광진구 아차산로 272,https://search.naver.com/search.naver?where=image&query=%EB%B8%8C%EC%9D%B4%EC%8A%A4%ED%80%98%EC%96%B4%20%EA%B1%B4%EB%8C%80,/assets/naver-courses/7c803e513bd522ec60f74820.jpg,검수완료
course-00723,문화역서울284 → 가메골손왕만두 남대문본점 → 남산둘레길 코스,문화역서울284,서울 중구 통일로 1,문화역서울284 → 가메골손왕만두 남대문본점 → 남산둘레길,"관광, 음식점, 전시",문화역서울284 | 문화역 서울 284 | 문화역서울 284 전시 | 문화역서울284 서울 중구 통일로 1,https://search.naver.com/search.naver?where=image&query=%EB%AC%B8%ED%99%94%EC%97%AD%EC%84%9C%EC%9A%B8284,/assets/naver-courses/a0ac62ccd8cf8852173cd63e.jpg,검수완료
course-00724,구씨네부엌 → 레드로드 → 띠아트뮤지엄 홍대 코스,구씨네부엌,,구씨네부엌 → 레드로드 → 띠아트뮤지엄 홍대,"관광, 음식점, 전시","구씨네부엌 | 홍대 구씨네 부엌 | 구씨네부엌 신촌 | 홍대 구씨네부엌 피자 | 구씨네부엌 파스타 | ""구씨네부엌""",https://search.naver.com/search.naver?where=image&query=%EA%B5%AC%EC%94%A8%EB%84%A4%EB%B6%80%EC%97%8C,,사진 미완료 · 수동 검색 인계
course-00725,로얄마카롱 → 고래불 강남역삼본점 → 이바인체험샵 코스,로얄마카롱,,로얄마카롱 → 고래불 강남역삼본점 → 이바인체험샵,"쇼핑, 음식점, 카페",로얄마카롱 | 서울 로얄마카롱 | 로얄마카롱 매장,https://search.naver.com/search.naver?where=image&query=%EB%A1%9C%EC%96%84%EB%A7%88%EC%B9%B4%EB%A1%B1,,사진 미완료 · 수동 검색 인계
course-00726,그라운드시소 센트럴 → 애성회관 → 커피스니퍼 코스,그라운드시소 센트럴,서울 중구 세종대로 14,그라운드시소 센트럴 → 애성회관 → 커피스니퍼,"음식점, 전시, 카페",그라운드시소 센트럴 | 센트럴 그라운드시소 | 그라운드시소 센트럴 전시 | 그라운드시소 센트럴 서울 중구 세종대로 14,https://search.naver.com/search.naver?where=image&query=%EA%B7%B8%EB%9D%BC%EC%9A%B4%EB%93%9C%EC%8B%9C%EC%86%8C%20%EC%84%BC%ED%8A%B8%EB%9F%B4,/assets/naver-courses/2c55b7152e64294301742d54.jpg,검수완료
course-00727,태양커피 서울사당점 → 파스텔시티 → 남해안횟집 코스,태양커피 서울사당점,서울 서초구 방배천로 32,태양커피 서울사당점 → 파스텔시티 → 남해안횟집,"쇼핑, 음식점, 카페",태양커피 사당점 | 사당 태양커피 | 태양커피 방배천로 32 | 태양커피 사당점 서울 서초구 방배천로 32,https://search.naver.com/search.naver?where=image&query=%ED%83%9C%EC%96%91%EC%BB%A4%ED%94%BC%20%EC%82%AC%EB%8B%B9%EC%A0%90,/assets/naver-courses/4e459d0f4397a7521f574c92.jpg,검수완료
course-00728,신도림이도식당 → 패스드 → 예빛갤러리 코스,신도림이도식당,서울 구로구 경인로 661,신도림이도식당 → 패스드 → 예빛갤러리,"음식점, 전시, 카페",신도림 이도식당 | 이도식당 신도림 | 이도식당 경인로 661 | 신도림 이도식당 서울 구로구 경인로 661,https://search.naver.com/search.naver?where=image&query=%EC%8B%A0%EB%8F%84%EB%A6%BC%20%EC%9D%B4%EB%8F%84%EC%8B%9D%EB%8B%B9,/assets/naver-courses/cb24feae01a45339e46f023e.jpg,검수완료
course-00729,구씨네부엌 → 스페이스갤러리아 서울홍대 → 스타광장 코스,구씨네부엌,,구씨네부엌 → 스페이스갤러리아 서울홍대 → 스타광장,"관광, 음식점, 전시","구씨네부엌 | 홍대 구씨네 부엌 | 구씨네부엌 신촌 | 홍대 구씨네부엌 피자 | 구씨네부엌 파스타 | ""구씨네부엌""",https://search.naver.com/search.naver?where=image&query=%EA%B5%AC%EC%94%A8%EB%84%A4%EB%B6%80%EC%97%8C,,사진 미완료 · 수동 검색 인계
course-00730,잠실지하광장 쇼핑센터 → 한정선 잠실롯데월드몰점 → 롯데월드 어드벤처 코스,잠실지하광장 쇼핑센터,서울 송파구 잠실로 지하 156,잠실지하광장 쇼핑센터 → 한정선 잠실롯데월드몰점 → 롯데월드 어드벤처,"관광, 쇼핑, 카페",잠실지하광장 쇼핑센터 | 잠실 지하광장 | 잠실지하광장 상가 | 잠실역 지하광장 | 잠실지하광장 쇼핑센터 서울 송파구 잠실로 지하 156,https://search.naver.com/search.naver?where=image&query=%EC%9E%A0%EC%8B%A4%EC%A7%80%ED%95%98%EA%B4%91%EC%9E%A5%20%EC%87%BC%ED%95%91%EC%84%BC%ED%84%B0,,사진 미완료 · 수동 검색 인계
course-00731,신도림이도식당 → 백야 → 스페이스엑스엑스 코스,신도림이도식당,서울 구로구 경인로 661,신도림이도식당 → 백야 → 스페이스엑스엑스,"음식점, 전시, 카페",신도림 이도식당 | 이도식당 신도림 | 이도식당 경인로 661 | 신도림 이도식당 서울 구로구 경인로 661,https://search.naver.com/search.naver?where=image&query=%EC%8B%A0%EB%8F%84%EB%A6%BC%20%EC%9D%B4%EB%8F%84%EC%8B%9D%EB%8B%B9,/assets/naver-courses/0c75edc5f183334013047418.jpg,검수완료
course-00732,노란돼지 → 카페 미토 → 쇼핑그라운드 코스,노란돼지,서울 동작구 동작대로7길 97,노란돼지 → 카페 미토 → 쇼핑그라운드,"쇼핑, 음식점, 카페",노란돼지 사당 | 노란돼지 방배 | 노란돼지 동작대로7길 97 | 노란돼지 사당 서울 동작구 동작대로7길 97,https://search.naver.com/search.naver?where=image&query=%EB%85%B8%EB%9E%80%EB%8F%BC%EC%A7%80%20%EC%82%AC%EB%8B%B9,,사진 미완료 · 수동 검색 인계
course-00733,구씨네부엌 → WP → 소녀전선2망명갤러리 코스,구씨네부엌,,구씨네부엌 → WP → 소녀전선2망명갤러리,"음식점, 전시, 카페","구씨네부엌 | 홍대 구씨네 부엌 | 구씨네부엌 신촌 | 홍대 구씨네부엌 피자 | 구씨네부엌 파스타 | ""구씨네부엌""",https://search.naver.com/search.naver?where=image&query=%EA%B5%AC%EC%94%A8%EB%84%A4%EB%B6%80%EC%97%8C,,사진 미완료 · 수동 검색 인계
course-00734,신도림이도식당 → 패스드 → 스페이스엑스엑스 코스,신도림이도식당,서울 구로구 경인로 661,신도림이도식당 → 패스드 → 스페이스엑스엑스,"음식점, 전시, 카페",신도림 이도식당 | 이도식당 신도림 | 이도식당 경인로 661 | 신도림 이도식당 서울 구로구 경인로 661,https://search.naver.com/search.naver?where=image&query=%EC%8B%A0%EB%8F%84%EB%A6%BC%20%EC%9D%B4%EB%8F%84%EC%8B%9D%EB%8B%B9,/assets/naver-courses/654fad394c718996321d582b.jpg,검수완료
course-00735,구씨네부엌 → AC'SCENT(악센트) → 문베어 코스,구씨네부엌,,구씨네부엌 → AC'SCENT(악센트) → 문베어,"음식점, 전시, 카페","구씨네부엌 | 홍대 구씨네 부엌 | 구씨네부엌 신촌 | 홍대 구씨네부엌 피자 | 구씨네부엌 파스타 | ""구씨네부엌""",https://search.naver.com/search.naver?where=image&query=%EA%B5%AC%EC%94%A8%EB%84%A4%EB%B6%80%EC%97%8C,,사진 미완료 · 수동 검색 인계
course-00736,꿈동산 동심쇼핑센터 → 롯데월드 어드벤처 코스,꿈동산 동심쇼핑센터,서울 종로구 종로52길 25,꿈동산 동심쇼핑센터 → 롯데월드 어드벤처,"관광, 쇼핑",꿈동산 동심쇼핑센터 | 동심쇼핑센터 | 창신동 동심 쇼핑센터 | 꿈동산 동심쇼핑센터 서울 종로구 종로52길 25,https://search.naver.com/search.naver?where=image&query=%EA%BF%88%EB%8F%99%EC%82%B0%20%EB%8F%99%EC%8B%AC%EC%87%BC%ED%95%91%EC%84%BC%ED%84%B0,/assets/naver-courses/063533dc3f01ebf2211e5ec2.jpg,검수완료
course-00737,문화역서울284 → 현대수산 → 숭례문 코스,문화역서울284,서울 중구 통일로 1,문화역서울284 → 현대수산 → 숭례문,"관광, 음식점, 전시",문화역서울284 | 문화역 서울 284 | 문화역서울 284 전시 | 문화역서울284 서울 중구 통일로 1,https://search.naver.com/search.naver?where=image&query=%EB%AC%B8%ED%99%94%EC%97%AD%EC%84%9C%EC%9A%B8284,/assets/naver-courses/ad12cc303557fc499b60591b.jpg,검수완료
course-00738,문화역서울284 → 남대문칼국수골목 → 엘카페커피로스터스 코스,문화역서울284,서울 중구 통일로 1,문화역서울284 → 남대문칼국수골목 → 엘카페커피로스터스,"관광, 전시, 카페",문화역서울284 | 문화역 서울 284 | 문화역서울 284 전시 | 문화역서울284 서울 중구 통일로 1,https://search.naver.com/search.naver?where=image&query=%EB%AC%B8%ED%99%94%EC%97%AD%EC%84%9C%EC%9A%B8284,/assets/naver-courses/6ea460c3e9a16e77229635e3.jpg,검수완료
course-00739,만동제과 → 아이아이 연희 → 104고지전적비 코스,만동제과,서울 서대문구 연희로 32,만동제과 → 아이아이 연희 → 104고지전적비,"관광, 음식점, 전시",만동제과 연남점 | 만동제과 홍대 | 만동제과 연희로 32 | 만동제과 연남점 서울 서대문구 연희로 32,https://search.naver.com/search.naver?where=image&query=%EB%A7%8C%EB%8F%99%EC%A0%9C%EA%B3%BC%20%EC%97%B0%EB%82%A8%EC%A0%90,,사진 미완료 · 수동 검색 인계
course-00740,갓잇 문래점 → 아도 티하우스 → 스페이스엑스엑스 코스,갓잇 문래점,서울 영등포구 경인로77길 14,갓잇 문래점 → 아도 티하우스 → 스페이스엑스엑스,"음식점, 전시, 카페",갓잇 문래점 | 문래 갓잇 | 갓잇 경인로77길 14 | 갓잇 문래점 서울 영등포구 경인로77길 14,https://search.naver.com/search.naver?where=image&query=%EA%B0%93%EC%9E%87%20%EB%AC%B8%EB%9E%98%EC%A0%90,/assets/naver-courses/48e3c6aad7aa19780109739e.jpg,검수완료
course-00741,구씨네부엌 → 모멘트커피 → 트릭아이뮤지엄 코스,구씨네부엌,,구씨네부엌 → 모멘트커피 → 트릭아이뮤지엄,"관광, 음식점, 카페","구씨네부엌 | 홍대 구씨네 부엌 | 구씨네부엌 신촌 | 홍대 구씨네부엌 피자 | 구씨네부엌 파스타 | ""구씨네부엌""",https://search.naver.com/search.naver?where=image&query=%EA%B5%AC%EC%94%A8%EB%84%A4%EB%B6%80%EC%97%8C,,사진 미완료 · 수동 검색 인계
course-00742,커넥트투 → 방이돈가 → 아키비스트 송파점 코스,커넥트투,서울 송파구 올림픽로 300,커넥트투 → 방이돈가 → 아키비스트 송파점,"음식점, 전시, 카페",커넥트투 잠실 | 커넥트투 롯데월드몰 | CONNECT TO 잠실 | 커넥트투 잠실 서울 송파구 올림픽로 300,https://search.naver.com/search.naver?where=image&query=%EC%BB%A4%EB%84%A5%ED%8A%B8%ED%88%AC%20%EC%9E%A0%EC%8B%A4,,사진 미완료 · 수동 검색 인계
course-00743,문화역서울284 → 덕수궁돌담길 → 커피스니퍼 코스,문화역서울284,서울 중구 통일로 1,문화역서울284 → 덕수궁돌담길 → 커피스니퍼,"관광, 전시, 카페",문화역서울284 | 문화역 서울 284 | 문화역서울 284 전시 | 문화역서울284 서울 중구 통일로 1,https://search.naver.com/search.naver?where=image&query=%EB%AC%B8%ED%99%94%EC%97%AD%EC%84%9C%EC%9A%B8284,/assets/naver-courses/bea39dea1592f50b2809b5b3.jpg,검수완료
course-00744,일편등심 강남 → 블루보틀 역삼카페 → 갤러리라보 코스,일편등심 강남,서울 강남구 테헤란로1길 20,일편등심 강남 → 블루보틀 역삼카페 → 갤러리라보,"음식점, 전시, 카페",일편등심 강남점 | 강남 일편등심 | 일편등심 테헤란로1길 20 | 일편등심 강남점 서울 강남구 테헤란로1길 20,https://search.naver.com/search.naver?where=image&query=%EC%9D%BC%ED%8E%B8%EB%93%B1%EC%8B%AC%20%EA%B0%95%EB%82%A8%EC%A0%90,/assets/naver-courses/00a0fdc5b7f7f3dce33a9b28.jpg,검수완료
course-00745,잠실지하광장 쇼핑센터 → 서울스카이 → 오레노라멘 송파점 코스,잠실지하광장 쇼핑센터,서울 송파구 잠실로 지하 156,잠실지하광장 쇼핑센터 → 서울스카이 → 오레노라멘 송파점,"관광, 쇼핑, 음식점",잠실지하광장 쇼핑센터 | 잠실 지하광장 | 잠실지하광장 상가 | 잠실역 지하광장 | 잠실지하광장 쇼핑센터 서울 송파구 잠실로 지하 156,https://search.naver.com/search.naver?where=image&query=%EC%9E%A0%EC%8B%A4%EC%A7%80%ED%95%98%EA%B4%91%EC%9E%A5%20%EC%87%BC%ED%95%91%EC%84%BC%ED%84%B0,,사진 미완료 · 수동 검색 인계
course-00746,일편등심 강남 → 슬로우커피 → 더샵스앳센터필드 코스,일편등심 강남,서울 강남구 테헤란로1길 20,일편등심 강남 → 슬로우커피 → 더샵스앳센터필드,"쇼핑, 음식점, 카페",일편등심 강남점 | 강남 일편등심 | 일편등심 테헤란로1길 20 | 일편등심 강남점 서울 강남구 테헤란로1길 20,https://search.naver.com/search.naver?where=image&query=%EC%9D%BC%ED%8E%B8%EB%93%B1%EC%8B%AC%20%EA%B0%95%EB%82%A8%EC%A0%90,/assets/naver-courses/e1e2aeb67726451587753cb1.jpg,검수완료
course-00747,문화역서울284 → 가메골손왕만두 남대문본점 → 정동전망대 코스,문화역서울284,서울 중구 통일로 1,문화역서울284 → 가메골손왕만두 남대문본점 → 정동전망대,"관광, 음식점, 전시",문화역서울284 | 문화역 서울 284 | 문화역서울 284 전시 | 문화역서울284 서울 중구 통일로 1,https://search.naver.com/search.naver?where=image&query=%EB%AC%B8%ED%99%94%EC%97%AD%EC%84%9C%EC%9A%B8284,/assets/naver-courses/91f251b4195071844f85bc7d.jpg,검수완료
course-00748,노란돼지 → 머치커피 → 사당알뜰쇼핑 코스,노란돼지,서울 동작구 동작대로7길 97,노란돼지 → 머치커피 → 사당알뜰쇼핑,"쇼핑, 음식점, 카페",노란돼지 사당 | 노란돼지 방배 | 노란돼지 동작대로7길 97 | 노란돼지 사당 서울 동작구 동작대로7길 97,https://search.naver.com/search.naver?where=image&query=%EB%85%B8%EB%9E%80%EB%8F%BC%EC%A7%80%20%EC%82%AC%EB%8B%B9,,사진 미완료 · 수동 검색 인계
course-00749,태양커피 서울사당점 → 소담촌 사당직영점 → 사당1동먹자골목상점가 코스,태양커피 서울사당점,서울 서초구 방배천로 32,태양커피 서울사당점 → 소담촌 사당직영점 → 사당1동먹자골목상점가,"관광, 음식점, 카페",태양커피 사당점 | 사당 태양커피 | 태양커피 방배천로 32 | 태양커피 사당점 서울 서초구 방배천로 32,https://search.naver.com/search.naver?where=image&query=%ED%83%9C%EC%96%91%EC%BB%A4%ED%94%BC%20%EC%82%AC%EB%8B%B9%EC%A0%90,/assets/naver-courses/631a66aff0df14f2ad45f814.jpg,검수완료
course-00750,그라운드시소 센트럴 → 희락갈치 → 커피스니퍼 코스,그라운드시소 센트럴,서울 중구 세종대로 14,그라운드시소 센트럴 → 희락갈치 → 커피스니퍼,"음식점, 전시, 카페",그라운드시소 센트럴 | 센트럴 그라운드시소 | 그라운드시소 센트럴 전시 | 그라운드시소 센트럴 서울 중구 세종대로 14,https://search.naver.com/search.naver?where=image&query=%EA%B7%B8%EB%9D%BC%EC%9A%B4%EB%93%9C%EC%8B%9C%EC%86%8C%20%EC%84%BC%ED%8A%B8%EB%9F%B4,,사진 미완료 · 수동 검색 인계
course-00751,구씨네부엌 → 4233 마음센터 연남점 → 트릭아이뮤지엄 코스,구씨네부엌,,구씨네부엌 → 4233 마음센터 연남점 → 트릭아이뮤지엄,"관광, 음식점, 전시","구씨네부엌 | 홍대 구씨네 부엌 | 구씨네부엌 신촌 | 홍대 구씨네부엌 피자 | 구씨네부엌 파스타 | ""구씨네부엌""",https://search.naver.com/search.naver?where=image&query=%EA%B5%AC%EC%94%A8%EB%84%A4%EB%B6%80%EC%97%8C,,사진 미완료 · 수동 검색 인계
course-00752,문화역서울284 → 엘카페커피로스터스 → 두루와쇼핑 코스,문화역서울284,서울 중구 통일로 1,문화역서울284 → 엘카페커피로스터스 → 두루와쇼핑,"쇼핑, 전시, 카페",문화역서울284 | 문화역 서울 284 | 문화역서울 284 전시 | 문화역서울284 서울 중구 통일로 1,https://search.naver.com/search.naver?where=image&query=%EB%AC%B8%ED%99%94%EC%97%AD%EC%84%9C%EC%9A%B8284,/assets/naver-courses/7b4ae2e95c3b27bab074cc52.jpg,검수완료
course-00753,구씨네부엌 → 토로스쇼핑타워 → 홍대축제거리 코스,구씨네부엌,,구씨네부엌 → 토로스쇼핑타워 → 홍대축제거리,"관광, 쇼핑, 음식점","구씨네부엌 | 홍대 구씨네 부엌 | 구씨네부엌 신촌 | 홍대 구씨네부엌 피자 | 구씨네부엌 파스타 | ""구씨네부엌""",https://search.naver.com/search.naver?where=image&query=%EA%B5%AC%EC%94%A8%EB%84%A4%EB%B6%80%EC%97%8C,,사진 미완료 · 수동 검색 인계
course-00754,일편등심 강남 → 창업쇼핑 → 수목금토카페 코스,일편등심 강남,서울 강남구 테헤란로1길 20,일편등심 강남 → 창업쇼핑 → 수목금토카페,"쇼핑, 음식점, 카페",일편등심 강남점 | 강남 일편등심 | 일편등심 테헤란로1길 20 | 일편등심 강남점 서울 강남구 테헤란로1길 20,https://search.naver.com/search.naver?where=image&query=%EC%9D%BC%ED%8E%B8%EB%93%B1%EC%8B%AC%20%EA%B0%95%EB%82%A8%EC%A0%90,,사진 미완료 · 수동 검색 인계
course-00755,구씨네부엌 → 스페이스갤러리아 서울홍대 → 독수리다방 코스,구씨네부엌,,구씨네부엌 → 스페이스갤러리아 서울홍대 → 독수리다방,"음식점, 전시, 카페","구씨네부엌 | 홍대 구씨네 부엌 | 구씨네부엌 신촌 | 홍대 구씨네부엌 피자 | 구씨네부엌 파스타 | ""구씨네부엌""",https://search.naver.com/search.naver?where=image&query=%EA%B5%AC%EC%94%A8%EB%84%A4%EB%B6%80%EC%97%8C,,사진 미완료 · 수동 검색 인계
course-00756,일편등심 강남 → 캐논갤러리 → 더샵스앳센터필드 코스,일편등심 강남,서울 강남구 테헤란로1길 20,일편등심 강남 → 캐논갤러리 → 더샵스앳센터필드,"쇼핑, 음식점, 전시",일편등심 강남점 | 강남 일편등심 | 일편등심 테헤란로1길 20 | 일편등심 강남점 서울 강남구 테헤란로1길 20,https://search.naver.com/search.naver?where=image&query=%EC%9D%BC%ED%8E%B8%EB%93%B1%EC%8B%AC%20%EA%B0%95%EB%82%A8%EC%A0%90,,사진 미완료 · 수동 검색 인계
course-00757,구씨네부엌 → 홍대갤러리 키르큐펠 → 농협경제지주 온라인사업부 코스,구씨네부엌,,구씨네부엌 → 홍대갤러리 키르큐펠 → 농협경제지주 온라인사업부,"쇼핑, 음식점, 전시","구씨네부엌 | 홍대 구씨네 부엌 | 구씨네부엌 신촌 | 홍대 구씨네부엌 피자 | 구씨네부엌 파스타 | ""구씨네부엌""",https://search.naver.com/search.naver?where=image&query=%EA%B5%AC%EC%94%A8%EB%84%A4%EB%B6%80%EC%97%8C,,사진 미완료 · 수동 검색 인계
course-00758,일편등심 강남 → 이바인체험샵 → 미니말레 뢰스터리&커피바 서초교대점 코스,일편등심 강남,서울 강남구 테헤란로1길 20,일편등심 강남 → 이바인체험샵 → 미니말레 뢰스터리&커피바 서초교대점,"쇼핑, 음식점, 카페",일편등심 강남점 | 강남 일편등심 | 일편등심 테헤란로1길 20 | 일편등심 강남점 서울 강남구 테헤란로1길 20,https://search.naver.com/search.naver?where=image&query=%EC%9D%BC%ED%8E%B8%EB%93%B1%EC%8B%AC%20%EA%B0%95%EB%82%A8%EC%A0%90,/assets/naver-courses/7f095b6e28d0b3f61312c54e.jpg,검수완료
course-00759,구씨네부엌 → 고원 연희 → 104고지전적비 코스,구씨네부엌,,구씨네부엌 → 고원 연희 → 104고지전적비,"관광, 음식점, 전시","구씨네부엌 | 홍대 구씨네 부엌 | 구씨네부엌 신촌 | 홍대 구씨네부엌 피자 | 구씨네부엌 파스타 | ""구씨네부엌""",https://search.naver.com/search.naver?where=image&query=%EA%B5%AC%EC%94%A8%EB%84%A4%EB%B6%80%EC%97%8C,,사진 미완료 · 수동 검색 인계
course-00760,구씨네부엌 → WP → 뉴스뮤지엄 연희점 코스,구씨네부엌,,구씨네부엌 → WP → 뉴스뮤지엄 연희점,"음식점, 전시, 카페","구씨네부엌 | 홍대 구씨네 부엌 | 구씨네부엌 신촌 | 홍대 구씨네부엌 피자 | 구씨네부엌 파스타 | ""구씨네부엌""",https://search.naver.com/search.naver?where=image&query=%EA%B5%AC%EC%94%A8%EB%84%A4%EB%B6%80%EC%97%8C,,사진 미완료 · 수동 검색 인계
course-00761,동대문디자인플라자 디자인전시관 → 던던 동대문점 → 버터스카치 코스,동대문디자인플라자 디자인전시관,서울 중구 을지로 281,동대문디자인플라자 디자인전시관 → 던던 동대문점 → 버터스카치,"쇼핑, 전시, 카페",DDP 디자인전시관 | 동대문디자인플라자 디자인전시관 | DDP 뮤지엄 디자인전시관 | DDP 디자인전시관 서울 중구 을지로 281,https://search.naver.com/search.naver?where=image&query=DDP%20%EB%94%94%EC%9E%90%EC%9D%B8%EC%A0%84%EC%8B%9C%EA%B4%80,/assets/naver-courses/175296a66b1765b0fd5ed1b4.jpg,검수완료
course-00762,브이스퀘어 → 스타벅스 건국클래식점 → 요비 코스,브이스퀘어,서울 광진구 아차산로 272,브이스퀘어 → 스타벅스 건국클래식점 → 요비,"음식점, 전시, 카페",브이스퀘어 건대 | 브이스퀘어 롯데시네마 | V SQUARE 건대입구 | 브이스퀘어 건대 서울 광진구 아차산로 272,https://search.naver.com/search.naver?where=image&query=%EB%B8%8C%EC%9D%B4%EC%8A%A4%ED%80%98%EC%96%B4%20%EA%B1%B4%EB%8C%80,/assets/naver-courses/c95cba1d78215f9ed06b21b7.jpg,검수완료
course-00763,브이스퀘어 → 카페호이 건대점 → 요비 코스,브이스퀘어,서울 광진구 아차산로 272,브이스퀘어 → 카페호이 건대점 → 요비,"음식점, 전시, 카페",브이스퀘어 건대 | 브이스퀘어 롯데시네마 | V SQUARE 건대입구 | 브이스퀘어 건대 서울 광진구 아차산로 272,https://search.naver.com/search.naver?where=image&query=%EB%B8%8C%EC%9D%B4%EC%8A%A4%ED%80%98%EC%96%B4%20%EA%B1%B4%EB%8C%80,,사진 미완료 · 수동 검색 인계
course-00764,그라운드시소 센트럴 → 남대문갈치조림골목 → 커피스니퍼 코스,그라운드시소 센트럴,서울 중구 세종대로 14,그라운드시소 센트럴 → 남대문갈치조림골목 → 커피스니퍼,"관광, 전시, 카페",그라운드시소 센트럴 | 센트럴 그라운드시소 | 그라운드시소 센트럴 전시 | 그라운드시소 센트럴 서울 중구 세종대로 14,https://search.naver.com/search.naver?where=image&query=%EA%B7%B8%EB%9D%BC%EC%9A%B4%EB%93%9C%EC%8B%9C%EC%86%8C%20%EC%84%BC%ED%8A%B8%EB%9F%B4,,사진 미완료 · 수동 검색 인계
course-00765,태양커피 서울사당점 → 참치마니아 → 윤남아트스페이스 코스,태양커피 서울사당점,서울 서초구 방배천로 32,태양커피 서울사당점 → 참치마니아 → 윤남아트스페이스,"음식점, 전시, 카페",태양커피 사당점 | 사당 태양커피 | 태양커피 방배천로 32 | 태양커피 사당점 서울 서초구 방배천로 32,https://search.naver.com/search.naver?where=image&query=%ED%83%9C%EC%96%91%EC%BB%A4%ED%94%BC%20%EC%82%AC%EB%8B%B9%EC%A0%90,,사진 미완료 · 수동 검색 인계
course-00766,아트팩토리체험공방 → 성수동갈비골목 → 서울숲카페거리 코스,아트팩토리체험공방,서울 성동구 왕십리로 241,아트팩토리체험공방 → 성수동갈비골목 → 서울숲카페거리,"관광, 체험, 카페",아트팩토리 체험공방 | 아트팩토리 왕십리 | 아트팩토리 왕십리로 241 | 아트팩토리 체험공방 서울 성동구 왕십리로 241,https://search.naver.com/search.naver?where=image&query=%EC%95%84%ED%8A%B8%ED%8C%A9%ED%86%A0%EB%A6%AC%20%EC%B2%B4%ED%97%98%EA%B3%B5%EB%B0%A9,,사진 미완료 · 수동 검색 인계
course-00767,만동제과 → 스페이스갤러리아 서울홍대 → 홍대걷고싶은거리 코스,만동제과,서울 서대문구 연희로 32,만동제과 → 스페이스갤러리아 서울홍대 → 홍대걷고싶은거리,"관광, 음식점, 전시",만동제과 연남점 | 만동제과 홍대 | 만동제과 연희로 32 | 만동제과 연남점 서울 서대문구 연희로 32,https://search.naver.com/search.naver?where=image&query=%EB%A7%8C%EB%8F%99%EC%A0%9C%EA%B3%BC%20%EC%97%B0%EB%82%A8%EC%A0%90,/assets/naver-courses/1e89d111e31a7da5ccae06c1.jpg,검수완료
course-00768,신도림이도식당 → 도림천 → 공간사일삼 코스,신도림이도식당,서울 구로구 경인로 661,신도림이도식당 → 도림천 → 공간사일삼,"관광, 음식점, 전시",신도림 이도식당 | 이도식당 신도림 | 이도식당 경인로 661 | 신도림 이도식당 서울 구로구 경인로 661,https://search.naver.com/search.naver?where=image&query=%EC%8B%A0%EB%8F%84%EB%A6%BC%20%EC%9D%B4%EB%8F%84%EC%8B%9D%EB%8B%B9,/assets/naver-courses/36cf7d1d8d9f96917e32e322.jpg,검수완료
course-00769,신도림이도식당 → 더세인트41 → MKSHOPPING(엠케이쇼핑) 코스,신도림이도식당,서울 구로구 경인로 661,신도림이도식당 → 더세인트41 → MKSHOPPING(엠케이쇼핑),"쇼핑, 음식점, 카페",신도림 이도식당 | 이도식당 신도림 | 이도식당 경인로 661 | 신도림 이도식당 서울 구로구 경인로 661,https://search.naver.com/search.naver?where=image&query=%EC%8B%A0%EB%8F%84%EB%A6%BC%20%EC%9D%B4%EB%8F%84%EC%8B%9D%EB%8B%B9,/assets/naver-courses/9131461a794f8ae2e27a67ed.jpg,검수완료
course-00770,노란돼지 → 카페 미토 → 사당알뜰쇼핑 코스,노란돼지,서울 동작구 동작대로7길 97,노란돼지 → 카페 미토 → 사당알뜰쇼핑,"쇼핑, 음식점, 카페",노란돼지 사당 | 노란돼지 방배 | 노란돼지 동작대로7길 97 | 노란돼지 사당 서울 동작구 동작대로7길 97,https://search.naver.com/search.naver?where=image&query=%EB%85%B8%EB%9E%80%EB%8F%BC%EC%A7%80%20%EC%82%AC%EB%8B%B9,,사진 미완료 · 수동 검색 인계
course-00771,타이파 → 홍대걷고싶은거리 코스,타이파,서울 성동구 마조로 24,타이파 → 홍대걷고싶은거리,"관광, 카페",왕십리 타이파 | 한양대 타이파 | 타이파 마조로 24 | 왕십리 타이파 서울 성동구 마조로 24,https://search.naver.com/search.naver?where=image&query=%EC%99%95%EC%8B%AD%EB%A6%AC%20%ED%83%80%EC%9D%B4%ED%8C%8C,,사진 미완료 · 수동 검색 인계
course-00772,브이스퀘어 → 카페드라이 → 매운향솥 코스,브이스퀘어,서울 광진구 아차산로 272,브이스퀘어 → 카페드라이 → 매운향솥,"음식점, 전시, 카페",브이스퀘어 건대 | 브이스퀘어 롯데시네마 | V SQUARE 건대입구 | 브이스퀘어 건대 서울 광진구 아차산로 272,https://search.naver.com/search.naver?where=image&query=%EB%B8%8C%EC%9D%B4%EC%8A%A4%ED%80%98%EC%96%B4%20%EA%B1%B4%EB%8C%80,/assets/naver-courses/706899c1edc48f7fe52bdefc.jpg,검수완료
course-00773,구씨네부엌 → 버터앤쉘터 연남점 → 뉴스뮤지엄 연희점 코스,구씨네부엌,,구씨네부엌 → 버터앤쉘터 연남점 → 뉴스뮤지엄 연희점,"음식점, 전시, 카페","구씨네부엌 | 홍대 구씨네 부엌 | 구씨네부엌 신촌 | 홍대 구씨네부엌 피자 | 구씨네부엌 파스타 | ""구씨네부엌""",https://search.naver.com/search.naver?where=image&query=%EA%B5%AC%EC%94%A8%EB%84%A4%EB%B6%80%EC%97%8C,,사진 미완료 · 수동 검색 인계
course-00774,브이스퀘어 → 요비 → 카페드라이 코스,브이스퀘어,서울 광진구 아차산로 272,브이스퀘어 → 요비 → 카페드라이,"음식점, 전시, 카페",브이스퀘어 건대 | 브이스퀘어 롯데시네마 | V SQUARE 건대입구 | 브이스퀘어 건대 서울 광진구 아차산로 272,https://search.naver.com/search.naver?where=image&query=%EB%B8%8C%EC%9D%B4%EC%8A%A4%ED%80%98%EC%96%B4%20%EA%B1%B4%EB%8C%80,/assets/naver-courses/bfc913e954f6023aaffeab73.jpg,검수완료
course-00775,브이스퀘어 → 스타벅스 건국대점 → 훈춘양꼬치 1호점 코스,브이스퀘어,서울 광진구 아차산로 272,브이스퀘어 → 스타벅스 건국대점 → 훈춘양꼬치 1호점,"음식점, 전시, 카페",브이스퀘어 건대 | 브이스퀘어 롯데시네마 | V SQUARE 건대입구 | 브이스퀘어 건대 서울 광진구 아차산로 272,https://search.naver.com/search.naver?where=image&query=%EB%B8%8C%EC%9D%B4%EC%8A%A4%ED%80%98%EC%96%B4%20%EA%B1%B4%EB%8C%80,/assets/naver-courses/460bb699630c819877f68fec.jpg,검수완료
course-00776,잠실지하광장 쇼핑센터 → 넥스트뮤지엄 → 피제리아라고 코스,잠실지하광장 쇼핑센터,서울 송파구 잠실로 지하 156,잠실지하광장 쇼핑센터 → 넥스트뮤지엄 → 피제리아라고,"쇼핑, 음식점, 전시",잠실지하광장 쇼핑센터 | 잠실 지하광장 | 잠실지하광장 상가 | 잠실역 지하광장 | 잠실지하광장 쇼핑센터 서울 송파구 잠실로 지하 156,https://search.naver.com/search.naver?where=image&query=%EC%9E%A0%EC%8B%A4%EC%A7%80%ED%95%98%EA%B4%91%EC%9E%A5%20%EC%87%BC%ED%95%91%EC%84%BC%ED%84%B0,,사진 미완료 · 수동 검색 인계
course-00777,잠실지하광장 쇼핑센터 → 한정선 잠실롯데월드몰점 → 이머시브플랫폼딥 코스,잠실지하광장 쇼핑센터,서울 송파구 잠실로 지하 156,잠실지하광장 쇼핑센터 → 한정선 잠실롯데월드몰점 → 이머시브플랫폼딥,"쇼핑, 전시, 카페",잠실지하광장 쇼핑센터 | 잠실 지하광장 | 잠실지하광장 상가 | 잠실역 지하광장 | 잠실지하광장 쇼핑센터 서울 송파구 잠실로 지하 156,https://search.naver.com/search.naver?where=image&query=%EC%9E%A0%EC%8B%A4%EC%A7%80%ED%95%98%EA%B4%91%EC%9E%A5%20%EC%87%BC%ED%95%91%EC%84%BC%ED%84%B0,,사진 미완료 · 수동 검색 인계
course-00778,잠실지하광장 쇼핑센터 → BGN갤러리 롯데타워점 → 아키비스트 송파점 코스,잠실지하광장 쇼핑센터,서울 송파구 잠실로 지하 156,잠실지하광장 쇼핑센터 → BGN갤러리 롯데타워점 → 아키비스트 송파점,"쇼핑, 전시, 카페",잠실지하광장 쇼핑센터 | 잠실 지하광장 | 잠실지하광장 상가 | 잠실역 지하광장 | 잠실지하광장 쇼핑센터 서울 송파구 잠실로 지하 156,https://search.naver.com/search.naver?where=image&query=%EC%9E%A0%EC%8B%A4%EC%A7%80%ED%95%98%EA%B4%91%EC%9E%A5%20%EC%87%BC%ED%95%91%EC%84%BC%ED%84%B0,,사진 미완료 · 수동 검색 인계
course-00779,문화역서울284 → 가메골손왕만두 남대문본점 → 엘카페커피로스터스 코스,문화역서울284,서울 중구 통일로 1,문화역서울284 → 가메골손왕만두 남대문본점 → 엘카페커피로스터스,"음식점, 전시, 카페",문화역서울284 | 문화역 서울 284 | 문화역서울 284 전시 | 문화역서울284 서울 중구 통일로 1,https://search.naver.com/search.naver?where=image&query=%EB%AC%B8%ED%99%94%EC%97%AD%EC%84%9C%EC%9A%B8284,/assets/naver-courses/23c4b0291d6ed2484b24ce48.jpg,검수완료
course-00780,노란돼지 → 이수역꼬치거리 → 사당알뜰쇼핑 코스,노란돼지,서울 동작구 동작대로7길 97,노란돼지 → 이수역꼬치거리 → 사당알뜰쇼핑,"관광, 쇼핑, 음식점",노란돼지 사당 | 노란돼지 방배 | 노란돼지 동작대로7길 97 | 노란돼지 사당 서울 동작구 동작대로7길 97,https://search.naver.com/search.naver?where=image&query=%EB%85%B8%EB%9E%80%EB%8F%BC%EC%A7%80%20%EC%82%AC%EB%8B%B9,,사진 미완료 · 수동 검색 인계
course-00781,일편등심 강남 → 서리풀푸드트럭존 → 서울아트나우갤러리 코스,일편등심 강남,서울 강남구 테헤란로1길 20,일편등심 강남 → 서리풀푸드트럭존 → 서울아트나우갤러리,"관광, 음식점, 전시",일편등심 강남점 | 강남 일편등심 | 일편등심 테헤란로1길 20 | 일편등심 강남점 서울 강남구 테헤란로1길 20,https://search.naver.com/search.naver?where=image&query=%EC%9D%BC%ED%8E%B8%EB%93%B1%EC%8B%AC%20%EA%B0%95%EB%82%A8%EC%A0%90,,사진 미완료 · 수동 검색 인계
course-00782,신도림이도식당 → 구로스마트라운지 → 스멜팅커피 코스,신도림이도식당,서울 구로구 경인로 661,신도림이도식당 → 구로스마트라운지 → 스멜팅커피,"음식점, 전시, 카페",신도림 이도식당 | 이도식당 신도림 | 이도식당 경인로 661 | 신도림 이도식당 서울 구로구 경인로 661,https://search.naver.com/search.naver?where=image&query=%EC%8B%A0%EB%8F%84%EB%A6%BC%20%EC%9D%B4%EB%8F%84%EC%8B%9D%EB%8B%B9,/assets/naver-courses/5100bf2dddf6fa0c51bf7fd1.jpg,검수완료
course-00783,신도림이도식당 → 더세인트41 → 스페이스엑스엑스 코스,신도림이도식당,서울 구로구 경인로 661,신도림이도식당 → 더세인트41 → 스페이스엑스엑스,"음식점, 전시, 카페",신도림 이도식당 | 이도식당 신도림 | 이도식당 경인로 661 | 신도림 이도식당 서울 구로구 경인로 661,https://search.naver.com/search.naver?where=image&query=%EC%8B%A0%EB%8F%84%EB%A6%BC%20%EC%9D%B4%EB%8F%84%EC%8B%9D%EB%8B%B9,/assets/naver-courses/bd9b944eafd588c864c71ac8.jpg,검수완료
course-00784,신도림이도식당 → 백야 → 유니온아트페어 코스,신도림이도식당,서울 구로구 경인로 661,신도림이도식당 → 백야 → 유니온아트페어,"음식점, 전시, 카페",신도림 이도식당 | 이도식당 신도림 | 이도식당 경인로 661 | 신도림 이도식당 서울 구로구 경인로 661,https://search.naver.com/search.naver?where=image&query=%EC%8B%A0%EB%8F%84%EB%A6%BC%20%EC%9D%B4%EB%8F%84%EC%8B%9D%EB%8B%B9,/assets/naver-courses/bcc6c1a090be55c198cc8998.jpg,검수완료
course-00785,문화역서울284 → 쇼핑하는사람들 → 남대문갈치조림골목 코스,문화역서울284,서울 중구 통일로 1,문화역서울284 → 쇼핑하는사람들 → 남대문갈치조림골목,"관광, 쇼핑, 전시",문화역서울284 | 문화역 서울 284 | 문화역서울 284 전시 | 문화역서울284 서울 중구 통일로 1,https://search.naver.com/search.naver?where=image&query=%EB%AC%B8%ED%99%94%EC%97%AD%EC%84%9C%EC%9A%B8284,/assets/naver-courses/6b6d33bb7d2cd025019e76f3.jpg,검수완료
course-00786,일편등심 강남 → 아펜즈커피 서초교대역점 → 서울아트나우갤러리 코스,일편등심 강남,서울 강남구 테헤란로1길 20,일편등심 강남 → 아펜즈커피 서초교대역점 → 서울아트나우갤러리,"음식점, 전시, 카페",일편등심 강남점 | 강남 일편등심 | 일편등심 테헤란로1길 20 | 일편등심 강남점 서울 강남구 테헤란로1길 20,https://search.naver.com/search.naver?where=image&query=%EC%9D%BC%ED%8E%B8%EB%93%B1%EC%8B%AC%20%EA%B0%95%EB%82%A8%EC%A0%90,,사진 미완료 · 수동 검색 인계
course-00787,정동전망대 → 서울도시건축전시관 → 무교동북어국집 코스,정동전망대,서울 중구 덕수궁길 15,정동전망대 → 서울도시건축전시관 → 무교동북어국집,"관광, 음식점, 전시",정동전망대 | 정동 전망대 | 정동전망대 덕수궁 | 정동전망대 서울 중구 덕수궁길 15,https://search.naver.com/search.naver?where=image&query=%EC%A0%95%EB%8F%99%EC%A0%84%EB%A7%9D%EB%8C%80,/assets/naver-courses/ba85d7e7521d184e89993692.jpg,검수완료
course-00788,신도림이도식당 → 아도 티하우스 → 유니온아트페어 코스,신도림이도식당,서울 구로구 경인로 661,신도림이도식당 → 아도 티하우스 → 유니온아트페어,"음식점, 전시, 카페",신도림 이도식당 | 이도식당 신도림 | 이도식당 경인로 661 | 신도림 이도식당 서울 구로구 경인로 661,https://search.naver.com/search.naver?where=image&query=%EC%8B%A0%EB%8F%84%EB%A6%BC%20%EC%9D%B4%EB%8F%84%EC%8B%9D%EB%8B%B9,/assets/naver-courses/df9a7362e23f0d6465b4bcf2.jpg,검수완료
course-00789,일편등심 강남 → 무신사 스토어 강남 → 수목금토카페 코스,일편등심 강남,서울 강남구 테헤란로1길 20,일편등심 강남 → 무신사 스토어 강남 → 수목금토카페,"쇼핑, 음식점, 카페",일편등심 강남점 | 강남 일편등심 | 일편등심 테헤란로1길 20 | 일편등심 강남점 서울 강남구 테헤란로1길 20,https://search.naver.com/search.naver?where=image&query=%EC%9D%BC%ED%8E%B8%EB%93%B1%EC%8B%AC%20%EA%B0%95%EB%82%A8%EC%A0%90,/assets/naver-courses/9e10d505a8715ff266097aac.jpg,검수완료
course-00790,문화역서울284 → 애성회관 → 덕수궁 대한문 코스,문화역서울284,서울 중구 통일로 1,문화역서울284 → 애성회관 → 덕수궁 대한문,"관광, 음식점, 전시",문화역서울284 | 문화역 서울 284 | 문화역서울 284 전시 | 문화역서울284 서울 중구 통일로 1,https://search.naver.com/search.naver?where=image&query=%EB%AC%B8%ED%99%94%EC%97%AD%EC%84%9C%EC%9A%B8284,,사진 미완료 · 수동 검색 인계
course-00791,잠실지하광장 쇼핑센터 → 석촌호수 동호 → 오레노라멘 송파점 코스,잠실지하광장 쇼핑센터,서울 송파구 잠실로 지하 156,잠실지하광장 쇼핑센터 → 석촌호수 동호 → 오레노라멘 송파점,"관광, 쇼핑, 음식점",잠실지하광장 쇼핑센터 | 잠실 지하광장 | 잠실지하광장 상가 | 잠실역 지하광장 | 잠실지하광장 쇼핑센터 서울 송파구 잠실로 지하 156,https://search.naver.com/search.naver?where=image&query=%EC%9E%A0%EC%8B%A4%EC%A7%80%ED%95%98%EA%B4%91%EC%9E%A5%20%EC%87%BC%ED%95%91%EC%84%BC%ED%84%B0,,사진 미완료 · 수동 검색 인계
course-00792,신도림이도식당 → 패스드 → 유니온아트페어 코스,신도림이도식당,서울 구로구 경인로 661,신도림이도식당 → 패스드 → 유니온아트페어,"음식점, 전시, 카페",신도림 이도식당 | 이도식당 신도림 | 이도식당 경인로 661 | 신도림 이도식당 서울 구로구 경인로 661,https://search.naver.com/search.naver?where=image&query=%EC%8B%A0%EB%8F%84%EB%A6%BC%20%EC%9D%B4%EB%8F%84%EC%8B%9D%EB%8B%B9,/assets/naver-courses/75925b33ebf89a4905c543cd.jpg,검수완료
course-00793,문화역서울284 → 숭례문 → 쇼핑하는사람들 코스,문화역서울284,서울 중구 통일로 1,문화역서울284 → 숭례문 → 쇼핑하는사람들,"관광, 쇼핑, 전시",문화역서울284 | 문화역 서울 284 | 문화역서울 284 전시 | 문화역서울284 서울 중구 통일로 1,https://search.naver.com/search.naver?where=image&query=%EB%AC%B8%ED%99%94%EC%97%AD%EC%84%9C%EC%9A%B8284,/assets/naver-courses/3d36d14fe9634c9541bda6cb.jpg,검수완료
course-00794,일편등심 강남 → 무신사 스토어 강남 → 아펜즈커피 서초교대역점 코스,일편등심 강남,서울 강남구 테헤란로1길 20,일편등심 강남 → 무신사 스토어 강남 → 아펜즈커피 서초교대역점,"쇼핑, 음식점, 카페",일편등심 강남점 | 강남 일편등심 | 일편등심 테헤란로1길 20 | 일편등심 강남점 서울 강남구 테헤란로1길 20,https://search.naver.com/search.naver?where=image&query=%EC%9D%BC%ED%8E%B8%EB%93%B1%EC%8B%AC%20%EA%B0%95%EB%82%A8%EC%A0%90,/assets/naver-courses/c3a047f246879e15556f3f61.jpg,검수완료
course-00795,문화역서울284 → 텐스퀘어 오슬로 회현 → 애성회관 코스,문화역서울284,서울 중구 통일로 1,문화역서울284 → 텐스퀘어 오슬로 회현 → 애성회관,"음식점, 전시, 카페",문화역서울284 | 문화역 서울 284 | 문화역서울 284 전시 | 문화역서울284 서울 중구 통일로 1,https://search.naver.com/search.naver?where=image&query=%EB%AC%B8%ED%99%94%EC%97%AD%EC%84%9C%EC%9A%B8284,,사진 미완료 · 수동 검색 인계
course-00796,일편등심 강남 → 블루보틀 역삼카페 → 서울선릉과정릉 코스,일편등심 강남,서울 강남구 테헤란로1길 20,일편등심 강남 → 블루보틀 역삼카페 → 서울선릉과정릉,"관광, 음식점, 카페",일편등심 강남점 | 강남 일편등심 | 일편등심 테헤란로1길 20 | 일편등심 강남점 서울 강남구 테헤란로1길 20,https://search.naver.com/search.naver?where=image&query=%EC%9D%BC%ED%8E%B8%EB%93%B1%EC%8B%AC%20%EA%B0%95%EB%82%A8%EC%A0%90,/assets/naver-courses/6cf5c82b0a6ac1a7f62199eb.jpg,검수완료
course-00797,동대문디자인플라자 디자인전시관 → 던던 동대문점 → 수잔나의앞치마 코스,동대문디자인플라자 디자인전시관,서울 중구 을지로 281,동대문디자인플라자 디자인전시관 → 던던 동대문점 → 수잔나의앞치마,"쇼핑, 전시, 카페",DDP 디자인전시관 | 동대문디자인플라자 디자인전시관 | DDP 뮤지엄 디자인전시관 | DDP 디자인전시관 서울 중구 을지로 281,https://search.naver.com/search.naver?where=image&query=DDP%20%EB%94%94%EC%9E%90%EC%9D%B8%EC%A0%84%EC%8B%9C%EA%B4%80,/assets/naver-courses/fb927c366afbde199a6b49f0.jpg,검수완료
course-00798,브이스퀘어 → 스타벅스 건국클래식점 → 코노하 건대점 코스,브이스퀘어,서울 광진구 아차산로 272,브이스퀘어 → 스타벅스 건국클래식점 → 코노하 건대점,"음식점, 전시, 카페",브이스퀘어 건대 | 브이스퀘어 롯데시네마 | V SQUARE 건대입구 | 브이스퀘어 건대 서울 광진구 아차산로 272,https://search.naver.com/search.naver?where=image&query=%EB%B8%8C%EC%9D%B4%EC%8A%A4%ED%80%98%EC%96%B4%20%EA%B1%B4%EB%8C%80,,사진 미완료 · 수동 검색 인계
course-00799,문화역서울284 → 희락갈치 → 덕수궁 코스,문화역서울284,서울 중구 통일로 1,문화역서울284 → 희락갈치 → 덕수궁,"관광, 음식점, 전시",문화역서울284 | 문화역 서울 284 | 문화역서울 284 전시 | 문화역서울284 서울 중구 통일로 1,https://search.naver.com/search.naver?where=image&query=%EB%AC%B8%ED%99%94%EC%97%AD%EC%84%9C%EC%9A%B8284,/assets/naver-courses/2c1690804aa4e02f3b50d7cb.jpg,검수완료
course-00800,잠실지하광장 쇼핑센터 → 에비뉴엘아트홀 → 오레노라멘 송파점 코스,잠실지하광장 쇼핑센터,서울 송파구 잠실로 지하 156,잠실지하광장 쇼핑센터 → 에비뉴엘아트홀 → 오레노라멘 송파점,"쇼핑, 음식점, 전시",잠실지하광장 쇼핑센터 | 잠실 지하광장 | 잠실지하광장 상가 | 잠실역 지하광장 | 잠실지하광장 쇼핑센터 서울 송파구 잠실로 지하 156,https://search.naver.com/search.naver?where=image&query=%EC%9E%A0%EC%8B%A4%EC%A7%80%ED%95%98%EA%B4%91%EC%9E%A5%20%EC%87%BC%ED%95%91%EC%84%BC%ED%84%B0,,사진 미완료 · 수동 검색 인계
course-00801,신도림이도식당 → 카페1953위드오드리 → 유니온아트페어 코스,신도림이도식당,서울 구로구 경인로 661,신도림이도식당 → 카페1953위드오드리 → 유니온아트페어,"음식점, 전시, 카페",신도림 이도식당 | 이도식당 신도림 | 이도식당 경인로 661 | 신도림 이도식당 서울 구로구 경인로 661,https://search.naver.com/search.naver?where=image&query=%EC%8B%A0%EB%8F%84%EB%A6%BC%20%EC%9D%B4%EB%8F%84%EC%8B%9D%EB%8B%B9,/assets/naver-courses/505f7d5d069b88206c1150e0.jpg,검수완료
course-00802,노란돼지 → 그루타 → 사당알뜰쇼핑 코스,노란돼지,서울 동작구 동작대로7길 97,노란돼지 → 그루타 → 사당알뜰쇼핑,"쇼핑, 음식점, 카페",노란돼지 사당 | 노란돼지 방배 | 노란돼지 동작대로7길 97 | 노란돼지 사당 서울 동작구 동작대로7길 97,https://search.naver.com/search.naver?where=image&query=%EB%85%B8%EB%9E%80%EB%8F%BC%EC%A7%80%20%EC%82%AC%EB%8B%B9,,사진 미완료 · 수동 검색 인계
course-00803,잠실지하광장 쇼핑센터 → 그림제작소 → 화반 방이점 코스,잠실지하광장 쇼핑센터,서울 송파구 잠실로 지하 156,잠실지하광장 쇼핑센터 → 그림제작소 → 화반 방이점,"쇼핑, 음식점, 카페",잠실지하광장 쇼핑센터 | 잠실 지하광장 | 잠실지하광장 상가 | 잠실역 지하광장 | 잠실지하광장 쇼핑센터 서울 송파구 잠실로 지하 156,https://search.naver.com/search.naver?where=image&query=%EC%9E%A0%EC%8B%A4%EC%A7%80%ED%95%98%EA%B4%91%EC%9E%A5%20%EC%87%BC%ED%95%91%EC%84%BC%ED%84%B0,,사진 미완료 · 수동 검색 인계
course-00804,신도림이도식당 → 카페1953위드오드리 → 예빛갤러리 코스,신도림이도식당,서울 구로구 경인로 661,신도림이도식당 → 카페1953위드오드리 → 예빛갤러리,"음식점, 전시, 카페",신도림 이도식당 | 이도식당 신도림 | 이도식당 경인로 661 | 신도림 이도식당 서울 구로구 경인로 661,https://search.naver.com/search.naver?where=image&query=%EC%8B%A0%EB%8F%84%EB%A6%BC%20%EC%9D%B4%EB%8F%84%EC%8B%9D%EB%8B%B9,/assets/naver-courses/b1ff7ff62c8a18e2098a5cd5.jpg,검수완료
course-00805,태양커피 서울사당점 → 참치마니아 → 파스텔시티 코스,태양커피 서울사당점,서울 서초구 방배천로 32,태양커피 서울사당점 → 참치마니아 → 파스텔시티,"쇼핑, 음식점, 카페",태양커피 사당점 | 사당 태양커피 | 태양커피 방배천로 32 | 태양커피 사당점 서울 서초구 방배천로 32,https://search.naver.com/search.naver?where=image&query=%ED%83%9C%EC%96%91%EC%BB%A4%ED%94%BC%20%EC%82%AC%EB%8B%B9%EC%A0%90,/assets/naver-courses/794a8d32a58c72733356080f.jpg,검수완료
course-00806,구씨네부엌 → 버터앤쉘터 연남점 → 류아트센터 코스,구씨네부엌,,구씨네부엌 → 버터앤쉘터 연남점 → 류아트센터,"음식점, 전시, 카페","구씨네부엌 | 홍대 구씨네 부엌 | 구씨네부엌 신촌 | 홍대 구씨네부엌 피자 | 구씨네부엌 파스타 | ""구씨네부엌""",https://search.naver.com/search.naver?where=image&query=%EA%B5%AC%EC%94%A8%EB%84%A4%EB%B6%80%EC%97%8C,,사진 미완료 · 수동 검색 인계
course-00807,일편등심 강남 → 미니말레 뢰스터리&커피바 서초교대점 → 서울아트나우갤러리 코스,일편등심 강남,서울 강남구 테헤란로1길 20,일편등심 강남 → 미니말레 뢰스터리&커피바 서초교대점 → 서울아트나우갤러리,"음식점, 전시, 카페",일편등심 강남점 | 강남 일편등심 | 일편등심 테헤란로1길 20 | 일편등심 강남점 서울 강남구 테헤란로1길 20,https://search.naver.com/search.naver?where=image&query=%EC%9D%BC%ED%8E%B8%EB%93%B1%EC%8B%AC%20%EA%B0%95%EB%82%A8%EC%A0%90,/assets/naver-courses/31d03b16d8586b20c02cc233.jpg,검수완료
course-00808,신도림이도식당 → 패스드 → 공간사일삼 코스,신도림이도식당,서울 구로구 경인로 661,신도림이도식당 → 패스드 → 공간사일삼,"음식점, 전시, 카페",신도림 이도식당 | 이도식당 신도림 | 이도식당 경인로 661 | 신도림 이도식당 서울 구로구 경인로 661,https://search.naver.com/search.naver?where=image&query=%EC%8B%A0%EB%8F%84%EB%A6%BC%20%EC%9D%B4%EB%8F%84%EC%8B%9D%EB%8B%B9,/assets/naver-courses/53d9aa0af9cdac3f5a99ec0a.jpg,검수완료
course-00809,신도림이도식당 → 백야 → 대안예술공간이포 코스,신도림이도식당,서울 구로구 경인로 661,신도림이도식당 → 백야 → 대안예술공간이포,"음식점, 전시, 카페",신도림 이도식당 | 이도식당 신도림 | 이도식당 경인로 661 | 신도림 이도식당 서울 구로구 경인로 661,https://search.naver.com/search.naver?where=image&query=%EC%8B%A0%EB%8F%84%EB%A6%BC%20%EC%9D%B4%EB%8F%84%EC%8B%9D%EB%8B%B9,/assets/naver-courses/eb6361fdc0024fca7bd01d5f.jpg,검수완료
course-00810,브이스퀘어 → 스타벅스 건국클래식점 → 계탄집 코스,브이스퀘어,서울 광진구 아차산로 272,브이스퀘어 → 스타벅스 건국클래식점 → 계탄집,"음식점, 전시, 카페",브이스퀘어 건대 | 브이스퀘어 롯데시네마 | V SQUARE 건대입구 | 브이스퀘어 건대 서울 광진구 아차산로 272,https://search.naver.com/search.naver?where=image&query=%EB%B8%8C%EC%9D%B4%EC%8A%A4%ED%80%98%EC%96%B4%20%EA%B1%B4%EB%8C%80,,사진 미완료 · 수동 검색 인계
course-00811,일편등심 강남 → 크리에잇쿠키 역삼점 → 논현가구거리 코스,일편등심 강남,서울 강남구 테헤란로1길 20,일편등심 강남 → 크리에잇쿠키 역삼점 → 논현가구거리,"관광, 음식점, 카페",일편등심 강남점 | 강남 일편등심 | 일편등심 테헤란로1길 20 | 일편등심 강남점 서울 강남구 테헤란로1길 20,https://search.naver.com/search.naver?where=image&query=%EC%9D%BC%ED%8E%B8%EB%93%B1%EC%8B%AC%20%EA%B0%95%EB%82%A8%EC%A0%90,/assets/naver-courses/0a14ac36f8eeb48224e59e30.jpg,검수완료
course-00812,구씨네부엌 → 뉴스뮤지엄 연희점 → 104고지전적비 코스,구씨네부엌,,구씨네부엌 → 뉴스뮤지엄 연희점 → 104고지전적비,"관광, 음식점, 전시","구씨네부엌 | 홍대 구씨네 부엌 | 구씨네부엌 신촌 | 홍대 구씨네부엌 피자 | 구씨네부엌 파스타 | ""구씨네부엌""",https://search.naver.com/search.naver?where=image&query=%EA%B5%AC%EC%94%A8%EB%84%A4%EB%B6%80%EC%97%8C,,사진 미완료 · 수동 검색 인계
course-00813,신도림이도식당 → 구캔갤러리 → MKSHOPPING(엠케이쇼핑) 코스,신도림이도식당,서울 구로구 경인로 661,신도림이도식당 → 구캔갤러리 → MKSHOPPING(엠케이쇼핑),"쇼핑, 음식점, 전시",신도림 이도식당 | 이도식당 신도림 | 이도식당 경인로 661 | 신도림 이도식당 서울 구로구 경인로 661,https://search.naver.com/search.naver?where=image&query=%EC%8B%A0%EB%8F%84%EB%A6%BC%20%EC%9D%B4%EB%8F%84%EC%8B%9D%EB%8B%B9,,사진 미완료 · 수동 검색 인계
course-00814,노란돼지 → 스타벅스 사당역점 → 이수역꼬치거리 코스,노란돼지,서울 동작구 동작대로7길 97,노란돼지 → 스타벅스 사당역점 → 이수역꼬치거리,"관광, 음식점, 카페",노란돼지 사당 | 노란돼지 방배 | 노란돼지 동작대로7길 97 | 노란돼지 사당 서울 동작구 동작대로7길 97,https://search.naver.com/search.naver?where=image&query=%EB%85%B8%EB%9E%80%EB%8F%BC%EC%A7%80%20%EC%82%AC%EB%8B%B9,,사진 미완료 · 수동 검색 인계
course-00815,일편등심 강남 → 더샵스앳센터필드 → 서울선릉과정릉 코스,일편등심 강남,서울 강남구 테헤란로1길 20,일편등심 강남 → 더샵스앳센터필드 → 서울선릉과정릉,"관광, 쇼핑, 음식점",일편등심 강남점 | 강남 일편등심 | 일편등심 테헤란로1길 20 | 일편등심 강남점 서울 강남구 테헤란로1길 20,https://search.naver.com/search.naver?where=image&query=%EC%9D%BC%ED%8E%B8%EB%93%B1%EC%8B%AC%20%EA%B0%95%EB%82%A8%EC%A0%90,/assets/naver-courses/7a34604aa0f5e16a345f36f5.jpg,검수완료
course-00816,잠실지하광장 쇼핑센터 → 그림제작소 → 오레노라멘 송파점 코스,잠실지하광장 쇼핑센터,서울 송파구 잠실로 지하 156,잠실지하광장 쇼핑센터 → 그림제작소 → 오레노라멘 송파점,"쇼핑, 음식점, 카페",잠실지하광장 쇼핑센터 | 잠실 지하광장 | 잠실지하광장 상가 | 잠실역 지하광장 | 잠실지하광장 쇼핑센터 서울 송파구 잠실로 지하 156,https://search.naver.com/search.naver?where=image&query=%EC%9E%A0%EC%8B%A4%EC%A7%80%ED%95%98%EA%B4%91%EC%9E%A5%20%EC%87%BC%ED%95%91%EC%84%BC%ED%84%B0,,사진 미완료 · 수동 검색 인계
course-00817,신도림이도식당 → 아도 티하우스 → 대안예술공간이포 코스,신도림이도식당,서울 구로구 경인로 661,신도림이도식당 → 아도 티하우스 → 대안예술공간이포,"음식점, 전시, 카페",신도림 이도식당 | 이도식당 신도림 | 이도식당 경인로 661 | 신도림 이도식당 서울 구로구 경인로 661,https://search.naver.com/search.naver?where=image&query=%EC%8B%A0%EB%8F%84%EB%A6%BC%20%EC%9D%B4%EB%8F%84%EC%8B%9D%EB%8B%B9,/assets/naver-courses/481c13248dd3d345c51c3639.jpg,검수완료
course-00818,서울특별시청 하늘광장갤러리 → 무교동북어국집 → 알레그리아 광화문케이스퀘어시티점 코스,서울특별시청 하늘광장갤러리,서울 중구 세종대로 110,서울특별시청 하늘광장갤러리 → 무교동북어국집 → 알레그리아 광화문케이스퀘어시티점,"음식점, 전시, 카페",서울시청 하늘광장 갤러리 | 하늘광장갤러리 | 시청 하늘광장갤러리 전시 | 서울시청 하늘광장 갤러리 서울 중구 세종대로 110,https://search.naver.com/search.naver?where=image&query=%EC%84%9C%EC%9A%B8%EC%8B%9C%EC%B2%AD%20%ED%95%98%EB%8A%98%EA%B4%91%EC%9E%A5%20%EA%B0%A4%EB%9F%AC%EB%A6%AC,,사진 미완료 · 수동 검색 인계
course-00819,브이스퀘어 → 요비 → 앤시넌 코스,브이스퀘어,서울 광진구 아차산로 272,브이스퀘어 → 요비 → 앤시넌,"음식점, 전시, 카페",브이스퀘어 건대 | 브이스퀘어 롯데시네마 | V SQUARE 건대입구 | 브이스퀘어 건대 서울 광진구 아차산로 272,https://search.naver.com/search.naver?where=image&query=%EB%B8%8C%EC%9D%B4%EC%8A%A4%ED%80%98%EC%96%B4%20%EA%B1%B4%EB%8C%80,,사진 미완료 · 수동 검색 인계
course-00820,노란돼지 → 윤남아트스페이스 → 사당알뜰쇼핑 코스,노란돼지,서울 동작구 동작대로7길 97,노란돼지 → 윤남아트스페이스 → 사당알뜰쇼핑,"쇼핑, 음식점, 전시",노란돼지 사당 | 노란돼지 방배 | 노란돼지 동작대로7길 97 | 노란돼지 사당 서울 동작구 동작대로7길 97,https://search.naver.com/search.naver?where=image&query=%EB%85%B8%EB%9E%80%EB%8F%BC%EC%A7%80%20%EC%82%AC%EB%8B%B9,,사진 미완료 · 수동 검색 인계
course-00821,일편등심 강남 → 크리에잇쿠키 역삼점 → 서울선릉과정릉 코스,일편등심 강남,서울 강남구 테헤란로1길 20,일편등심 강남 → 크리에잇쿠키 역삼점 → 서울선릉과정릉,"관광, 음식점, 카페",일편등심 강남점 | 강남 일편등심 | 일편등심 테헤란로1길 20 | 일편등심 강남점 서울 강남구 테헤란로1길 20,https://search.naver.com/search.naver?where=image&query=%EC%9D%BC%ED%8E%B8%EB%93%B1%EC%8B%AC%20%EA%B0%95%EB%82%A8%EC%A0%90,/assets/naver-courses/825ab8fe0bdbb827d258d410.jpg,검수완료
course-00822,문화역서울284 → 정동전망대 → 애성회관 코스,문화역서울284,서울 중구 통일로 1,문화역서울284 → 정동전망대 → 애성회관,"관광, 음식점, 전시",문화역서울284 | 문화역 서울 284 | 문화역서울 284 전시 | 문화역서울284 서울 중구 통일로 1,https://search.naver.com/search.naver?where=image&query=%EB%AC%B8%ED%99%94%EC%97%AD%EC%84%9C%EC%9A%B8284,/assets/naver-courses/353a7636f5f50529bd9d7a24.jpg,검수완료
course-00823,구씨네부엌 → 덕스(DUEX) → 스타광장 코스,구씨네부엌,,구씨네부엌 → 덕스(DUEX) → 스타광장,"관광, 음식점, 전시","구씨네부엌 | 홍대 구씨네 부엌 | 구씨네부엌 신촌 | 홍대 구씨네부엌 피자 | 구씨네부엌 파스타 | ""구씨네부엌""",https://search.naver.com/search.naver?where=image&query=%EA%B5%AC%EC%94%A8%EB%84%A4%EB%B6%80%EC%97%8C,,사진 미완료 · 수동 검색 인계
course-00824,건국대학교 일감호 → 엔지니어링역사관 코스,건국대학교 일감호,서울 광진구 능동로 120,건국대학교 일감호 → 엔지니어링역사관,"관광, 전시",건국대학교 일감호 | 건대 일감호 | 일감호 | 건국대학교 일감호 서울 광진구 능동로 120,https://search.naver.com/search.naver?where=image&query=%EA%B1%B4%EA%B5%AD%EB%8C%80%ED%95%99%EA%B5%90%20%EC%9D%BC%EA%B0%90%ED%98%B8,/assets/naver-courses/c6a0b120656578b5cd60c918.jpg,검수완료
course-00825,신도림이도식당 → 패스드 → 대안예술공간이포 코스,신도림이도식당,서울 구로구 경인로 661,신도림이도식당 → 패스드 → 대안예술공간이포,"음식점, 전시, 카페",신도림 이도식당 | 이도식당 신도림 | 이도식당 경인로 661 | 신도림 이도식당 서울 구로구 경인로 661,https://search.naver.com/search.naver?where=image&query=%EC%8B%A0%EB%8F%84%EB%A6%BC%20%EC%9D%B4%EB%8F%84%EC%8B%9D%EB%8B%B9,/assets/naver-courses/a8470d7170cd176ec51b0178.jpg,검수완료
course-00826,노란돼지 → 사당1동먹자골목상점가 → 쇼핑그라운드 코스,노란돼지,서울 동작구 동작대로7길 97,노란돼지 → 사당1동먹자골목상점가 → 쇼핑그라운드,"관광, 쇼핑, 음식점",노란돼지 사당 | 노란돼지 방배 | 노란돼지 동작대로7길 97 | 노란돼지 사당 서울 동작구 동작대로7길 97,https://search.naver.com/search.naver?where=image&query=%EB%85%B8%EB%9E%80%EB%8F%BC%EC%A7%80%20%EC%82%AC%EB%8B%B9,,사진 미완료 · 수동 검색 인계
course-00827,정동전망대 → 커피스니퍼 → 희락갈치 코스,정동전망대,서울 중구 덕수궁길 15,정동전망대 → 커피스니퍼 → 희락갈치,"관광, 음식점, 카페",정동전망대 | 정동 전망대 | 정동전망대 덕수궁 | 정동전망대 서울 중구 덕수궁길 15,https://search.naver.com/search.naver?where=image&query=%EC%A0%95%EB%8F%99%EC%A0%84%EB%A7%9D%EB%8C%80,/assets/naver-courses/b7c802e31abbb32751402824.jpg,검수완료
course-00828,신도림이도식당 → 카페1953위드오드리 → 대안예술공간이포 코스,신도림이도식당,서울 구로구 경인로 661,신도림이도식당 → 카페1953위드오드리 → 대안예술공간이포,"음식점, 전시, 카페",신도림 이도식당 | 이도식당 신도림 | 이도식당 경인로 661 | 신도림 이도식당 서울 구로구 경인로 661,https://search.naver.com/search.naver?where=image&query=%EC%8B%A0%EB%8F%84%EB%A6%BC%20%EC%9D%B4%EB%8F%84%EC%8B%9D%EB%8B%B9,/assets/naver-courses/c4cf9042bb1dd29c03aeb44b.jpg,검수완료
course-00829,일편등심 강남 → 이바인체험샵 → 서울아트나우갤러리 코스,일편등심 강남,서울 강남구 테헤란로1길 20,일편등심 강남 → 이바인체험샵 → 서울아트나우갤러리,"쇼핑, 음식점, 전시",일편등심 강남점 | 강남 일편등심 | 일편등심 테헤란로1길 20 | 일편등심 강남점 서울 강남구 테헤란로1길 20,https://search.naver.com/search.naver?where=image&query=%EC%9D%BC%ED%8E%B8%EB%93%B1%EC%8B%AC%20%EA%B0%95%EB%82%A8%EC%A0%90,/assets/naver-courses/b4676fcac280d5f8bc1ac76f.jpg,검수완료
course-00830,동대문디자인플라자 디자인전시관 → 문화역서울284 코스,동대문디자인플라자 디자인전시관,서울 중구 을지로 281,동대문디자인플라자 디자인전시관 → 문화역서울284,전시,DDP 디자인전시관 | 동대문디자인플라자 디자인전시관 | DDP 뮤지엄 디자인전시관 | DDP 디자인전시관 서울 중구 을지로 281,https://search.naver.com/search.naver?where=image&query=DDP%20%EB%94%94%EC%9E%90%EC%9D%B8%EC%A0%84%EC%8B%9C%EA%B4%80,/assets/naver-courses/8137a9ce152439181abbbc4d.jpg,검수완료
course-00831,노란돼지 → 리요리요커피 → 이수역꼬치거리 코스,노란돼지,서울 동작구 동작대로7길 97,노란돼지 → 리요리요커피 → 이수역꼬치거리,"관광, 음식점, 카페",노란돼지 사당 | 노란돼지 방배 | 노란돼지 동작대로7길 97 | 노란돼지 사당 서울 동작구 동작대로7길 97,https://search.naver.com/search.naver?where=image&query=%EB%85%B8%EB%9E%80%EB%8F%BC%EC%A7%80%20%EC%82%AC%EB%8B%B9,,사진 미완료 · 수동 검색 인계
course-00832,노란돼지 → 사당1동먹자골목상점가 → 사당알뜰쇼핑 코스,노란돼지,서울 동작구 동작대로7길 97,노란돼지 → 사당1동먹자골목상점가 → 사당알뜰쇼핑,"관광, 쇼핑, 음식점",노란돼지 사당 | 노란돼지 방배 | 노란돼지 동작대로7길 97 | 노란돼지 사당 서울 동작구 동작대로7길 97,https://search.naver.com/search.naver?where=image&query=%EB%85%B8%EB%9E%80%EB%8F%BC%EC%A7%80%20%EC%82%AC%EB%8B%B9,,사진 미완료 · 수동 검색 인계
course-00833,일편등심 강남 → 서리풀푸드트럭존 → 카몽 코스,일편등심 강남,서울 강남구 테헤란로1길 20,일편등심 강남 → 서리풀푸드트럭존 → 카몽,"관광, 음식점, 카페",일편등심 강남점 | 강남 일편등심 | 일편등심 테헤란로1길 20 | 일편등심 강남점 서울 강남구 테헤란로1길 20,https://search.naver.com/search.naver?where=image&query=%EC%9D%BC%ED%8E%B8%EB%93%B1%EC%8B%AC%20%EA%B0%95%EB%82%A8%EC%A0%90,/assets/naver-courses/b920df14c9bf56ec570255da.jpg,검수완료
course-00834,노란돼지 → 태양커피 서울사당점 → 이수역꼬치거리 코스,노란돼지,서울 동작구 동작대로7길 97,노란돼지 → 태양커피 서울사당점 → 이수역꼬치거리,"관광, 음식점, 카페",노란돼지 사당 | 노란돼지 방배 | 노란돼지 동작대로7길 97 | 노란돼지 사당 서울 동작구 동작대로7길 97,https://search.naver.com/search.naver?where=image&query=%EB%85%B8%EB%9E%80%EB%8F%BC%EC%A7%80%20%EC%82%AC%EB%8B%B9,,사진 미완료 · 수동 검색 인계
course-00835,건국대학교 일감호 → 앤시넌 → 요비 코스,건국대학교 일감호,서울 광진구 능동로 120,건국대학교 일감호 → 앤시넌 → 요비,"관광, 음식점, 카페",건국대학교 일감호 | 건대 일감호 | 일감호 | 건국대학교 일감호 서울 광진구 능동로 120,https://search.naver.com/search.naver?where=image&query=%EA%B1%B4%EA%B5%AD%EB%8C%80%ED%95%99%EA%B5%90%20%EC%9D%BC%EA%B0%90%ED%98%B8,,사진 미완료 · 수동 검색 인계
course-00836,커넥트투 → 화반 방이점 → 그림제작소 코스,커넥트투,서울 송파구 올림픽로 300,커넥트투 → 화반 방이점 → 그림제작소,"음식점, 전시, 카페",커넥트투 잠실 | 커넥트투 롯데월드몰 | CONNECT TO 잠실 | 커넥트투 잠실 서울 송파구 올림픽로 300,https://search.naver.com/search.naver?where=image&query=%EC%BB%A4%EB%84%A5%ED%8A%B8%ED%88%AC%20%EC%9E%A0%EC%8B%A4,/assets/naver-courses/d736e9280c1185c7a39fe60f.jpg,검수완료
course-00837,일편등심 강남 → 이바인체험샵 → 캐논갤러리 코스,일편등심 강남,서울 강남구 테헤란로1길 20,일편등심 강남 → 이바인체험샵 → 캐논갤러리,"쇼핑, 음식점, 전시",일편등심 강남점 | 강남 일편등심 | 일편등심 테헤란로1길 20 | 일편등심 강남점 서울 강남구 테헤란로1길 20,https://search.naver.com/search.naver?where=image&query=%EC%9D%BC%ED%8E%B8%EB%93%B1%EC%8B%AC%20%EA%B0%95%EB%82%A8%EC%A0%90,/assets/naver-courses/7e619d7b7aa1bfc6c93ddfc5.jpg,검수완료
course-00838,잠실지하광장 쇼핑센터 → 커넥트투 → 방이돈가 코스,잠실지하광장 쇼핑센터,서울 송파구 잠실로 지하 156,잠실지하광장 쇼핑센터 → 커넥트투 → 방이돈가,"쇼핑, 음식점, 전시",잠실지하광장 쇼핑센터 | 잠실 지하광장 | 잠실지하광장 상가 | 잠실역 지하광장 | 잠실지하광장 쇼핑센터 서울 송파구 잠실로 지하 156,https://search.naver.com/search.naver?where=image&query=%EC%9E%A0%EC%8B%A4%EC%A7%80%ED%95%98%EA%B4%91%EC%9E%A5%20%EC%87%BC%ED%95%91%EC%84%BC%ED%84%B0,,사진 미완료 · 수동 검색 인계
course-00839,일편등심 강남 → 서리풀푸드트럭존 → 스티머스팩토리샵 서초 코스,일편등심 강남,서울 강남구 테헤란로1길 20,일편등심 강남 → 서리풀푸드트럭존 → 스티머스팩토리샵 서초,"관광, 음식점, 카페",일편등심 강남점 | 강남 일편등심 | 일편등심 테헤란로1길 20 | 일편등심 강남점 서울 강남구 테헤란로1길 20,https://search.naver.com/search.naver?where=image&query=%EC%9D%BC%ED%8E%B8%EB%93%B1%EC%8B%AC%20%EA%B0%95%EB%82%A8%EC%A0%90,,사진 미완료 · 수동 검색 인계
course-00840,브이스퀘어 → 스타벅스 건국클래식점 → 건국대학교 일감호 코스,브이스퀘어,서울 광진구 아차산로 272,브이스퀘어 → 스타벅스 건국클래식점 → 건국대학교 일감호,"관광, 전시, 카페",브이스퀘어 건대 | 브이스퀘어 롯데시네마 | V SQUARE 건대입구 | 브이스퀘어 건대 서울 광진구 아차산로 272,https://search.naver.com/search.naver?where=image&query=%EB%B8%8C%EC%9D%B4%EC%8A%A4%ED%80%98%EC%96%B4%20%EA%B1%B4%EB%8C%80,/assets/naver-courses/144ebca1e0504de77daa574e.jpg,검수완료
course-00841,서울특별시청 하늘광장갤러리 → 초류향 → 알레그리아 광화문케이스퀘어시티점 코스,서울특별시청 하늘광장갤러리,서울 중구 세종대로 110,서울특별시청 하늘광장갤러리 → 초류향 → 알레그리아 광화문케이스퀘어시티점,"음식점, 전시, 카페",서울시청 하늘광장 갤러리 | 하늘광장갤러리 | 시청 하늘광장갤러리 전시 | 서울시청 하늘광장 갤러리 서울 중구 세종대로 110,https://search.naver.com/search.naver?where=image&query=%EC%84%9C%EC%9A%B8%EC%8B%9C%EC%B2%AD%20%ED%95%98%EB%8A%98%EA%B4%91%EC%9E%A5%20%EA%B0%A4%EB%9F%AC%EB%A6%AC,/assets/naver-courses/2157f67311de7923df2cd08c.jpg,검수완료
course-00842,신도림이도식당 → 도림천 → 스페이스엑스엑스 코스,신도림이도식당,서울 구로구 경인로 661,신도림이도식당 → 도림천 → 스페이스엑스엑스,"관광, 음식점, 전시",신도림 이도식당 | 이도식당 신도림 | 이도식당 경인로 661 | 신도림 이도식당 서울 구로구 경인로 661,https://search.naver.com/search.naver?where=image&query=%EC%8B%A0%EB%8F%84%EB%A6%BC%20%EC%9D%B4%EB%8F%84%EC%8B%9D%EB%8B%B9,/assets/naver-courses/d734b22e423b79fe5408fc7d.jpg,검수완료
course-00843,일편등심 강남 → 가배도 신논현점 → 더샵스앳센터필드 코스,일편등심 강남,서울 강남구 테헤란로1길 20,일편등심 강남 → 가배도 신논현점 → 더샵스앳센터필드,"쇼핑, 음식점, 카페",일편등심 강남점 | 강남 일편등심 | 일편등심 테헤란로1길 20 | 일편등심 강남점 서울 강남구 테헤란로1길 20,https://search.naver.com/search.naver?where=image&query=%EC%9D%BC%ED%8E%B8%EB%93%B1%EC%8B%AC%20%EA%B0%95%EB%82%A8%EC%A0%90,,사진 미완료 · 수동 검색 인계
course-00844,잠실지하광장 쇼핑센터 → 아키비스트 송파점 → 방이돈가 코스,잠실지하광장 쇼핑센터,서울 송파구 잠실로 지하 156,잠실지하광장 쇼핑센터 → 아키비스트 송파점 → 방이돈가,"쇼핑, 음식점, 카페",잠실지하광장 쇼핑센터 | 잠실 지하광장 | 잠실지하광장 상가 | 잠실역 지하광장 | 잠실지하광장 쇼핑센터 서울 송파구 잠실로 지하 156,https://search.naver.com/search.naver?where=image&query=%EC%9E%A0%EC%8B%A4%EC%A7%80%ED%95%98%EA%B4%91%EC%9E%A5%20%EC%87%BC%ED%95%91%EC%84%BC%ED%84%B0,,사진 미완료 · 수동 검색 인계
course-00845,노란돼지 → 스타벅스 사당역점 → 사당알뜰쇼핑 코스,노란돼지,서울 동작구 동작대로7길 97,노란돼지 → 스타벅스 사당역점 → 사당알뜰쇼핑,"쇼핑, 음식점, 카페",노란돼지 사당 | 노란돼지 방배 | 노란돼지 동작대로7길 97 | 노란돼지 사당 서울 동작구 동작대로7길 97,https://search.naver.com/search.naver?where=image&query=%EB%85%B8%EB%9E%80%EB%8F%BC%EC%A7%80%20%EC%82%AC%EB%8B%B9,,사진 미완료 · 수동 검색 인계
course-00846,잠실지하광장 쇼핑센터 → 송파나루공원 삼전도비 → 워커스커피로스터스 코스,잠실지하광장 쇼핑센터,서울 송파구 잠실로 지하 156,잠실지하광장 쇼핑센터 → 송파나루공원 삼전도비 → 워커스커피로스터스,"관광, 쇼핑, 카페",잠실지하광장 쇼핑센터 | 잠실 지하광장 | 잠실지하광장 상가 | 잠실역 지하광장 | 잠실지하광장 쇼핑센터 서울 송파구 잠실로 지하 156,https://search.naver.com/search.naver?where=image&query=%EC%9E%A0%EC%8B%A4%EC%A7%80%ED%95%98%EA%B4%91%EC%9E%A5%20%EC%87%BC%ED%95%91%EC%84%BC%ED%84%B0,,사진 미완료 · 수동 검색 인계
course-00847,잠실지하광장 쇼핑센터 → 화반 방이점 → 방이동먹자골목 코스,잠실지하광장 쇼핑센터,서울 송파구 잠실로 지하 156,잠실지하광장 쇼핑센터 → 화반 방이점 → 방이동먹자골목,"관광, 쇼핑, 음식점",잠실지하광장 쇼핑센터 | 잠실 지하광장 | 잠실지하광장 상가 | 잠실역 지하광장 | 잠실지하광장 쇼핑센터 서울 송파구 잠실로 지하 156,https://search.naver.com/search.naver?where=image&query=%EC%9E%A0%EC%8B%A4%EC%A7%80%ED%95%98%EA%B4%91%EC%9E%A5%20%EC%87%BC%ED%95%91%EC%84%BC%ED%84%B0,,사진 미완료 · 수동 검색 인계
course-00848,문화역서울284 → 엘카페커피로스터스 → 일미집 코스,문화역서울284,서울 중구 통일로 1,문화역서울284 → 엘카페커피로스터스 → 일미집,"음식점, 전시, 카페",문화역서울284 | 문화역 서울 284 | 문화역서울 284 전시 | 문화역서울284 서울 중구 통일로 1,https://search.naver.com/search.naver?where=image&query=%EB%AC%B8%ED%99%94%EC%97%AD%EC%84%9C%EC%9A%B8284,/assets/naver-courses/6775beefbed5b5f16b77cd59.jpg,검수완료
course-00849,일편등심 강남 → 무신사 스토어 강남 → 미니말레 뢰스터리&커피바 서초교대점 코스,일편등심 강남,서울 강남구 테헤란로1길 20,일편등심 강남 → 무신사 스토어 강남 → 미니말레 뢰스터리&커피바 서초교대점,"쇼핑, 음식점, 카페",일편등심 강남점 | 강남 일편등심 | 일편등심 테헤란로1길 20 | 일편등심 강남점 서울 강남구 테헤란로1길 20,https://search.naver.com/search.naver?where=image&query=%EC%9D%BC%ED%8E%B8%EB%93%B1%EC%8B%AC%20%EA%B0%95%EB%82%A8%EC%A0%90,,사진 미완료 · 수동 검색 인계
course-00850,문화역서울284 → 쇼핑하는사람들 → 남산케이블카 코스,문화역서울284,서울 중구 통일로 1,문화역서울284 → 쇼핑하는사람들 → 남산케이블카,"관광, 쇼핑, 전시",문화역서울284 | 문화역 서울 284 | 문화역서울 284 전시 | 문화역서울284 서울 중구 통일로 1,https://search.naver.com/search.naver?where=image&query=%EB%AC%B8%ED%99%94%EC%97%AD%EC%84%9C%EC%9A%B8284,/assets/naver-courses/b908b5c26f56dd0199162d76.jpg,검수완료
course-00851,잠실지하광장 쇼핑센터 → 석촌호수 동호 → 하우피 코스,잠실지하광장 쇼핑센터,서울 송파구 잠실로 지하 156,잠실지하광장 쇼핑센터 → 석촌호수 동호 → 하우피,"관광, 쇼핑, 카페",잠실지하광장 쇼핑센터 | 잠실 지하광장 | 잠실지하광장 상가 | 잠실역 지하광장 | 잠실지하광장 쇼핑센터 서울 송파구 잠실로 지하 156,https://search.naver.com/search.naver?where=image&query=%EC%9E%A0%EC%8B%A4%EC%A7%80%ED%95%98%EA%B4%91%EC%9E%A5%20%EC%87%BC%ED%95%91%EC%84%BC%ED%84%B0,,사진 미완료 · 수동 검색 인계
course-00852,구씨네부엌 → 아이아이 연희 → 104고지전적비 코스,구씨네부엌,,구씨네부엌 → 아이아이 연희 → 104고지전적비,"관광, 음식점, 전시","구씨네부엌 | 홍대 구씨네 부엌 | 구씨네부엌 신촌 | 홍대 구씨네부엌 피자 | 구씨네부엌 파스타 | ""구씨네부엌""",https://search.naver.com/search.naver?where=image&query=%EA%B5%AC%EC%94%A8%EB%84%A4%EB%B6%80%EC%97%8C,,사진 미완료 · 수동 검색 인계
course-00853,로얄마카롱 → 일편등심 강남 → 이바인체험샵 코스,로얄마카롱,,로얄마카롱 → 일편등심 강남 → 이바인체험샵,"쇼핑, 음식점, 카페",로얄마카롱 | 서울 로얄마카롱 | 로얄마카롱 매장,https://search.naver.com/search.naver?where=image&query=%EB%A1%9C%EC%96%84%EB%A7%88%EC%B9%B4%EB%A1%B1,,사진 미완료 · 수동 검색 인계
course-00854,노란돼지 → 엔지니어링역사관 → 태양커피 서울사당점 코스,노란돼지,서울 동작구 동작대로7길 97,노란돼지 → 엔지니어링역사관 → 태양커피 서울사당점,"음식점, 전시, 카페",노란돼지 사당 | 노란돼지 방배 | 노란돼지 동작대로7길 97 | 노란돼지 사당 서울 동작구 동작대로7길 97,https://search.naver.com/search.naver?where=image&query=%EB%85%B8%EB%9E%80%EB%8F%BC%EC%A7%80%20%EC%82%AC%EB%8B%B9,,사진 미완료 · 수동 검색 인계
course-00855,노란돼지 → 스타벅스 사당역점 → 쇼핑그라운드 코스,노란돼지,서울 동작구 동작대로7길 97,노란돼지 → 스타벅스 사당역점 → 쇼핑그라운드,"쇼핑, 음식점, 카페",노란돼지 사당 | 노란돼지 방배 | 노란돼지 동작대로7길 97 | 노란돼지 사당 서울 동작구 동작대로7길 97,https://search.naver.com/search.naver?where=image&query=%EB%85%B8%EB%9E%80%EB%8F%BC%EC%A7%80%20%EC%82%AC%EB%8B%B9,,사진 미완료 · 수동 검색 인계
course-00856,커넥트투 → 석촌호수 동호 → 스타벅스 석촌호수점 코스,커넥트투,서울 송파구 올림픽로 300,커넥트투 → 석촌호수 동호 → 스타벅스 석촌호수점,"관광, 전시, 카페",커넥트투 잠실 | 커넥트투 롯데월드몰 | CONNECT TO 잠실 | 커넥트투 잠실 서울 송파구 올림픽로 300,https://search.naver.com/search.naver?where=image&query=%EC%BB%A4%EB%84%A5%ED%8A%B8%ED%88%AC%20%EC%9E%A0%EC%8B%A4,/assets/naver-courses/89a8d843e9cdbd9eab9337e3.jpg,검수완료
course-00857,문화역서울284 → 남산케이블카 → 목멱산방 남산타워점 코스,문화역서울284,서울 중구 통일로 1,문화역서울284 → 남산케이블카 → 목멱산방 남산타워점,"관광, 음식점, 전시",문화역서울284 | 문화역 서울 284 | 문화역서울 284 전시 | 문화역서울284 서울 중구 통일로 1,https://search.naver.com/search.naver?where=image&query=%EB%AC%B8%ED%99%94%EC%97%AD%EC%84%9C%EC%9A%B8284,,사진 미완료 · 수동 검색 인계
course-00858,브이스퀘어 → 스타벅스 건국대점 → 건국대학교 일감호 코스,브이스퀘어,서울 광진구 아차산로 272,브이스퀘어 → 스타벅스 건국대점 → 건국대학교 일감호,"관광, 전시, 카페",브이스퀘어 건대 | 브이스퀘어 롯데시네마 | V SQUARE 건대입구 | 브이스퀘어 건대 서울 광진구 아차산로 272,https://search.naver.com/search.naver?where=image&query=%EB%B8%8C%EC%9D%B4%EC%8A%A4%ED%80%98%EC%96%B4%20%EA%B1%B4%EB%8C%80,/assets/naver-courses/28c2c404b1d6c199d2d364e3.jpg,검수완료
course-00859,문화역서울284 → 베르시 → 숭례문 코스,문화역서울284,서울 중구 통일로 1,문화역서울284 → 베르시 → 숭례문,"관광, 전시, 카페",문화역서울284 | 문화역 서울 284 | 문화역서울 284 전시 | 문화역서울284 서울 중구 통일로 1,https://search.naver.com/search.naver?where=image&query=%EB%AC%B8%ED%99%94%EC%97%AD%EC%84%9C%EC%9A%B8284,/assets/naver-courses/2459d0c87ac5a79bf512bbff.jpg,검수완료
course-00860,구씨네부엌 → AC'SCENT(악센트) → 호밀밭 코스,구씨네부엌,,구씨네부엌 → AC'SCENT(악센트) → 호밀밭,"음식점, 전시, 카페","구씨네부엌 | 홍대 구씨네 부엌 | 구씨네부엌 신촌 | 홍대 구씨네부엌 피자 | 구씨네부엌 파스타 | ""구씨네부엌""",https://search.naver.com/search.naver?where=image&query=%EA%B5%AC%EC%94%A8%EB%84%A4%EB%B6%80%EC%97%8C,,사진 미완료 · 수동 검색 인계
course-00861,문화역서울284 → 쇼핑하는사람들 → 희락갈치 코스,문화역서울284,서울 중구 통일로 1,문화역서울284 → 쇼핑하는사람들 → 희락갈치,"쇼핑, 음식점, 전시",문화역서울284 | 문화역 서울 284 | 문화역서울 284 전시 | 문화역서울284 서울 중구 통일로 1,https://search.naver.com/search.naver?where=image&query=%EB%AC%B8%ED%99%94%EC%97%AD%EC%84%9C%EC%9A%B8284,/assets/naver-courses/f326bfebc99789910a7fac47.jpg,검수완료
course-00862,브이스퀘어 → 스타벅스 건국대점 → 매운향솥 코스,브이스퀘어,서울 광진구 아차산로 272,브이스퀘어 → 스타벅스 건국대점 → 매운향솥,"음식점, 전시, 카페",브이스퀘어 건대 | 브이스퀘어 롯데시네마 | V SQUARE 건대입구 | 브이스퀘어 건대 서울 광진구 아차산로 272,https://search.naver.com/search.naver?where=image&query=%EB%B8%8C%EC%9D%B4%EC%8A%A4%ED%80%98%EC%96%B4%20%EA%B1%B4%EB%8C%80,,사진 미완료 · 수동 검색 인계
course-00863,신도림이도식당 → 카페솔트 → 유니온아트페어 코스,신도림이도식당,서울 구로구 경인로 661,신도림이도식당 → 카페솔트 → 유니온아트페어,"음식점, 전시, 카페",신도림 이도식당 | 이도식당 신도림 | 이도식당 경인로 661 | 신도림 이도식당 서울 구로구 경인로 661,https://search.naver.com/search.naver?where=image&query=%EC%8B%A0%EB%8F%84%EB%A6%BC%20%EC%9D%B4%EB%8F%84%EC%8B%9D%EB%8B%B9,/assets/naver-courses/a6aeb0e1b4f90e5b41da6d76.jpg,검수완료
course-00864,잠실지하광장 쇼핑센터 → 그림제작소 → 피제리아라고 코스,잠실지하광장 쇼핑센터,서울 송파구 잠실로 지하 156,잠실지하광장 쇼핑센터 → 그림제작소 → 피제리아라고,"쇼핑, 음식점, 카페",잠실지하광장 쇼핑센터 | 잠실 지하광장 | 잠실지하광장 상가 | 잠실역 지하광장 | 잠실지하광장 쇼핑센터 서울 송파구 잠실로 지하 156,https://search.naver.com/search.naver?where=image&query=%EC%9E%A0%EC%8B%A4%EC%A7%80%ED%95%98%EA%B4%91%EC%9E%A5%20%EC%87%BC%ED%95%91%EC%84%BC%ED%84%B0,,사진 미완료 · 수동 검색 인계
course-00865,잠실지하광장 쇼핑센터 → BGN갤러리 롯데타워점 → 피제리아라고 코스,잠실지하광장 쇼핑센터,서울 송파구 잠실로 지하 156,잠실지하광장 쇼핑센터 → BGN갤러리 롯데타워점 → 피제리아라고,"쇼핑, 음식점, 전시",잠실지하광장 쇼핑센터 | 잠실 지하광장 | 잠실지하광장 상가 | 잠실역 지하광장 | 잠실지하광장 쇼핑센터 서울 송파구 잠실로 지하 156,https://search.naver.com/search.naver?where=image&query=%EC%9E%A0%EC%8B%A4%EC%A7%80%ED%95%98%EA%B4%91%EC%9E%A5%20%EC%87%BC%ED%95%91%EC%84%BC%ED%84%B0,,사진 미완료 · 수동 검색 인계
course-00866,구씨네부엌 → 스페이스갤러리아 서울홍대 → WP 코스,구씨네부엌,,구씨네부엌 → 스페이스갤러리아 서울홍대 → WP,"음식점, 전시, 카페","구씨네부엌 | 홍대 구씨네 부엌 | 구씨네부엌 신촌 | 홍대 구씨네부엌 피자 | 구씨네부엌 파스타 | ""구씨네부엌""",https://search.naver.com/search.naver?where=image&query=%EA%B5%AC%EC%94%A8%EB%84%A4%EB%B6%80%EC%97%8C,,사진 미완료 · 수동 검색 인계
course-00867,그라운드시소 센트럴 → 덕수정 → 전광수커피하우스 정동점 코스,그라운드시소 센트럴,서울 중구 세종대로 14,그라운드시소 센트럴 → 덕수정 → 전광수커피하우스 정동점,"음식점, 전시, 카페",그라운드시소 센트럴 | 센트럴 그라운드시소 | 그라운드시소 센트럴 전시 | 그라운드시소 센트럴 서울 중구 세종대로 14,https://search.naver.com/search.naver?where=image&query=%EA%B7%B8%EB%9D%BC%EC%9A%B4%EB%93%9C%EC%8B%9C%EC%86%8C%20%EC%84%BC%ED%8A%B8%EB%9F%B4,,사진 미완료 · 수동 검색 인계
course-00868,구씨네부엌 → 서울명예도로 끼리끼리5길 → 서당개2년로스터스 코스,구씨네부엌,,구씨네부엌 → 서울명예도로 끼리끼리5길 → 서당개2년로스터스,"관광, 음식점, 카페","구씨네부엌 | 홍대 구씨네 부엌 | 구씨네부엌 신촌 | 홍대 구씨네부엌 피자 | 구씨네부엌 파스타 | ""구씨네부엌""",https://search.naver.com/search.naver?where=image&query=%EA%B5%AC%EC%94%A8%EB%84%A4%EB%B6%80%EC%97%8C,,사진 미완료 · 수동 검색 인계
course-00869,건국대학교 일감호 → 앤시넌 → 육일관 본점 코스,건국대학교 일감호,서울 광진구 능동로 120,건국대학교 일감호 → 앤시넌 → 육일관 본점,"관광, 음식점, 카페",건국대학교 일감호 | 건대 일감호 | 일감호 | 건국대학교 일감호 서울 광진구 능동로 120,https://search.naver.com/search.naver?where=image&query=%EA%B1%B4%EA%B5%AD%EB%8C%80%ED%95%99%EA%B5%90%20%EC%9D%BC%EA%B0%90%ED%98%B8,,사진 미완료 · 수동 검색 인계
course-00870,문화역서울284 → 남대문갈치조림골목 → 가무 코스,문화역서울284,서울 중구 통일로 1,문화역서울284 → 남대문갈치조림골목 → 가무,"관광, 전시, 카페",문화역서울284 | 문화역 서울 284 | 문화역서울 284 전시 | 문화역서울284 서울 중구 통일로 1,https://search.naver.com/search.naver?where=image&query=%EB%AC%B8%ED%99%94%EC%97%AD%EC%84%9C%EC%9A%B8284,/assets/naver-courses/38b1d2ffc4d0b480cbfa8066.jpg,검수완료
course-00871,정동전망대 → 그라운드시소 센트럴 → 가메골손왕만두 남대문본점 코스,정동전망대,서울 중구 덕수궁길 15,정동전망대 → 그라운드시소 센트럴 → 가메골손왕만두 남대문본점,"관광, 음식점, 전시",정동전망대 | 정동 전망대 | 정동전망대 덕수궁 | 정동전망대 서울 중구 덕수궁길 15,https://search.naver.com/search.naver?where=image&query=%EC%A0%95%EB%8F%99%EC%A0%84%EB%A7%9D%EB%8C%80,/assets/naver-courses/a2f159d424cda97f000a674a.jpg,검수완료
course-00872,일편등심 강남 → 셀렉티드닉스 → 갤러리라보 코스,일편등심 강남,서울 강남구 테헤란로1길 20,일편등심 강남 → 셀렉티드닉스 → 갤러리라보,"음식점, 전시, 카페",일편등심 강남점 | 강남 일편등심 | 일편등심 테헤란로1길 20 | 일편등심 강남점 서울 강남구 테헤란로1길 20,https://search.naver.com/search.naver?where=image&query=%EC%9D%BC%ED%8E%B8%EB%93%B1%EC%8B%AC%20%EA%B0%95%EB%82%A8%EC%A0%90,/assets/naver-courses/7fce0ca6e7374b4f8381d560.jpg,검수완료
course-00873,잠실지하광장 쇼핑센터 → 롯데갤러리아트홀 → 하우피 코스,잠실지하광장 쇼핑센터,서울 송파구 잠실로 지하 156,잠실지하광장 쇼핑센터 → 롯데갤러리아트홀 → 하우피,"쇼핑, 전시, 카페",잠실지하광장 쇼핑센터 | 잠실 지하광장 | 잠실지하광장 상가 | 잠실역 지하광장 | 잠실지하광장 쇼핑센터 서울 송파구 잠실로 지하 156,https://search.naver.com/search.naver?where=image&query=%EC%9E%A0%EC%8B%A4%EC%A7%80%ED%95%98%EA%B4%91%EC%9E%A5%20%EC%87%BC%ED%95%91%EC%84%BC%ED%84%B0,,사진 미완료 · 수동 검색 인계
course-00874,만동제과 → 덕스(DUEX) → 홍대걷고싶은거리 코스,만동제과,서울 서대문구 연희로 32,만동제과 → 덕스(DUEX) → 홍대걷고싶은거리,"관광, 음식점, 전시",만동제과 연남점 | 만동제과 홍대 | 만동제과 연희로 32 | 만동제과 연남점 서울 서대문구 연희로 32,https://search.naver.com/search.naver?where=image&query=%EB%A7%8C%EB%8F%99%EC%A0%9C%EA%B3%BC%20%EC%97%B0%EB%82%A8%EC%A0%90,/assets/naver-courses/0a9879b098fb42076f63231f.jpg,검수완료
course-00875,동대문디자인플라자 디자인전시관 → 던던 동대문점 → 은주정 코스,동대문디자인플라자 디자인전시관,서울 중구 을지로 281,동대문디자인플라자 디자인전시관 → 던던 동대문점 → 은주정,"쇼핑, 음식점, 전시",DDP 디자인전시관 | 동대문디자인플라자 디자인전시관 | DDP 뮤지엄 디자인전시관 | DDP 디자인전시관 서울 중구 을지로 281,https://search.naver.com/search.naver?where=image&query=DDP%20%EB%94%94%EC%9E%90%EC%9D%B8%EC%A0%84%EC%8B%9C%EA%B4%80,/assets/naver-courses/4a2c8a44fd8a685e2a872e7f.jpg,검수완료
course-00876,잠실지하광장 쇼핑센터 → 롯데월드 어드벤처 → 넥스트뮤지엄 코스,잠실지하광장 쇼핑센터,서울 송파구 잠실로 지하 156,잠실지하광장 쇼핑센터 → 롯데월드 어드벤처 → 넥스트뮤지엄,"관광, 쇼핑, 전시",잠실지하광장 쇼핑센터 | 잠실 지하광장 | 잠실지하광장 상가 | 잠실역 지하광장 | 잠실지하광장 쇼핑센터 서울 송파구 잠실로 지하 156,https://search.naver.com/search.naver?where=image&query=%EC%9E%A0%EC%8B%A4%EC%A7%80%ED%95%98%EA%B4%91%EC%9E%A5%20%EC%87%BC%ED%95%91%EC%84%BC%ED%84%B0,,사진 미완료 · 수동 검색 인계
course-00877,정동전망대 → 커피스니퍼 → 서울도시건축전시관 코스,정동전망대,서울 중구 덕수궁길 15,정동전망대 → 커피스니퍼 → 서울도시건축전시관,"관광, 전시, 카페",정동전망대 | 정동 전망대 | 정동전망대 덕수궁 | 정동전망대 서울 중구 덕수궁길 15,https://search.naver.com/search.naver?where=image&query=%EC%A0%95%EB%8F%99%EC%A0%84%EB%A7%9D%EB%8C%80,/assets/naver-courses/00b92f913bbf9eca4a71b0fc.jpg,검수완료
course-00878,신도림이도식당 → 카페1953위드오드리 → 빈칸 문래 코스,신도림이도식당,서울 구로구 경인로 661,신도림이도식당 → 카페1953위드오드리 → 빈칸 문래,"음식점, 전시, 카페",신도림 이도식당 | 이도식당 신도림 | 이도식당 경인로 661 | 신도림 이도식당 서울 구로구 경인로 661,https://search.naver.com/search.naver?where=image&query=%EC%8B%A0%EB%8F%84%EB%A6%BC%20%EC%9D%B4%EB%8F%84%EC%8B%9D%EB%8B%B9,,사진 미완료 · 수동 검색 인계
course-00879,만동제과 → 엘씨오 코스,만동제과,서울 서대문구 연희로 32,만동제과 → 엘씨오,"음식점, 전시",만동제과 연남점 | 만동제과 홍대 | 만동제과 연희로 32 | 만동제과 연남점 서울 서대문구 연희로 32,https://search.naver.com/search.naver?where=image&query=%EB%A7%8C%EB%8F%99%EC%A0%9C%EA%B3%BC%20%EC%97%B0%EB%82%A8%EC%A0%90,/assets/naver-courses/e194f54184e602b9460b9160.jpg,검수완료
course-00880,문화역서울284 → 희락갈치 → 가무 코스,문화역서울284,서울 중구 통일로 1,문화역서울284 → 희락갈치 → 가무,"음식점, 전시, 카페",문화역서울284 | 문화역 서울 284 | 문화역서울 284 전시 | 문화역서울284 서울 중구 통일로 1,https://search.naver.com/search.naver?where=image&query=%EB%AC%B8%ED%99%94%EC%97%AD%EC%84%9C%EC%9A%B8284,,사진 미완료 · 수동 검색 인계
course-00881,신도림이도식당 → 아도 티하우스 → 빈칸 문래 코스,신도림이도식당,서울 구로구 경인로 661,신도림이도식당 → 아도 티하우스 → 빈칸 문래,"음식점, 전시, 카페",신도림 이도식당 | 이도식당 신도림 | 이도식당 경인로 661 | 신도림 이도식당 서울 구로구 경인로 661,https://search.naver.com/search.naver?where=image&query=%EC%8B%A0%EB%8F%84%EB%A6%BC%20%EC%9D%B4%EB%8F%84%EC%8B%9D%EB%8B%B9,/assets/naver-courses/4b40486eeb030b5199685357.jpg,검수완료
course-00882,노란돼지 → 리요리요커피 → 사당알뜰쇼핑 코스,노란돼지,서울 동작구 동작대로7길 97,노란돼지 → 리요리요커피 → 사당알뜰쇼핑,"쇼핑, 음식점, 카페",노란돼지 사당 | 노란돼지 방배 | 노란돼지 동작대로7길 97 | 노란돼지 사당 서울 동작구 동작대로7길 97,https://search.naver.com/search.naver?where=image&query=%EB%85%B8%EB%9E%80%EB%8F%BC%EC%A7%80%20%EC%82%AC%EB%8B%B9,,사진 미완료 · 수동 검색 인계
course-00883,노란돼지 → 파스텔시티 → 이수역꼬치거리 코스,노란돼지,서울 동작구 동작대로7길 97,노란돼지 → 파스텔시티 → 이수역꼬치거리,"관광, 쇼핑, 음식점",노란돼지 사당 | 노란돼지 방배 | 노란돼지 동작대로7길 97 | 노란돼지 사당 서울 동작구 동작대로7길 97,https://search.naver.com/search.naver?where=image&query=%EB%85%B8%EB%9E%80%EB%8F%BC%EC%A7%80%20%EC%82%AC%EB%8B%B9,,사진 미완료 · 수동 검색 인계
course-00884,문화역서울284 → 가메골손왕만두 남대문본점 → 덕수궁 대한문 코스,문화역서울284,서울 중구 통일로 1,문화역서울284 → 가메골손왕만두 남대문본점 → 덕수궁 대한문,"관광, 음식점, 전시",문화역서울284 | 문화역 서울 284 | 문화역서울 284 전시 | 문화역서울284 서울 중구 통일로 1,https://search.naver.com/search.naver?where=image&query=%EB%AC%B8%ED%99%94%EC%97%AD%EC%84%9C%EC%9A%B8284,,사진 미완료 · 수동 검색 인계
course-00885,문화역서울284 → 가메골손왕만두 남대문본점 → 덕수궁돌담길 코스,문화역서울284,서울 중구 통일로 1,문화역서울284 → 가메골손왕만두 남대문본점 → 덕수궁돌담길,"관광, 음식점, 전시",문화역서울284 | 문화역 서울 284 | 문화역서울 284 전시 | 문화역서울284 서울 중구 통일로 1,https://search.naver.com/search.naver?where=image&query=%EB%AC%B8%ED%99%94%EC%97%AD%EC%84%9C%EC%9A%B8284,/assets/naver-courses/88059775fea081592bacc9b8.jpg,검수완료
course-00886,로얄마카롱 → 자매수산 → 창업쇼핑 코스,로얄마카롱,,로얄마카롱 → 자매수산 → 창업쇼핑,"쇼핑, 음식점, 카페",로얄마카롱 | 서울 로얄마카롱 | 로얄마카롱 매장,https://search.naver.com/search.naver?where=image&query=%EB%A1%9C%EC%96%84%EB%A7%88%EC%B9%B4%EB%A1%B1,,사진 미완료 · 수동 검색 인계
course-00887,정동전망대 → 서울특별시청 하늘광장갤러리 → 알레그리아 광화문케이스퀘어시티점 코스,정동전망대,서울 중구 덕수궁길 15,정동전망대 → 서울특별시청 하늘광장갤러리 → 알레그리아 광화문케이스퀘어시티점,"관광, 전시, 카페",정동전망대 | 정동 전망대 | 정동전망대 덕수궁 | 정동전망대 서울 중구 덕수궁길 15,https://search.naver.com/search.naver?where=image&query=%EC%A0%95%EB%8F%99%EC%A0%84%EB%A7%9D%EB%8C%80,/assets/naver-courses/a9ec7a3e16ccd0305a0f7099.jpg,검수완료
course-00888,문화역서울284 → 금성관 → 덕수궁 대한문 코스,문화역서울284,서울 중구 통일로 1,문화역서울284 → 금성관 → 덕수궁 대한문,"관광, 음식점, 전시",문화역서울284 | 문화역 서울 284 | 문화역서울 284 전시 | 문화역서울284 서울 중구 통일로 1,https://search.naver.com/search.naver?where=image&query=%EB%AC%B8%ED%99%94%EC%97%AD%EC%84%9C%EC%9A%B8284,/assets/naver-courses/f02fef021ce87771e94181e1.jpg,검수완료
course-00889,만동제과 → 소녀전선2망명갤러리 → 104고지전적비 코스,만동제과,서울 서대문구 연희로 32,만동제과 → 소녀전선2망명갤러리 → 104고지전적비,"관광, 음식점, 전시",만동제과 연남점 | 만동제과 홍대 | 만동제과 연희로 32 | 만동제과 연남점 서울 서대문구 연희로 32,https://search.naver.com/search.naver?where=image&query=%EB%A7%8C%EB%8F%99%EC%A0%9C%EA%B3%BC%20%EC%97%B0%EB%82%A8%EC%A0%90,/assets/naver-courses/395b4c2ac10a1bfb66cc8ff4.jpg,검수완료
course-00890,잠실지하광장 쇼핑센터 → 뮤지엄209 → 아키비스트 송파점 코스,잠실지하광장 쇼핑센터,서울 송파구 잠실로 지하 156,잠실지하광장 쇼핑센터 → 뮤지엄209 → 아키비스트 송파점,"쇼핑, 전시, 카페",잠실지하광장 쇼핑센터 | 잠실 지하광장 | 잠실지하광장 상가 | 잠실역 지하광장 | 잠실지하광장 쇼핑센터 서울 송파구 잠실로 지하 156,https://search.naver.com/search.naver?where=image&query=%EC%9E%A0%EC%8B%A4%EC%A7%80%ED%95%98%EA%B4%91%EC%9E%A5%20%EC%87%BC%ED%95%91%EC%84%BC%ED%84%B0,,사진 미완료 · 수동 검색 인계
course-00891,구씨네부엌 → 띠아트뮤지엄 홍대 → 홍대축제거리 코스,구씨네부엌,,구씨네부엌 → 띠아트뮤지엄 홍대 → 홍대축제거리,"관광, 음식점, 전시","구씨네부엌 | 홍대 구씨네 부엌 | 구씨네부엌 신촌 | 홍대 구씨네부엌 피자 | 구씨네부엌 파스타 | ""구씨네부엌""",https://search.naver.com/search.naver?where=image&query=%EA%B5%AC%EC%94%A8%EB%84%A4%EB%B6%80%EC%97%8C,,사진 미완료 · 수동 검색 인계
course-00892,태양커피 서울사당점 → 미소네 → 파스텔시티 코스,태양커피 서울사당점,서울 서초구 방배천로 32,태양커피 서울사당점 → 미소네 → 파스텔시티,"쇼핑, 음식점, 카페",태양커피 사당점 | 사당 태양커피 | 태양커피 방배천로 32 | 태양커피 사당점 서울 서초구 방배천로 32,https://search.naver.com/search.naver?where=image&query=%ED%83%9C%EC%96%91%EC%BB%A4%ED%94%BC%20%EC%82%AC%EB%8B%B9%EC%A0%90,/assets/naver-courses/3384193a1d9a3e21840352be.jpg,검수완료
course-00893,노란돼지 → 태양커피 서울사당점 → 사당알뜰쇼핑 코스,노란돼지,서울 동작구 동작대로7길 97,노란돼지 → 태양커피 서울사당점 → 사당알뜰쇼핑,"쇼핑, 음식점, 카페",노란돼지 사당 | 노란돼지 방배 | 노란돼지 동작대로7길 97 | 노란돼지 사당 서울 동작구 동작대로7길 97,https://search.naver.com/search.naver?where=image&query=%EB%85%B8%EB%9E%80%EB%8F%BC%EC%A7%80%20%EC%82%AC%EB%8B%B9,,사진 미완료 · 수동 검색 인계
course-00894,일편등심 강남 → 셀렉티드닉스 → 서울아트나우갤러리 코스,일편등심 강남,서울 강남구 테헤란로1길 20,일편등심 강남 → 셀렉티드닉스 → 서울아트나우갤러리,"음식점, 전시, 카페",일편등심 강남점 | 강남 일편등심 | 일편등심 테헤란로1길 20 | 일편등심 강남점 서울 강남구 테헤란로1길 20,https://search.naver.com/search.naver?where=image&query=%EC%9D%BC%ED%8E%B8%EB%93%B1%EC%8B%AC%20%EA%B0%95%EB%82%A8%EC%A0%90,,사진 미완료 · 수동 검색 인계
course-00895,일편등심 강남 → 슬로우커피 → 창업쇼핑 코스,일편등심 강남,서울 강남구 테헤란로1길 20,일편등심 강남 → 슬로우커피 → 창업쇼핑,"쇼핑, 음식점, 카페",일편등심 강남점 | 강남 일편등심 | 일편등심 테헤란로1길 20 | 일편등심 강남점 서울 강남구 테헤란로1길 20,https://search.naver.com/search.naver?where=image&query=%EC%9D%BC%ED%8E%B8%EB%93%B1%EC%8B%AC%20%EA%B0%95%EB%82%A8%EC%A0%90,/assets/naver-courses/86bbdd469fea04f450955a41.jpg,검수완료
course-00896,구씨네부엌 → 토로스쇼핑타워 → 비뮤티커피 코스,구씨네부엌,,구씨네부엌 → 토로스쇼핑타워 → 비뮤티커피,"쇼핑, 음식점, 카페","구씨네부엌 | 홍대 구씨네 부엌 | 구씨네부엌 신촌 | 홍대 구씨네부엌 피자 | 구씨네부엌 파스타 | ""구씨네부엌""",https://search.naver.com/search.naver?where=image&query=%EA%B5%AC%EC%94%A8%EB%84%A4%EB%B6%80%EC%97%8C,,사진 미완료 · 수동 검색 인계
course-00897,그라운드시소 센트럴 → 금성관 → 커피스니퍼 코스,그라운드시소 센트럴,서울 중구 세종대로 14,그라운드시소 센트럴 → 금성관 → 커피스니퍼,"음식점, 전시, 카페",그라운드시소 센트럴 | 센트럴 그라운드시소 | 그라운드시소 센트럴 전시 | 그라운드시소 센트럴 서울 중구 세종대로 14,https://search.naver.com/search.naver?where=image&query=%EA%B7%B8%EB%9D%BC%EC%9A%B4%EB%93%9C%EC%8B%9C%EC%86%8C%20%EC%84%BC%ED%8A%B8%EB%9F%B4,,사진 미완료 · 수동 검색 인계
course-00898,문화역서울284 → 금성관 → 정동전망대 코스,문화역서울284,서울 중구 통일로 1,문화역서울284 → 금성관 → 정동전망대,"관광, 음식점, 전시",문화역서울284 | 문화역 서울 284 | 문화역서울 284 전시 | 문화역서울284 서울 중구 통일로 1,https://search.naver.com/search.naver?where=image&query=%EB%AC%B8%ED%99%94%EC%97%AD%EC%84%9C%EC%9A%B8284,,사진 미완료 · 수동 검색 인계
course-00899,구씨네부엌 → 홍대걷고싶은거리 → 비뮤티커피 코스,구씨네부엌,,구씨네부엌 → 홍대걷고싶은거리 → 비뮤티커피,"관광, 음식점, 카페","구씨네부엌 | 홍대 구씨네 부엌 | 구씨네부엌 신촌 | 홍대 구씨네부엌 피자 | 구씨네부엌 파스타 | ""구씨네부엌""",https://search.naver.com/search.naver?where=image&query=%EA%B5%AC%EC%94%A8%EB%84%A4%EB%B6%80%EC%97%8C,,사진 미완료 · 수동 검색 인계
course-00900,노란돼지 → 스타벅스 사당점 → 이수역꼬치거리 코스,노란돼지,서울 동작구 동작대로7길 97,노란돼지 → 스타벅스 사당점 → 이수역꼬치거리,"관광, 음식점, 카페",노란돼지 사당 | 노란돼지 방배 | 노란돼지 동작대로7길 97 | 노란돼지 사당 서울 동작구 동작대로7길 97,https://search.naver.com/search.naver?where=image&query=%EB%85%B8%EB%9E%80%EB%8F%BC%EC%A7%80%20%EC%82%AC%EB%8B%B9,,사진 미완료 · 수동 검색 인계
course-00901,갓잇 문래점 → 백야 → 스페이스엑스엑스 코스,갓잇 문래점,서울 영등포구 경인로77길 14,갓잇 문래점 → 백야 → 스페이스엑스엑스,"음식점, 전시, 카페",갓잇 문래점 | 문래 갓잇 | 갓잇 경인로77길 14 | 갓잇 문래점 서울 영등포구 경인로77길 14,https://search.naver.com/search.naver?where=image&query=%EA%B0%93%EC%9E%87%20%EB%AC%B8%EB%9E%98%EC%A0%90,/assets/naver-courses/356b0e672dbcedeaf3cbaaf8.jpg,검수완료
course-00902,일편등심 강남 → 서리풀푸드트럭존 → 수목금토카페 코스,일편등심 강남,서울 강남구 테헤란로1길 20,일편등심 강남 → 서리풀푸드트럭존 → 수목금토카페,"관광, 음식점, 카페",일편등심 강남점 | 강남 일편등심 | 일편등심 테헤란로1길 20 | 일편등심 강남점 서울 강남구 테헤란로1길 20,https://search.naver.com/search.naver?where=image&query=%EC%9D%BC%ED%8E%B8%EB%93%B1%EC%8B%AC%20%EA%B0%95%EB%82%A8%EC%A0%90,/assets/naver-courses/49f8d0e587060f8265544027.jpg,검수완료
course-00903,신도림이도식당 → 카페솔트 → 대안예술공간이포 코스,신도림이도식당,서울 구로구 경인로 661,신도림이도식당 → 카페솔트 → 대안예술공간이포,"음식점, 전시, 카페",신도림 이도식당 | 이도식당 신도림 | 이도식당 경인로 661 | 신도림 이도식당 서울 구로구 경인로 661,https://search.naver.com/search.naver?where=image&query=%EC%8B%A0%EB%8F%84%EB%A6%BC%20%EC%9D%B4%EB%8F%84%EC%8B%9D%EB%8B%B9,/assets/naver-courses/4a80af940883f14b116e3645.jpg,검수완료
course-00904,만동제과 → 현대수산 코스,만동제과,서울 서대문구 연희로 32,만동제과 → 현대수산,음식점,만동제과 연남점 | 만동제과 홍대 | 만동제과 연희로 32 | 만동제과 연남점 서울 서대문구 연희로 32,https://search.naver.com/search.naver?where=image&query=%EB%A7%8C%EB%8F%99%EC%A0%9C%EA%B3%BC%20%EC%97%B0%EB%82%A8%EC%A0%90,/assets/naver-courses/a59b27f53640f2b753e84ae8.jpg,검수완료
course-00905,구씨네부엌 → 소녀전선2망명갤러리 → 금옥당 연희점 코스,구씨네부엌,,구씨네부엌 → 소녀전선2망명갤러리 → 금옥당 연희점,"음식점, 전시, 카페","구씨네부엌 | 홍대 구씨네 부엌 | 구씨네부엌 신촌 | 홍대 구씨네부엌 피자 | 구씨네부엌 파스타 | ""구씨네부엌""",https://search.naver.com/search.naver?where=image&query=%EA%B5%AC%EC%94%A8%EB%84%A4%EB%B6%80%EC%97%8C,,사진 미완료 · 수동 검색 인계
course-00906,노란돼지 → 스타벅스 사당점 → 쇼핑그라운드 코스,노란돼지,서울 동작구 동작대로7길 97,노란돼지 → 스타벅스 사당점 → 쇼핑그라운드,"쇼핑, 음식점, 카페",노란돼지 사당 | 노란돼지 방배 | 노란돼지 동작대로7길 97 | 노란돼지 사당 서울 동작구 동작대로7길 97,https://search.naver.com/search.naver?where=image&query=%EB%85%B8%EB%9E%80%EB%8F%BC%EC%A7%80%20%EC%82%AC%EB%8B%B9,,사진 미완료 · 수동 검색 인계
course-00907,구씨네부엌 → 테이블에이 → 토로스쇼핑타워 코스,구씨네부엌,,구씨네부엌 → 테이블에이 → 토로스쇼핑타워,"관광, 쇼핑, 음식점","구씨네부엌 | 홍대 구씨네 부엌 | 구씨네부엌 신촌 | 홍대 구씨네부엌 피자 | 구씨네부엌 파스타 | ""구씨네부엌""",https://search.naver.com/search.naver?where=image&query=%EA%B5%AC%EC%94%A8%EB%84%A4%EB%B6%80%EC%97%8C,,사진 미완료 · 수동 검색 인계
course-00908,정동전망대 → 서울도시건축전시관 → 초류향 코스,정동전망대,서울 중구 덕수궁길 15,정동전망대 → 서울도시건축전시관 → 초류향,"관광, 음식점, 전시",정동전망대 | 정동 전망대 | 정동전망대 덕수궁 | 정동전망대 서울 중구 덕수궁길 15,https://search.naver.com/search.naver?where=image&query=%EC%A0%95%EB%8F%99%EC%A0%84%EB%A7%9D%EB%8C%80,,사진 미완료 · 수동 검색 인계
course-00909,노란돼지 → 엔지니어링역사관 → 쇼핑그라운드 코스,노란돼지,서울 동작구 동작대로7길 97,노란돼지 → 엔지니어링역사관 → 쇼핑그라운드,"쇼핑, 음식점, 전시",노란돼지 사당 | 노란돼지 방배 | 노란돼지 동작대로7길 97 | 노란돼지 사당 서울 동작구 동작대로7길 97,https://search.naver.com/search.naver?where=image&query=%EB%85%B8%EB%9E%80%EB%8F%BC%EC%A7%80%20%EC%82%AC%EB%8B%B9,,사진 미완료 · 수동 검색 인계
course-00910,신도림이도식당 → 도림천 → 스멜팅커피 코스,신도림이도식당,서울 구로구 경인로 661,신도림이도식당 → 도림천 → 스멜팅커피,"관광, 음식점, 카페",신도림 이도식당 | 이도식당 신도림 | 이도식당 경인로 661 | 신도림 이도식당 서울 구로구 경인로 661,https://search.naver.com/search.naver?where=image&query=%EC%8B%A0%EB%8F%84%EB%A6%BC%20%EC%9D%B4%EB%8F%84%EC%8B%9D%EB%8B%B9,/assets/naver-courses/62f09df5520835b2e6ee97c4.jpg,검수완료
course-00911,브이스퀘어 → 우주로캣 → 건국대학교 일감호 코스,브이스퀘어,서울 광진구 아차산로 272,브이스퀘어 → 우주로캣 → 건국대학교 일감호,"관광, 전시, 카페",브이스퀘어 건대 | 브이스퀘어 롯데시네마 | V SQUARE 건대입구 | 브이스퀘어 건대 서울 광진구 아차산로 272,https://search.naver.com/search.naver?where=image&query=%EB%B8%8C%EC%9D%B4%EC%8A%A4%ED%80%98%EC%96%B4%20%EA%B1%B4%EB%8C%80,,사진 미완료 · 수동 검색 인계
course-00912,아트팩토리체험공방 → 마일스톤커피 성수 → 서울숲아트센터 코스,아트팩토리체험공방,서울 성동구 왕십리로 241,아트팩토리체험공방 → 마일스톤커피 성수 → 서울숲아트센터,"전시, 체험, 카페",아트팩토리 체험공방 | 아트팩토리 왕십리 | 아트팩토리 왕십리로 241 | 아트팩토리 체험공방 서울 성동구 왕십리로 241,https://search.naver.com/search.naver?where=image&query=%EC%95%84%ED%8A%B8%ED%8C%A9%ED%86%A0%EB%A6%AC%20%EC%B2%B4%ED%97%98%EA%B3%B5%EB%B0%A9,,사진 미완료 · 수동 검색 인계
course-00913,신도림이도식당 → 카페솔트 → 빈칸 문래 코스,신도림이도식당,서울 구로구 경인로 661,신도림이도식당 → 카페솔트 → 빈칸 문래,"음식점, 전시, 카페",신도림 이도식당 | 이도식당 신도림 | 이도식당 경인로 661 | 신도림 이도식당 서울 구로구 경인로 661,https://search.naver.com/search.naver?where=image&query=%EC%8B%A0%EB%8F%84%EB%A6%BC%20%EC%9D%B4%EB%8F%84%EC%8B%9D%EB%8B%B9,/assets/naver-courses/f0dc91b0bc1c599ca7fb5b8c.jpg,검수완료
course-00914,동대문디자인플라자 디자인전시관 → 던던 동대문점 → 신당동떡볶이타운 코스,동대문디자인플라자 디자인전시관,서울 중구 을지로 281,동대문디자인플라자 디자인전시관 → 던던 동대문점 → 신당동떡볶이타운,"관광, 쇼핑, 전시",DDP 디자인전시관 | 동대문디자인플라자 디자인전시관 | DDP 뮤지엄 디자인전시관 | DDP 디자인전시관 서울 중구 을지로 281,https://search.naver.com/search.naver?where=image&query=DDP%20%EB%94%94%EC%9E%90%EC%9D%B8%EC%A0%84%EC%8B%9C%EA%B4%80,/assets/naver-courses/965db5fd4d454a2fda1c0c6a.jpg,검수완료
course-00915,만동제과 → 농협경제지주 온라인사업부 → 스타광장 코스,만동제과,서울 서대문구 연희로 32,만동제과 → 농협경제지주 온라인사업부 → 스타광장,"관광, 쇼핑, 음식점",만동제과 연남점 | 만동제과 홍대 | 만동제과 연희로 32 | 만동제과 연남점 서울 서대문구 연희로 32,https://search.naver.com/search.naver?where=image&query=%EB%A7%8C%EB%8F%99%EC%A0%9C%EA%B3%BC%20%EC%97%B0%EB%82%A8%EC%A0%90,/assets/naver-courses/d31f7e638cc1e50141c99a23.jpg,검수완료
course-00916,문화역서울284 → 금성관 → 가무 코스,문화역서울284,서울 중구 통일로 1,문화역서울284 → 금성관 → 가무,"음식점, 전시, 카페",문화역서울284 | 문화역 서울 284 | 문화역서울 284 전시 | 문화역서울284 서울 중구 통일로 1,https://search.naver.com/search.naver?where=image&query=%EB%AC%B8%ED%99%94%EC%97%AD%EC%84%9C%EC%9A%B8284,/assets/naver-courses/658fdf9f7ff82ab040091516.jpg,검수완료
course-00917,동대문디자인플라자 디자인전시관 → 던던 동대문점 → 아베베베이커리 서울 코스,동대문디자인플라자 디자인전시관,서울 중구 을지로 281,동대문디자인플라자 디자인전시관 → 던던 동대문점 → 아베베베이커리 서울,"쇼핑, 음식점, 전시",DDP 디자인전시관 | 동대문디자인플라자 디자인전시관 | DDP 뮤지엄 디자인전시관 | DDP 디자인전시관 서울 중구 을지로 281,https://search.naver.com/search.naver?where=image&query=DDP%20%EB%94%94%EC%9E%90%EC%9D%B8%EC%A0%84%EC%8B%9C%EA%B4%80,/assets/naver-courses/4754211f6fa1b40ec8cb2f23.jpg,검수완료
course-00918,동대문디자인플라자 디자인전시관 → 동대문지하쇼핑센터 → 버터스카치 코스,동대문디자인플라자 디자인전시관,서울 중구 을지로 281,동대문디자인플라자 디자인전시관 → 동대문지하쇼핑센터 → 버터스카치,"쇼핑, 전시, 카페",DDP 디자인전시관 | 동대문디자인플라자 디자인전시관 | DDP 뮤지엄 디자인전시관 | DDP 디자인전시관 서울 중구 을지로 281,https://search.naver.com/search.naver?where=image&query=DDP%20%EB%94%94%EC%9E%90%EC%9D%B8%EC%A0%84%EC%8B%9C%EA%B4%80,/assets/naver-courses/2b8cd5f263d549fba94e4e03.jpg,검수완료
course-00919,만동제과 → WP → 104고지전적비 코스,만동제과,서울 서대문구 연희로 32,만동제과 → WP → 104고지전적비,"관광, 음식점, 카페",만동제과 연남점 | 만동제과 홍대 | 만동제과 연희로 32 | 만동제과 연남점 서울 서대문구 연희로 32,https://search.naver.com/search.naver?where=image&query=%EB%A7%8C%EB%8F%99%EC%A0%9C%EA%B3%BC%20%EC%97%B0%EB%82%A8%EC%A0%90,/assets/naver-courses/1ac05e6e947dda35ff107d72.jpg,검수완료
course-00920,태양커피 서울사당점 → 소담촌 사당직영점 → 파스텔시티 코스,태양커피 서울사당점,서울 서초구 방배천로 32,태양커피 서울사당점 → 소담촌 사당직영점 → 파스텔시티,"쇼핑, 음식점, 카페",태양커피 사당점 | 사당 태양커피 | 태양커피 방배천로 32 | 태양커피 사당점 서울 서초구 방배천로 32,https://search.naver.com/search.naver?where=image&query=%ED%83%9C%EC%96%91%EC%BB%A4%ED%94%BC%20%EC%82%AC%EB%8B%B9%EC%A0%90,/assets/naver-courses/c6cd484f8dd43728d46759f7.jpg,검수완료
course-00921,일편등심 강남 → 셀렉티드닉스 → 논현가구거리 코스,일편등심 강남,서울 강남구 테헤란로1길 20,일편등심 강남 → 셀렉티드닉스 → 논현가구거리,"관광, 음식점, 카페",일편등심 강남점 | 강남 일편등심 | 일편등심 테헤란로1길 20 | 일편등심 강남점 서울 강남구 테헤란로1길 20,https://search.naver.com/search.naver?where=image&query=%EC%9D%BC%ED%8E%B8%EB%93%B1%EC%8B%AC%20%EA%B0%95%EB%82%A8%EC%A0%90,/assets/naver-courses/8476ea5639d1e61c987ff8e0.jpg,검수완료
course-00922,노란돼지 → 엔지니어링역사관 → 스타벅스 낙성대역점 코스,노란돼지,서울 동작구 동작대로7길 97,노란돼지 → 엔지니어링역사관 → 스타벅스 낙성대역점,"음식점, 전시, 카페",노란돼지 사당 | 노란돼지 방배 | 노란돼지 동작대로7길 97 | 노란돼지 사당 서울 동작구 동작대로7길 97,https://search.naver.com/search.naver?where=image&query=%EB%85%B8%EB%9E%80%EB%8F%BC%EC%A7%80%20%EC%82%AC%EB%8B%B9,,사진 미완료 · 수동 검색 인계
course-00923,브이스퀘어 → 카페호이 건대점 → 코노하 건대점 코스,브이스퀘어,서울 광진구 아차산로 272,브이스퀘어 → 카페호이 건대점 → 코노하 건대점,"음식점, 전시, 카페",브이스퀘어 건대 | 브이스퀘어 롯데시네마 | V SQUARE 건대입구 | 브이스퀘어 건대 서울 광진구 아차산로 272,https://search.naver.com/search.naver?where=image&query=%EB%B8%8C%EC%9D%B4%EC%8A%A4%ED%80%98%EC%96%B4%20%EA%B1%B4%EB%8C%80,/assets/naver-courses/37ff1d7e8d4b12fbeb7483f2.jpg,검수완료
course-00924,문화역서울284 → 덕수정 → 덕수궁 대한문 코스,문화역서울284,서울 중구 통일로 1,문화역서울284 → 덕수정 → 덕수궁 대한문,"관광, 음식점, 전시",문화역서울284 | 문화역 서울 284 | 문화역서울 284 전시 | 문화역서울284 서울 중구 통일로 1,https://search.naver.com/search.naver?where=image&query=%EB%AC%B8%ED%99%94%EC%97%AD%EC%84%9C%EC%9A%B8284,/assets/naver-courses/8731fe3137d7e053c9840f41.jpg,검수완료
course-00925,갓잇 문래점 → 패스드 → 도림천 코스,갓잇 문래점,서울 영등포구 경인로77길 14,갓잇 문래점 → 패스드 → 도림천,"관광, 음식점, 카페",갓잇 문래점 | 문래 갓잇 | 갓잇 경인로77길 14 | 갓잇 문래점 서울 영등포구 경인로77길 14,https://search.naver.com/search.naver?where=image&query=%EA%B0%93%EC%9E%87%20%EB%AC%B8%EB%9E%98%EC%A0%90,,사진 미완료 · 수동 검색 인계
course-00926,잠실지하광장 쇼핑센터 → 스타벅스 석촌호수점 → 오레노라멘 송파점 코스,잠실지하광장 쇼핑센터,서울 송파구 잠실로 지하 156,잠실지하광장 쇼핑센터 → 스타벅스 석촌호수점 → 오레노라멘 송파점,"쇼핑, 음식점, 카페",잠실지하광장 쇼핑센터 | 잠실 지하광장 | 잠실지하광장 상가 | 잠실역 지하광장 | 잠실지하광장 쇼핑센터 서울 송파구 잠실로 지하 156,https://search.naver.com/search.naver?where=image&query=%EC%9E%A0%EC%8B%A4%EC%A7%80%ED%95%98%EA%B4%91%EC%9E%A5%20%EC%87%BC%ED%95%91%EC%84%BC%ED%84%B0,,사진 미완료 · 수동 검색 인계
course-00927,일편등심 강남 → 슬로우커피 → 캐논갤러리 코스,일편등심 강남,서울 강남구 테헤란로1길 20,일편등심 강남 → 슬로우커피 → 캐논갤러리,"음식점, 전시, 카페",일편등심 강남점 | 강남 일편등심 | 일편등심 테헤란로1길 20 | 일편등심 강남점 서울 강남구 테헤란로1길 20,https://search.naver.com/search.naver?where=image&query=%EC%9D%BC%ED%8E%B8%EB%93%B1%EC%8B%AC%20%EA%B0%95%EB%82%A8%EC%A0%90,,사진 미완료 · 수동 검색 인계
course-00928,커넥트투 → 방이동먹자골목 → 방이돈가 코스,커넥트투,서울 송파구 올림픽로 300,커넥트투 → 방이동먹자골목 → 방이돈가,"관광, 음식점, 전시",커넥트투 잠실 | 커넥트투 롯데월드몰 | CONNECT TO 잠실 | 커넥트투 잠실 서울 송파구 올림픽로 300,https://search.naver.com/search.naver?where=image&query=%EC%BB%A4%EB%84%A5%ED%8A%B8%ED%88%AC%20%EC%9E%A0%EC%8B%A4,/assets/naver-courses/fb83d710c9dcdd4b7bac6b35.jpg,검수완료
course-00929,문화역서울284 → 남산둘레길 → 목멱산방 남산타워점 코스,문화역서울284,서울 중구 통일로 1,문화역서울284 → 남산둘레길 → 목멱산방 남산타워점,"관광, 음식점, 전시",문화역서울284 | 문화역 서울 284 | 문화역서울 284 전시 | 문화역서울284 서울 중구 통일로 1,https://search.naver.com/search.naver?where=image&query=%EB%AC%B8%ED%99%94%EC%97%AD%EC%84%9C%EC%9A%B8284,/assets/naver-courses/a7cb922b209341ee3ea70424.jpg,검수완료
course-00930,문화역서울284 → 숭례문 → 가무 코스,문화역서울284,서울 중구 통일로 1,문화역서울284 → 숭례문 → 가무,"관광, 전시, 카페",문화역서울284 | 문화역 서울 284 | 문화역서울 284 전시 | 문화역서울284 서울 중구 통일로 1,https://search.naver.com/search.naver?where=image&query=%EB%AC%B8%ED%99%94%EC%97%AD%EC%84%9C%EC%9A%B8284,,사진 미완료 · 수동 검색 인계
course-00931,구씨네부엌 → 버터앤쉘터 연남점 → 104고지전적비 코스,구씨네부엌,,구씨네부엌 → 버터앤쉘터 연남점 → 104고지전적비,"관광, 음식점, 카페","구씨네부엌 | 홍대 구씨네 부엌 | 구씨네부엌 신촌 | 홍대 구씨네부엌 피자 | 구씨네부엌 파스타 | ""구씨네부엌""",https://search.naver.com/search.naver?where=image&query=%EA%B5%AC%EC%94%A8%EB%84%A4%EB%B6%80%EC%97%8C,,사진 미완료 · 수동 검색 인계
course-00932,노란돼지 → 윤남아트스페이스 → 쇼핑그라운드 코스,노란돼지,서울 동작구 동작대로7길 97,노란돼지 → 윤남아트스페이스 → 쇼핑그라운드,"쇼핑, 음식점, 전시",노란돼지 사당 | 노란돼지 방배 | 노란돼지 동작대로7길 97 | 노란돼지 사당 서울 동작구 동작대로7길 97,https://search.naver.com/search.naver?where=image&query=%EB%85%B8%EB%9E%80%EB%8F%BC%EC%A7%80%20%EC%82%AC%EB%8B%B9,,사진 미완료 · 수동 검색 인계
course-00933,브이스퀘어 → 코노하 건대점 → 모서리에커피집 코스,브이스퀘어,서울 광진구 아차산로 272,브이스퀘어 → 코노하 건대점 → 모서리에커피집,"음식점, 전시, 카페",브이스퀘어 건대 | 브이스퀘어 롯데시네마 | V SQUARE 건대입구 | 브이스퀘어 건대 서울 광진구 아차산로 272,https://search.naver.com/search.naver?where=image&query=%EB%B8%8C%EC%9D%B4%EC%8A%A4%ED%80%98%EC%96%B4%20%EA%B1%B4%EB%8C%80,/assets/naver-courses/66ac21e8a55d34fef0eff287.jpg,검수완료
course-00934,노란돼지 → 스타벅스 사당점 → 사당알뜰쇼핑 코스,노란돼지,서울 동작구 동작대로7길 97,노란돼지 → 스타벅스 사당점 → 사당알뜰쇼핑,"쇼핑, 음식점, 카페",노란돼지 사당 | 노란돼지 방배 | 노란돼지 동작대로7길 97 | 노란돼지 사당 서울 동작구 동작대로7길 97,https://search.naver.com/search.naver?where=image&query=%EB%85%B8%EB%9E%80%EB%8F%BC%EC%A7%80%20%EC%82%AC%EB%8B%B9,,사진 미완료 · 수동 검색 인계
course-00935,노란돼지 → 태양커피 서울사당점 → 쇼핑그라운드 코스,노란돼지,서울 동작구 동작대로7길 97,노란돼지 → 태양커피 서울사당점 → 쇼핑그라운드,"쇼핑, 음식점, 카페",노란돼지 사당 | 노란돼지 방배 | 노란돼지 동작대로7길 97 | 노란돼지 사당 서울 동작구 동작대로7길 97,https://search.naver.com/search.naver?where=image&query=%EB%85%B8%EB%9E%80%EB%8F%BC%EC%A7%80%20%EC%82%AC%EB%8B%B9,,사진 미완료 · 수동 검색 인계
course-00936,문화역서울284 → 이이네 → 두루와쇼핑 코스,문화역서울284,서울 중구 통일로 1,문화역서울284 → 이이네 → 두루와쇼핑,"쇼핑, 음식점, 전시",문화역서울284 | 문화역 서울 284 | 문화역서울 284 전시 | 문화역서울284 서울 중구 통일로 1,https://search.naver.com/search.naver?where=image&query=%EB%AC%B8%ED%99%94%EC%97%AD%EC%84%9C%EC%9A%B8284,/assets/naver-courses/a3c265c470d18e9e676f3070.jpg,검수완료
course-00937,구씨네부엌 → 버터앤쉘터 연남점 → 아이아이 연희 코스,구씨네부엌,,구씨네부엌 → 버터앤쉘터 연남점 → 아이아이 연희,"음식점, 전시, 카페","구씨네부엌 | 홍대 구씨네 부엌 | 구씨네부엌 신촌 | 홍대 구씨네부엌 피자 | 구씨네부엌 파스타 | ""구씨네부엌""",https://search.naver.com/search.naver?where=image&query=%EA%B5%AC%EC%94%A8%EB%84%A4%EB%B6%80%EC%97%8C,,사진 미완료 · 수동 검색 인계
course-00938,잠실지하광장 쇼핑센터 → 송파나루공원 삼전도비 → 청와옥 석촌호수점 코스,잠실지하광장 쇼핑센터,서울 송파구 잠실로 지하 156,잠실지하광장 쇼핑센터 → 송파나루공원 삼전도비 → 청와옥 석촌호수점,"관광, 쇼핑, 음식점",잠실지하광장 쇼핑센터 | 잠실 지하광장 | 잠실지하광장 상가 | 잠실역 지하광장 | 잠실지하광장 쇼핑센터 서울 송파구 잠실로 지하 156,https://search.naver.com/search.naver?where=image&query=%EC%9E%A0%EC%8B%A4%EC%A7%80%ED%95%98%EA%B4%91%EC%9E%A5%20%EC%87%BC%ED%95%91%EC%84%BC%ED%84%B0,,사진 미완료 · 수동 검색 인계
course-00939,신도림이도식당 → 백야 → 빈칸 문래 코스,신도림이도식당,서울 구로구 경인로 661,신도림이도식당 → 백야 → 빈칸 문래,"음식점, 전시, 카페",신도림 이도식당 | 이도식당 신도림 | 이도식당 경인로 661 | 신도림 이도식당 서울 구로구 경인로 661,https://search.naver.com/search.naver?where=image&query=%EC%8B%A0%EB%8F%84%EB%A6%BC%20%EC%9D%B4%EB%8F%84%EC%8B%9D%EB%8B%B9,/assets/naver-courses/e4669f609f4fce10fd12d645.jpg,검수완료
course-00940,문화역서울284 → 전광수커피하우스 정동점 → 덕수궁 대한문 코스,문화역서울284,서울 중구 통일로 1,문화역서울284 → 전광수커피하우스 정동점 → 덕수궁 대한문,"관광, 전시, 카페",문화역서울284 | 문화역 서울 284 | 문화역서울 284 전시 | 문화역서울284 서울 중구 통일로 1,https://search.naver.com/search.naver?where=image&query=%EB%AC%B8%ED%99%94%EC%97%AD%EC%84%9C%EC%9A%B8284,/assets/naver-courses/b41595a6c6eaf6639a77a8c3.jpg,검수완료
course-00941,아트팩토리체험공방 → 서울숲카페거리 → 서울숲아트센터 코스,아트팩토리체험공방,서울 성동구 왕십리로 241,아트팩토리체험공방 → 서울숲카페거리 → 서울숲아트센터,"전시, 체험, 카페",아트팩토리 체험공방 | 아트팩토리 왕십리 | 아트팩토리 왕십리로 241 | 아트팩토리 체험공방 서울 성동구 왕십리로 241,https://search.naver.com/search.naver?where=image&query=%EC%95%84%ED%8A%B8%ED%8C%A9%ED%86%A0%EB%A6%AC%20%EC%B2%B4%ED%97%98%EA%B3%B5%EB%B0%A9,,사진 미완료 · 수동 검색 인계
course-00942,로얄마카롱 → 서리풀푸드트럭존 → 이바인체험샵 코스,로얄마카롱,,로얄마카롱 → 서리풀푸드트럭존 → 이바인체험샵,"관광, 쇼핑, 카페",로얄마카롱 | 서울 로얄마카롱 | 로얄마카롱 매장,https://search.naver.com/search.naver?where=image&query=%EB%A1%9C%EC%96%84%EB%A7%88%EC%B9%B4%EB%A1%B1,/assets/naver-courses/a6637228ae278c95694f64a4.jpg,검수완료
course-00943,갓잇 문래점 → 카페1953위드오드리 → 구로스마트라운지 코스,갓잇 문래점,서울 영등포구 경인로77길 14,갓잇 문래점 → 카페1953위드오드리 → 구로스마트라운지,"음식점, 전시, 카페",갓잇 문래점 | 문래 갓잇 | 갓잇 경인로77길 14 | 갓잇 문래점 서울 영등포구 경인로77길 14,https://search.naver.com/search.naver?where=image&query=%EA%B0%93%EC%9E%87%20%EB%AC%B8%EB%9E%98%EC%A0%90,/assets/naver-courses/24615b9e48049164937cfca0.jpg,검수완료
course-00944,만동제과 → 뉴스뮤지엄 연희점 → 금옥당 연희점 코스,만동제과,서울 서대문구 연희로 32,만동제과 → 뉴스뮤지엄 연희점 → 금옥당 연희점,"음식점, 전시, 카페",만동제과 연남점 | 만동제과 홍대 | 만동제과 연희로 32 | 만동제과 연남점 서울 서대문구 연희로 32,https://search.naver.com/search.naver?where=image&query=%EB%A7%8C%EB%8F%99%EC%A0%9C%EA%B3%BC%20%EC%97%B0%EB%82%A8%EC%A0%90,/assets/naver-courses/ec71fcb4b72845f3436c05c8.jpg,검수완료
course-00945,브이스퀘어 → 코노하 건대점 → 카페드라이 코스,브이스퀘어,서울 광진구 아차산로 272,브이스퀘어 → 코노하 건대점 → 카페드라이,"음식점, 전시, 카페",브이스퀘어 건대 | 브이스퀘어 롯데시네마 | V SQUARE 건대입구 | 브이스퀘어 건대 서울 광진구 아차산로 272,https://search.naver.com/search.naver?where=image&query=%EB%B8%8C%EC%9D%B4%EC%8A%A4%ED%80%98%EC%96%B4%20%EA%B1%B4%EB%8C%80,,사진 미완료 · 수동 검색 인계
course-00946,신도림이도식당 → 패스드 → 빈칸 문래 코스,신도림이도식당,서울 구로구 경인로 661,신도림이도식당 → 패스드 → 빈칸 문래,"음식점, 전시, 카페",신도림 이도식당 | 이도식당 신도림 | 이도식당 경인로 661 | 신도림 이도식당 서울 구로구 경인로 661,https://search.naver.com/search.naver?where=image&query=%EC%8B%A0%EB%8F%84%EB%A6%BC%20%EC%9D%B4%EB%8F%84%EC%8B%9D%EB%8B%B9,/assets/naver-courses/57552ac71bbf2e7dba5774ea.jpg,검수완료
course-00947,건국대학교 일감호 → 브이스퀘어 → 스타벅스 건국클래식점 코스,건국대학교 일감호,서울 광진구 능동로 120,건국대학교 일감호 → 브이스퀘어 → 스타벅스 건국클래식점,"관광, 전시, 카페",건국대학교 일감호 | 건대 일감호 | 일감호 | 건국대학교 일감호 서울 광진구 능동로 120,https://search.naver.com/search.naver?where=image&query=%EA%B1%B4%EA%B5%AD%EB%8C%80%ED%95%99%EA%B5%90%20%EC%9D%BC%EA%B0%90%ED%98%B8,,사진 미완료 · 수동 검색 인계
course-00948,신도림이도식당 → 패스드 → 문래동창작촌 코스,신도림이도식당,서울 구로구 경인로 661,신도림이도식당 → 패스드 → 문래동창작촌,"관광, 음식점, 카페",신도림 이도식당 | 이도식당 신도림 | 이도식당 경인로 661 | 신도림 이도식당 서울 구로구 경인로 661,https://search.naver.com/search.naver?where=image&query=%EC%8B%A0%EB%8F%84%EB%A6%BC%20%EC%9D%B4%EB%8F%84%EC%8B%9D%EB%8B%B9,,사진 미완료 · 수동 검색 인계
course-00949,일편등심 강남 → 창업쇼핑 → 파운드로컬 코스,일편등심 강남,서울 강남구 테헤란로1길 20,일편등심 강남 → 창업쇼핑 → 파운드로컬,"쇼핑, 음식점, 카페",일편등심 강남점 | 강남 일편등심 | 일편등심 테헤란로1길 20 | 일편등심 강남점 서울 강남구 테헤란로1길 20,https://search.naver.com/search.naver?where=image&query=%EC%9D%BC%ED%8E%B8%EB%93%B1%EC%8B%AC%20%EA%B0%95%EB%82%A8%EC%A0%90,/assets/naver-courses/8a2e8c5744a98c36ccfcb538.jpg,검수완료
course-00950,잠실지하광장 쇼핑센터 → 송파나루공원 삼전도비 → 아키비스트 송파점 코스,잠실지하광장 쇼핑센터,서울 송파구 잠실로 지하 156,잠실지하광장 쇼핑센터 → 송파나루공원 삼전도비 → 아키비스트 송파점,"관광, 쇼핑, 카페",잠실지하광장 쇼핑센터 | 잠실 지하광장 | 잠실지하광장 상가 | 잠실역 지하광장 | 잠실지하광장 쇼핑센터 서울 송파구 잠실로 지하 156,https://search.naver.com/search.naver?where=image&query=%EC%9E%A0%EC%8B%A4%EC%A7%80%ED%95%98%EA%B4%91%EC%9E%A5%20%EC%87%BC%ED%95%91%EC%84%BC%ED%84%B0,,사진 미완료 · 수동 검색 인계
course-00951,구씨네부엌 → 스타광장 → 문베어 코스,구씨네부엌,,구씨네부엌 → 스타광장 → 문베어,"관광, 음식점, 카페","구씨네부엌 | 홍대 구씨네 부엌 | 구씨네부엌 신촌 | 홍대 구씨네부엌 피자 | 구씨네부엌 파스타 | ""구씨네부엌""",https://search.naver.com/search.naver?where=image&query=%EA%B5%AC%EC%94%A8%EB%84%A4%EB%B6%80%EC%97%8C,,사진 미완료 · 수동 검색 인계
course-00952,구씨네부엌 → 토로스쇼핑타워 → 홍대클럽거리 코스,구씨네부엌,,구씨네부엌 → 토로스쇼핑타워 → 홍대클럽거리,"관광, 쇼핑, 음식점","구씨네부엌 | 홍대 구씨네 부엌 | 구씨네부엌 신촌 | 홍대 구씨네부엌 피자 | 구씨네부엌 파스타 | ""구씨네부엌""",https://search.naver.com/search.naver?where=image&query=%EA%B5%AC%EC%94%A8%EB%84%A4%EB%B6%80%EC%97%8C,,사진 미완료 · 수동 검색 인계
course-00953,잠실지하광장 쇼핑센터 → 롯데월드 어드벤처 → 청와옥 석촌호수점 코스,잠실지하광장 쇼핑센터,서울 송파구 잠실로 지하 156,잠실지하광장 쇼핑센터 → 롯데월드 어드벤처 → 청와옥 석촌호수점,"관광, 쇼핑, 음식점",잠실지하광장 쇼핑센터 | 잠실 지하광장 | 잠실지하광장 상가 | 잠실역 지하광장 | 잠실지하광장 쇼핑센터 서울 송파구 잠실로 지하 156,https://search.naver.com/search.naver?where=image&query=%EC%9E%A0%EC%8B%A4%EC%A7%80%ED%95%98%EA%B4%91%EC%9E%A5%20%EC%87%BC%ED%95%91%EC%84%BC%ED%84%B0,,사진 미완료 · 수동 검색 인계
course-00954,만동제과 → 덕스(DUEX) → 토로스쇼핑타워 코스,만동제과,서울 서대문구 연희로 32,만동제과 → 덕스(DUEX) → 토로스쇼핑타워,"쇼핑, 음식점, 전시",만동제과 연남점 | 만동제과 홍대 | 만동제과 연희로 32 | 만동제과 연남점 서울 서대문구 연희로 32,https://search.naver.com/search.naver?where=image&query=%EB%A7%8C%EB%8F%99%EC%A0%9C%EA%B3%BC%20%EC%97%B0%EB%82%A8%EC%A0%90,/assets/naver-courses/80a583814ec74b27530ac09f.jpg,검수완료
course-00955,문화역서울284 → 가메골손왕만두 남대문본점 → 가무 코스,문화역서울284,서울 중구 통일로 1,문화역서울284 → 가메골손왕만두 남대문본점 → 가무,"음식점, 전시, 카페",문화역서울284 | 문화역 서울 284 | 문화역서울 284 전시 | 문화역서울284 서울 중구 통일로 1,https://search.naver.com/search.naver?where=image&query=%EB%AC%B8%ED%99%94%EC%97%AD%EC%84%9C%EC%9A%B8284,,사진 미완료 · 수동 검색 인계
course-00956,노란돼지 → 엔지니어링역사관 → 안국사 코스,노란돼지,서울 동작구 동작대로7길 97,노란돼지 → 엔지니어링역사관 → 안국사,"관광, 음식점, 전시",노란돼지 사당 | 노란돼지 방배 | 노란돼지 동작대로7길 97 | 노란돼지 사당 서울 동작구 동작대로7길 97,https://search.naver.com/search.naver?where=image&query=%EB%85%B8%EB%9E%80%EB%8F%BC%EC%A7%80%20%EC%82%AC%EB%8B%B9,,사진 미완료 · 수동 검색 인계
course-00957,정동전망대 → 무교동북어국집 → 알레그리아 광화문케이스퀘어시티점 코스,정동전망대,서울 중구 덕수궁길 15,정동전망대 → 무교동북어국집 → 알레그리아 광화문케이스퀘어시티점,"관광, 음식점, 카페",정동전망대 | 정동 전망대 | 정동전망대 덕수궁 | 정동전망대 서울 중구 덕수궁길 15,https://search.naver.com/search.naver?where=image&query=%EC%A0%95%EB%8F%99%EC%A0%84%EB%A7%9D%EB%8C%80,/assets/naver-courses/769392974703230b76894c00.jpg,검수완료
course-00958,브이스퀘어 → 건대맛의거리 → 모서리에커피집 코스,브이스퀘어,서울 광진구 아차산로 272,브이스퀘어 → 건대맛의거리 → 모서리에커피집,"관광, 전시, 카페",브이스퀘어 건대 | 브이스퀘어 롯데시네마 | V SQUARE 건대입구 | 브이스퀘어 건대 서울 광진구 아차산로 272,https://search.naver.com/search.naver?where=image&query=%EB%B8%8C%EC%9D%B4%EC%8A%A4%ED%80%98%EC%96%B4%20%EA%B1%B4%EB%8C%80,/assets/naver-courses/4f3dbddee72db03d7985d6d9.jpg,검수완료
course-00959,브이스퀘어 → 우주로캣 → 계탄집 코스,브이스퀘어,서울 광진구 아차산로 272,브이스퀘어 → 우주로캣 → 계탄집,"음식점, 전시, 카페",브이스퀘어 건대 | 브이스퀘어 롯데시네마 | V SQUARE 건대입구 | 브이스퀘어 건대 서울 광진구 아차산로 272,https://search.naver.com/search.naver?where=image&query=%EB%B8%8C%EC%9D%B4%EC%8A%A4%ED%80%98%EC%96%B4%20%EA%B1%B4%EB%8C%80,,사진 미완료 · 수동 검색 인계
course-00960,일편등심 강남 → 서울아트나우갤러리 → 카몽 코스,일편등심 강남,서울 강남구 테헤란로1길 20,일편등심 강남 → 서울아트나우갤러리 → 카몽,"음식점, 전시, 카페",일편등심 강남점 | 강남 일편등심 | 일편등심 테헤란로1길 20 | 일편등심 강남점 서울 강남구 테헤란로1길 20,https://search.naver.com/search.naver?where=image&query=%EC%9D%BC%ED%8E%B8%EB%93%B1%EC%8B%AC%20%EA%B0%95%EB%82%A8%EC%A0%90,/assets/naver-courses/74511c4fadd08ded2bbb5f84.jpg,검수완료
course-00961,잠실지하광장 쇼핑센터 → 롯데갤러리아트홀 → 오레노라멘 송파점 코스,잠실지하광장 쇼핑센터,서울 송파구 잠실로 지하 156,잠실지하광장 쇼핑센터 → 롯데갤러리아트홀 → 오레노라멘 송파점,"쇼핑, 음식점, 전시",잠실지하광장 쇼핑센터 | 잠실 지하광장 | 잠실지하광장 상가 | 잠실역 지하광장 | 잠실지하광장 쇼핑센터 서울 송파구 잠실로 지하 156,https://search.naver.com/search.naver?where=image&query=%EC%9E%A0%EC%8B%A4%EC%A7%80%ED%95%98%EA%B4%91%EC%9E%A5%20%EC%87%BC%ED%95%91%EC%84%BC%ED%84%B0,,사진 미완료 · 수동 검색 인계
course-00962,일편등심 강남 → 스머프매직포레스트 → 파운드로컬 코스,일편등심 강남,서울 강남구 테헤란로1길 20,일편등심 강남 → 스머프매직포레스트 → 파운드로컬,"관광, 음식점, 카페",일편등심 강남점 | 강남 일편등심 | 일편등심 테헤란로1길 20 | 일편등심 강남점 서울 강남구 테헤란로1길 20,https://search.naver.com/search.naver?where=image&query=%EC%9D%BC%ED%8E%B8%EB%93%B1%EC%8B%AC%20%EA%B0%95%EB%82%A8%EC%A0%90,,사진 미완료 · 수동 검색 인계
course-00963,신도림이도식당 → 백야 → 문래동창작촌 코스,신도림이도식당,서울 구로구 경인로 661,신도림이도식당 → 백야 → 문래동창작촌,"관광, 음식점, 카페",신도림 이도식당 | 이도식당 신도림 | 이도식당 경인로 661 | 신도림 이도식당 서울 구로구 경인로 661,https://search.naver.com/search.naver?where=image&query=%EC%8B%A0%EB%8F%84%EB%A6%BC%20%EC%9D%B4%EB%8F%84%EC%8B%9D%EB%8B%B9,/assets/naver-courses/8fd04b44697d91252c2bb8e4.jpg,검수완료
course-00964,정동전망대 → 농민백암순대 시청직영점 → 전광수커피하우스 정동점 코스,정동전망대,서울 중구 덕수궁길 15,정동전망대 → 농민백암순대 시청직영점 → 전광수커피하우스 정동점,"관광, 음식점, 카페",정동전망대 | 정동 전망대 | 정동전망대 덕수궁 | 정동전망대 서울 중구 덕수궁길 15,https://search.naver.com/search.naver?where=image&query=%EC%A0%95%EB%8F%99%EC%A0%84%EB%A7%9D%EB%8C%80,,사진 미완료 · 수동 검색 인계
course-00965,일편등심 강남 → 갤러리라보 → 논현가구거리 코스,일편등심 강남,서울 강남구 테헤란로1길 20,일편등심 강남 → 갤러리라보 → 논현가구거리,"관광, 음식점, 전시",일편등심 강남점 | 강남 일편등심 | 일편등심 테헤란로1길 20 | 일편등심 강남점 서울 강남구 테헤란로1길 20,https://search.naver.com/search.naver?where=image&query=%EC%9D%BC%ED%8E%B8%EB%93%B1%EC%8B%AC%20%EA%B0%95%EB%82%A8%EC%A0%90,/assets/naver-courses/e836dd993afea9ae4967c416.jpg,검수완료
course-00966,일편등심 강남 → 무신사 스토어 강남 → 한가람아트갤러리 코스,일편등심 강남,서울 강남구 테헤란로1길 20,일편등심 강남 → 무신사 스토어 강남 → 한가람아트갤러리,"쇼핑, 음식점, 전시",일편등심 강남점 | 강남 일편등심 | 일편등심 테헤란로1길 20 | 일편등심 강남점 서울 강남구 테헤란로1길 20,https://search.naver.com/search.naver?where=image&query=%EC%9D%BC%ED%8E%B8%EB%93%B1%EC%8B%AC%20%EA%B0%95%EB%82%A8%EC%A0%90,,사진 미완료 · 수동 검색 인계
course-00967,문화역서울284 → 남대문칼국수골목 → 가무 코스,문화역서울284,서울 중구 통일로 1,문화역서울284 → 남대문칼국수골목 → 가무,"관광, 전시, 카페",문화역서울284 | 문화역 서울 284 | 문화역서울 284 전시 | 문화역서울284 서울 중구 통일로 1,https://search.naver.com/search.naver?where=image&query=%EB%AC%B8%ED%99%94%EC%97%AD%EC%84%9C%EC%9A%B8284,/assets/naver-courses/f5b6563605ef03c170bccb7e.jpg,검수완료
course-00968,아트팩토리체험공방 → 성수동갈비골목 → 5TO7 코스,아트팩토리체험공방,서울 성동구 왕십리로 241,아트팩토리체험공방 → 성수동갈비골목 → 5TO7,"관광, 체험, 카페",아트팩토리 체험공방 | 아트팩토리 왕십리 | 아트팩토리 왕십리로 241 | 아트팩토리 체험공방 서울 성동구 왕십리로 241,https://search.naver.com/search.naver?where=image&query=%EC%95%84%ED%8A%B8%ED%8C%A9%ED%86%A0%EB%A6%AC%20%EC%B2%B4%ED%97%98%EA%B3%B5%EB%B0%A9,,사진 미완료 · 수동 검색 인계
course-00969,구씨네부엌 → 굽네 플레이타운 → 홍대클럽거리 코스,구씨네부엌,,구씨네부엌 → 굽네 플레이타운 → 홍대클럽거리,"관광, 음식점, 전시","구씨네부엌 | 홍대 구씨네 부엌 | 구씨네부엌 신촌 | 홍대 구씨네부엌 피자 | 구씨네부엌 파스타 | ""구씨네부엌""",https://search.naver.com/search.naver?where=image&query=%EA%B5%AC%EC%94%A8%EB%84%A4%EB%B6%80%EC%97%8C,,사진 미완료 · 수동 검색 인계
course-00970,일편등심 강남 → 캐논갤러리 → 논현가구거리 코스,일편등심 강남,서울 강남구 테헤란로1길 20,일편등심 강남 → 캐논갤러리 → 논현가구거리,"관광, 음식점, 전시",일편등심 강남점 | 강남 일편등심 | 일편등심 테헤란로1길 20 | 일편등심 강남점 서울 강남구 테헤란로1길 20,https://search.naver.com/search.naver?where=image&query=%EC%9D%BC%ED%8E%B8%EB%93%B1%EC%8B%AC%20%EA%B0%95%EB%82%A8%EC%A0%90,/assets/naver-courses/11c65e070cd06655bbbab744.jpg,검수완료
course-00971,브이스퀘어 → 훈춘양꼬치 1호점 → 앤시넌 코스,브이스퀘어,서울 광진구 아차산로 272,브이스퀘어 → 훈춘양꼬치 1호점 → 앤시넌,"음식점, 전시, 카페",브이스퀘어 건대 | 브이스퀘어 롯데시네마 | V SQUARE 건대입구 | 브이스퀘어 건대 서울 광진구 아차산로 272,https://search.naver.com/search.naver?where=image&query=%EB%B8%8C%EC%9D%B4%EC%8A%A4%ED%80%98%EC%96%B4%20%EA%B1%B4%EB%8C%80,,사진 미완료 · 수동 검색 인계
course-00972,잠실지하광장 쇼핑센터 → 커넥트투 → 아키비스트 송파점 코스,잠실지하광장 쇼핑센터,서울 송파구 잠실로 지하 156,잠실지하광장 쇼핑센터 → 커넥트투 → 아키비스트 송파점,"쇼핑, 전시, 카페",잠실지하광장 쇼핑센터 | 잠실 지하광장 | 잠실지하광장 상가 | 잠실역 지하광장 | 잠실지하광장 쇼핑센터 서울 송파구 잠실로 지하 156,https://search.naver.com/search.naver?where=image&query=%EC%9E%A0%EC%8B%A4%EC%A7%80%ED%95%98%EA%B4%91%EC%9E%A5%20%EC%87%BC%ED%95%91%EC%84%BC%ED%84%B0,,사진 미완료 · 수동 검색 인계
course-00973,태양커피 서울사당점 → 현대수산 코스,태양커피 서울사당점,서울 서초구 방배천로 32,태양커피 서울사당점 → 현대수산,"음식점, 카페",태양커피 사당점 | 사당 태양커피 | 태양커피 방배천로 32 | 태양커피 사당점 서울 서초구 방배천로 32,https://search.naver.com/search.naver?where=image&query=%ED%83%9C%EC%96%91%EC%BB%A4%ED%94%BC%20%EC%82%AC%EB%8B%B9%EC%A0%90,/assets/naver-courses/05af630647a2833e12645064.jpg,검수완료
course-00974,잠실지하광장 쇼핑센터 → 롯데월드 어드벤처 → BGN갤러리 롯데타워점 코스,잠실지하광장 쇼핑센터,서울 송파구 잠실로 지하 156,잠실지하광장 쇼핑센터 → 롯데월드 어드벤처 → BGN갤러리 롯데타워점,"관광, 쇼핑, 전시",잠실지하광장 쇼핑센터 | 잠실 지하광장 | 잠실지하광장 상가 | 잠실역 지하광장 | 잠실지하광장 쇼핑센터 서울 송파구 잠실로 지하 156,https://search.naver.com/search.naver?where=image&query=%EC%9E%A0%EC%8B%A4%EC%A7%80%ED%95%98%EA%B4%91%EC%9E%A5%20%EC%87%BC%ED%95%91%EC%84%BC%ED%84%B0,,사진 미완료 · 수동 검색 인계
course-00975,구씨네부엌 → WP → 모모룸 코스,구씨네부엌,,구씨네부엌 → WP → 모모룸,"음식점, 전시, 카페","구씨네부엌 | 홍대 구씨네 부엌 | 구씨네부엌 신촌 | 홍대 구씨네부엌 피자 | 구씨네부엌 파스타 | ""구씨네부엌""",https://search.naver.com/search.naver?where=image&query=%EA%B5%AC%EC%94%A8%EB%84%A4%EB%B6%80%EC%97%8C,,사진 미완료 · 수동 검색 인계
course-00976,구씨네부엌 → 4233 마음센터 연남점 → 서울명예도로 끼리끼리5길 코스,구씨네부엌,,구씨네부엌 → 4233 마음센터 연남점 → 서울명예도로 끼리끼리5길,"관광, 음식점, 전시","구씨네부엌 | 홍대 구씨네 부엌 | 구씨네부엌 신촌 | 홍대 구씨네부엌 피자 | 구씨네부엌 파스타 | ""구씨네부엌""",https://search.naver.com/search.naver?where=image&query=%EA%B5%AC%EC%94%A8%EB%84%A4%EB%B6%80%EC%97%8C,,사진 미완료 · 수동 검색 인계
course-00977,잠실지하광장 쇼핑센터 → 한정선 잠실롯데월드몰점 → 오레노라멘 송파점 코스,잠실지하광장 쇼핑센터,서울 송파구 잠실로 지하 156,잠실지하광장 쇼핑센터 → 한정선 잠실롯데월드몰점 → 오레노라멘 송파점,"쇼핑, 음식점, 카페",잠실지하광장 쇼핑센터 | 잠실 지하광장 | 잠실지하광장 상가 | 잠실역 지하광장 | 잠실지하광장 쇼핑센터 서울 송파구 잠실로 지하 156,https://search.naver.com/search.naver?where=image&query=%EC%9E%A0%EC%8B%A4%EC%A7%80%ED%95%98%EA%B4%91%EC%9E%A5%20%EC%87%BC%ED%95%91%EC%84%BC%ED%84%B0,,사진 미완료 · 수동 검색 인계
course-00978,브이스퀘어 → 스타벅스 건국클래식점 → 뺑드램 코스,브이스퀘어,서울 광진구 아차산로 272,브이스퀘어 → 스타벅스 건국클래식점 → 뺑드램,"음식점, 전시, 카페",브이스퀘어 건대 | 브이스퀘어 롯데시네마 | V SQUARE 건대입구 | 브이스퀘어 건대 서울 광진구 아차산로 272,https://search.naver.com/search.naver?where=image&query=%EB%B8%8C%EC%9D%B4%EC%8A%A4%ED%80%98%EC%96%B4%20%EA%B1%B4%EB%8C%80,,사진 미완료 · 수동 검색 인계
course-00979,정동전망대 → 농민백암순대 시청직영점 → 텐스퀘어 오슬로 회현 코스,정동전망대,서울 중구 덕수궁길 15,정동전망대 → 농민백암순대 시청직영점 → 텐스퀘어 오슬로 회현,"관광, 음식점, 카페",정동전망대 | 정동 전망대 | 정동전망대 덕수궁 | 정동전망대 서울 중구 덕수궁길 15,https://search.naver.com/search.naver?where=image&query=%EC%A0%95%EB%8F%99%EC%A0%84%EB%A7%9D%EB%8C%80,/assets/naver-courses/65f4ecd7b289f595dd581c05.jpg,검수완료
course-00980,일편등심 강남 → 무신사 스토어 강남 → 파운드로컬 코스,일편등심 강남,서울 강남구 테헤란로1길 20,일편등심 강남 → 무신사 스토어 강남 → 파운드로컬,"쇼핑, 음식점, 카페",일편등심 강남점 | 강남 일편등심 | 일편등심 테헤란로1길 20 | 일편등심 강남점 서울 강남구 테헤란로1길 20,https://search.naver.com/search.naver?where=image&query=%EC%9D%BC%ED%8E%B8%EB%93%B1%EC%8B%AC%20%EA%B0%95%EB%82%A8%EC%A0%90,/assets/naver-courses/592697e48efac7220b3276c6.jpg,검수완료
course-00981,일편등심 강남 → 이바인체험샵 → 카몽 코스,일편등심 강남,서울 강남구 테헤란로1길 20,일편등심 강남 → 이바인체험샵 → 카몽,"쇼핑, 음식점, 카페",일편등심 강남점 | 강남 일편등심 | 일편등심 테헤란로1길 20 | 일편등심 강남점 서울 강남구 테헤란로1길 20,https://search.naver.com/search.naver?where=image&query=%EC%9D%BC%ED%8E%B8%EB%93%B1%EC%8B%AC%20%EA%B0%95%EB%82%A8%EC%A0%90,/assets/naver-courses/885c4fd7f7477ba55aed750c.jpg,검수완료
course-00982,잠실지하광장 쇼핑센터 → 오레노라멘 송파점 → 송리단길 코스,잠실지하광장 쇼핑센터,서울 송파구 잠실로 지하 156,잠실지하광장 쇼핑센터 → 오레노라멘 송파점 → 송리단길,"관광, 쇼핑, 음식점",잠실지하광장 쇼핑센터 | 잠실 지하광장 | 잠실지하광장 상가 | 잠실역 지하광장 | 잠실지하광장 쇼핑센터 서울 송파구 잠실로 지하 156,https://search.naver.com/search.naver?where=image&query=%EC%9E%A0%EC%8B%A4%EC%A7%80%ED%95%98%EA%B4%91%EC%9E%A5%20%EC%87%BC%ED%95%91%EC%84%BC%ED%84%B0,,사진 미완료 · 수동 검색 인계
course-00983,커넥트투 → 한정선 잠실롯데월드몰점 → 화반 방이점 코스,커넥트투,서울 송파구 올림픽로 300,커넥트투 → 한정선 잠실롯데월드몰점 → 화반 방이점,"음식점, 전시, 카페",커넥트투 잠실 | 커넥트투 롯데월드몰 | CONNECT TO 잠실 | 커넥트투 잠실 서울 송파구 올림픽로 300,https://search.naver.com/search.naver?where=image&query=%EC%BB%A4%EB%84%A5%ED%8A%B8%ED%88%AC%20%EC%9E%A0%EC%8B%A4,/assets/naver-courses/53e0cabb7b1d7e65e42b7f66.jpg,검수완료
course-00984,문화역서울284 → 베르시 → 남대문칼국수골목 코스,문화역서울284,서울 중구 통일로 1,문화역서울284 → 베르시 → 남대문칼국수골목,"관광, 전시, 카페",문화역서울284 | 문화역 서울 284 | 문화역서울 284 전시 | 문화역서울284 서울 중구 통일로 1,https://search.naver.com/search.naver?where=image&query=%EB%AC%B8%ED%99%94%EC%97%AD%EC%84%9C%EC%9A%B8284,,사진 미완료 · 수동 검색 인계
course-00985,잠실지하광장 쇼핑센터 → 화반 방이점 → 아키비스트 송파점 코스,잠실지하광장 쇼핑센터,서울 송파구 잠실로 지하 156,잠실지하광장 쇼핑센터 → 화반 방이점 → 아키비스트 송파점,"쇼핑, 음식점, 카페",잠실지하광장 쇼핑센터 | 잠실 지하광장 | 잠실지하광장 상가 | 잠실역 지하광장 | 잠실지하광장 쇼핑센터 서울 송파구 잠실로 지하 156,https://search.naver.com/search.naver?where=image&query=%EC%9E%A0%EC%8B%A4%EC%A7%80%ED%95%98%EA%B4%91%EC%9E%A5%20%EC%87%BC%ED%95%91%EC%84%BC%ED%84%B0,,사진 미완료 · 수동 검색 인계
course-00986,건국대학교 일감호 → 스튜디오N갤러리 이리오다 → 롬곡 코스,건국대학교 일감호,서울 광진구 능동로 120,건국대학교 일감호 → 스튜디오N갤러리 이리오다 → 롬곡,"관광, 전시, 카페",건국대학교 일감호 | 건대 일감호 | 일감호 | 건국대학교 일감호 서울 광진구 능동로 120,https://search.naver.com/search.naver?where=image&query=%EA%B1%B4%EA%B5%AD%EB%8C%80%ED%95%99%EA%B5%90%20%EC%9D%BC%EA%B0%90%ED%98%B8,/assets/naver-courses/7ce98f2741b40a54fe3a9e83.jpg,검수완료
course-00987,브이스퀘어 → 육일관 본점 → 모서리에커피집 코스,브이스퀘어,서울 광진구 아차산로 272,브이스퀘어 → 육일관 본점 → 모서리에커피집,"음식점, 전시, 카페",브이스퀘어 건대 | 브이스퀘어 롯데시네마 | V SQUARE 건대입구 | 브이스퀘어 건대 서울 광진구 아차산로 272,https://search.naver.com/search.naver?where=image&query=%EB%B8%8C%EC%9D%B4%EC%8A%A4%ED%80%98%EC%96%B4%20%EA%B1%B4%EB%8C%80,/assets/naver-courses/cabf1d5f9d2dba6b4205fed0.jpg,검수완료
course-00988,커넥트투 → 롯데월드타워&롯데월드몰 → 방이동먹자골목 코스,커넥트투,서울 송파구 올림픽로 300,커넥트투 → 롯데월드타워&롯데월드몰 → 방이동먹자골목,"관광, 쇼핑, 전시",커넥트투 잠실 | 커넥트투 롯데월드몰 | CONNECT TO 잠실 | 커넥트투 잠실 서울 송파구 올림픽로 300,https://search.naver.com/search.naver?where=image&query=%EC%BB%A4%EB%84%A5%ED%8A%B8%ED%88%AC%20%EC%9E%A0%EC%8B%A4,/assets/naver-courses/2c77f3355fa61878dd6c0389.jpg,검수완료
course-00989,잠실지하광장 쇼핑센터 → 아키비스트 송파점 → 오레노라멘 송파점 코스,잠실지하광장 쇼핑센터,서울 송파구 잠실로 지하 156,잠실지하광장 쇼핑센터 → 아키비스트 송파점 → 오레노라멘 송파점,"쇼핑, 음식점, 카페",잠실지하광장 쇼핑센터 | 잠실 지하광장 | 잠실지하광장 상가 | 잠실역 지하광장 | 잠실지하광장 쇼핑센터 서울 송파구 잠실로 지하 156,https://search.naver.com/search.naver?where=image&query=%EC%9E%A0%EC%8B%A4%EC%A7%80%ED%95%98%EA%B4%91%EC%9E%A5%20%EC%87%BC%ED%95%91%EC%84%BC%ED%84%B0,,사진 미완료 · 수동 검색 인계
course-00990,신도림이도식당 → 아도 티하우스 → 문래동창작촌 코스,신도림이도식당,서울 구로구 경인로 661,신도림이도식당 → 아도 티하우스 → 문래동창작촌,"관광, 음식점, 카페",신도림 이도식당 | 이도식당 신도림 | 이도식당 경인로 661 | 신도림 이도식당 서울 구로구 경인로 661,https://search.naver.com/search.naver?where=image&query=%EC%8B%A0%EB%8F%84%EB%A6%BC%20%EC%9D%B4%EB%8F%84%EC%8B%9D%EB%8B%B9,/assets/naver-courses/6ef5775ed8d9761d5d30c3ec.jpg,검수완료
course-00991,동대문디자인플라자 디자인전시관 → 버터스카치 → 효성주얼리시티쇼핑몰 코스,동대문디자인플라자 디자인전시관,서울 중구 을지로 281,동대문디자인플라자 디자인전시관 → 버터스카치 → 효성주얼리시티쇼핑몰,"쇼핑, 전시, 카페",DDP 디자인전시관 | 동대문디자인플라자 디자인전시관 | DDP 뮤지엄 디자인전시관 | DDP 디자인전시관 서울 중구 을지로 281,https://search.naver.com/search.naver?where=image&query=DDP%20%EB%94%94%EC%9E%90%EC%9D%B8%EC%A0%84%EC%8B%9C%EA%B4%80,/assets/naver-courses/f6de7acba0d5cfa582293864.jpg,검수완료
course-00992,잠실지하광장 쇼핑센터 → 송파나루공원 삼전도비 → 화반 방이점 코스,잠실지하광장 쇼핑센터,서울 송파구 잠실로 지하 156,잠실지하광장 쇼핑센터 → 송파나루공원 삼전도비 → 화반 방이점,"관광, 쇼핑, 음식점",잠실지하광장 쇼핑센터 | 잠실 지하광장 | 잠실지하광장 상가 | 잠실역 지하광장 | 잠실지하광장 쇼핑센터 서울 송파구 잠실로 지하 156,https://search.naver.com/search.naver?where=image&query=%EC%9E%A0%EC%8B%A4%EC%A7%80%ED%95%98%EA%B4%91%EC%9E%A5%20%EC%87%BC%ED%95%91%EC%84%BC%ED%84%B0,,사진 미완료 · 수동 검색 인계
course-00993,신도림이도식당 → 더세인트41 → 유니온아트페어 코스,신도림이도식당,서울 구로구 경인로 661,신도림이도식당 → 더세인트41 → 유니온아트페어,"음식점, 전시, 카페",신도림 이도식당 | 이도식당 신도림 | 이도식당 경인로 661 | 신도림 이도식당 서울 구로구 경인로 661,https://search.naver.com/search.naver?where=image&query=%EC%8B%A0%EB%8F%84%EB%A6%BC%20%EC%9D%B4%EB%8F%84%EC%8B%9D%EB%8B%B9,,사진 미완료 · 수동 검색 인계
course-00994,브이스퀘어 → 육일관 본점 → 건국대학교 일감호 코스,브이스퀘어,서울 광진구 아차산로 272,브이스퀘어 → 육일관 본점 → 건국대학교 일감호,"관광, 음식점, 전시",브이스퀘어 건대 | 브이스퀘어 롯데시네마 | V SQUARE 건대입구 | 브이스퀘어 건대 서울 광진구 아차산로 272,https://search.naver.com/search.naver?where=image&query=%EB%B8%8C%EC%9D%B4%EC%8A%A4%ED%80%98%EC%96%B4%20%EA%B1%B4%EB%8C%80,,사진 미완료 · 수동 검색 인계
course-00995,동대문디자인플라자 디자인전시관 → 진옥화할매원조닭한마리 본점 → 효성주얼리시티쇼핑몰 코스,동대문디자인플라자 디자인전시관,서울 중구 을지로 281,동대문디자인플라자 디자인전시관 → 진옥화할매원조닭한마리 본점 → 효성주얼리시티쇼핑몰,"쇼핑, 음식점, 전시",DDP 디자인전시관 | 동대문디자인플라자 디자인전시관 | DDP 뮤지엄 디자인전시관 | DDP 디자인전시관 서울 중구 을지로 281,https://search.naver.com/search.naver?where=image&query=DDP%20%EB%94%94%EC%9E%90%EC%9D%B8%EC%A0%84%EC%8B%9C%EA%B4%80,/assets/naver-courses/7cc1f147266e8ec7be81af88.jpg,검수완료
course-00996,커넥트투 → 롯데월드타워&롯데월드몰 → 스타벅스 석촌호수점 코스,커넥트투,서울 송파구 올림픽로 300,커넥트투 → 롯데월드타워&롯데월드몰 → 스타벅스 석촌호수점,"쇼핑, 전시, 카페",커넥트투 잠실 | 커넥트투 롯데월드몰 | CONNECT TO 잠실 | 커넥트투 잠실 서울 송파구 올림픽로 300,https://search.naver.com/search.naver?where=image&query=%EC%BB%A4%EB%84%A5%ED%8A%B8%ED%88%AC%20%EC%9E%A0%EC%8B%A4,/assets/naver-courses/7f089551bf8e8f1451bdf2e8.jpg,검수완료
course-00997,구씨네부엌 → 테이블에이 → 윤형근의 집 코스,구씨네부엌,,구씨네부엌 → 테이블에이 → 윤형근의 집,"관광, 음식점, 전시","구씨네부엌 | 홍대 구씨네 부엌 | 구씨네부엌 신촌 | 홍대 구씨네부엌 피자 | 구씨네부엌 파스타 | ""구씨네부엌""",https://search.naver.com/search.naver?where=image&query=%EA%B5%AC%EC%94%A8%EB%84%A4%EB%B6%80%EC%97%8C,,사진 미완료 · 수동 검색 인계
course-00998,문화역서울284 → 애성회관 → 덕수궁돌담길 코스,문화역서울284,서울 중구 통일로 1,문화역서울284 → 애성회관 → 덕수궁돌담길,"관광, 음식점, 전시",문화역서울284 | 문화역 서울 284 | 문화역서울 284 전시 | 문화역서울284 서울 중구 통일로 1,https://search.naver.com/search.naver?where=image&query=%EB%AC%B8%ED%99%94%EC%97%AD%EC%84%9C%EC%9A%B8284,,사진 미완료 · 수동 검색 인계
course-00999,문화역서울284 → 쇼핑하는사람들 → 일미집 코스,문화역서울284,서울 중구 통일로 1,문화역서울284 → 쇼핑하는사람들 → 일미집,"쇼핑, 음식점, 전시",문화역서울284 | 문화역 서울 284 | 문화역서울 284 전시 | 문화역서울284 서울 중구 통일로 1,https://search.naver.com/search.naver?where=image&query=%EB%AC%B8%ED%99%94%EC%97%AD%EC%84%9C%EC%9A%B8284,/assets/naver-courses/e0d28aefe65aae42f15438d1.jpg,검수완료
course-moov-demo-20260923010114-001,서울특별시청 하늘광장갤러리 → 스타필드시티 부천 코스,서울특별시청 하늘광장갤러리,서울 중구 세종대로 110,서울특별시청 하늘광장갤러리 → 스타필드시티 부천,"쇼핑, 전시",서울시청 하늘광장 갤러리 | 하늘광장갤러리 | 시청 하늘광장갤러리 전시 | 서울시청 하늘광장 갤러리 서울 중구 세종대로 110,https://search.naver.com/search.naver?where=image&query=%EC%84%9C%EC%9A%B8%EC%8B%9C%EC%B2%AD%20%ED%95%98%EB%8A%98%EA%B4%91%EC%9E%A5%20%EA%B0%A4%EB%9F%AC%EB%A6%AC,/assets/naver-courses/13f6bd42cad0e161c0128e22.jpg,검수완료
course-moov-demo-20260923010114-002,덕수궁 대한문 → 무교동북어국집 → 기형도문학관 코스,덕수궁 대한문,서울 중구 세종대로 99,덕수궁 대한문 → 무교동북어국집 → 기형도문학관,"관광, 음식점, 전시",덕수궁 대한문 | 대한문 | 덕수궁 대한문 전경 | 덕수궁 대한문 서울 중구 세종대로 99,https://search.naver.com/search.naver?where=image&query=%EB%8D%95%EC%88%98%EA%B6%81%20%EB%8C%80%ED%95%9C%EB%AC%B8,/assets/naver-courses/d1e45e1161f001fe51ff3169.jpg,검수완료
course-moov-demo-20260923010114-003,초류향 → 덕수궁돌담길 → 알레그리아 광화문케이스퀘어시티점 → 나무전시장 코스,초류향,서울 중구 다동길 24-10,초류향 → 덕수궁돌담길 → 알레그리아 광화문케이스퀘어시티점 → 나무전시장,"관광, 음식점, 전시, 카페",초류향 다동 | 초류향 을지로 | 초류향 다동길 24-10 | 초류향 다동 서울 중구 다동길 24-10,https://search.naver.com/search.naver?where=image&query=%EC%B4%88%EB%A5%98%ED%96%A5%20%EB%8B%A4%EB%8F%99,/assets/naver-courses/d999d75b0974920b5655585c.jpg,검수완료
